C:\Users\user\Documents\GitHub\find_breed\dog_breed_dataset\affenpinscher\n02110627_10147.jpg,affenpinscher
C:\Users\user\Documents\GitHub\find_breed\dog_breed_dataset\dhole\n02115913_5507.jpg,dhole
C:\Users\user\Documents\GitHub\find_breed\dog_breed_dataset\standard_poodle\n02113799_204.jpg,standard_poodle
C:\Users\user\Documents\GitHub\find_breed\dog_breed_dataset\affenpinscher\n02110627_10447.jpg,affenpinscher
C:\Users\user\Documents\GitHub\find_breed\dog_breed_dataset\affenpinscher\n02110627_10680.jpg,affenpinscher
C:\Users\user\Documents\GitHub\find_breed\dog_breed_dataset\affenpinscher\n02110627_10787.jpg,affenpinscher
C:\Users\user\Documents\GitHub\find_breed\dog_breed_dataset\affenpinscher\n02110627_11211.jpg,affenpinscher
C:\Users\user\Documents\GitHub\find_breed\dog_breed_dataset\affenpinscher\n02110627_11263.jpg,affenpinscher
C:\Users\user\Documents\GitHub\find_breed\dog_breed_dataset\affenpinscher\n02110627_11283.jpg,affenpinscher
C:\Users\user\Documents\GitHub\find_breed\dog_breed_dataset\affenpinscher\n02110627_11345.jpg,affenpinscher
C:\Users\user\Documents\GitHub\find_breed\dog_breed_dataset\affenpinscher\n02110627_11365.jpg,affenpinscher
C:\Users\user\Documents\GitHub\find_breed\dog_breed_dataset\affenpinscher\n02110627_11422.jpg,affenpinscher
C:\Users\user\Documents\GitHub\find_breed\dog_breed_dataset\affenpinscher\n02110627_11584.jpg,affenpinscher
C:\Users\user\Documents\GitHub\find_breed\dog_breed_dataset\affenpinscher\n02110627_11782.jpg,affenpinscher
C:\Users\user\Documents\GitHub\find_breed\dog_breed_dataset\affenpinscher\n02110627_11783.jpg,affenpinscher
C:\Users\user\Documents\GitHub\find_breed\dog_breed_dataset\affenpinscher\n02110627_11811.jpg,affenpinscher
C:\Users\user\Documents\GitHub\find_breed\dog_breed_dataset\affenpinscher\n02110627_11819.jpg,affenpinscher
C:\Users\user\Documents\GitHub\find_breed\dog_breed_dataset\affenpinscher\n02110627_11835.jpg,affenpinscher
C:\Users\user\Documents\GitHub\find_breed\dog_breed_dataset\affenpinscher\n02110627_11875.jpg,affenpinscher
C:\Users\user\Documents\GitHub\find_breed\dog_breed_dataset\affenpinscher\n02110627_12070.jpg,affenpinscher
C:\Users\user\Documents\GitHub\find_breed\dog_breed_dataset\affenpinscher\n02110627_12391.jpg,affenpinscher
C:\Users\user\Documents\GitHub\find_breed\dog_breed_dataset\affenpinscher\n02110627_12512.jpg,affenpinscher
C:\Users\user\Documents\GitHub\find_breed\dog_breed_dataset\affenpinscher\n02110627_12819.jpg,affenpinscher
C:\Users\user\Documents\GitHub\find_breed\dog_breed_dataset\affenpinscher\n02110627_12893.jpg,affenpinscher
C:\Users\user\Documents\GitHub\find_breed\dog_breed_dataset\affenpinscher\n02110627_12913.jpg,affenpinscher
C:\Users\user\Documents\GitHub\find_breed\dog_breed_dataset\affenpinscher\n02110627_12938.jpg,affenpinscher
C:\Users\user\Documents\GitHub\find_breed\dog_breed_dataset\affenpinscher\n02110627_12973.jpg,affenpinscher
C:\Users\user\Documents\GitHub\find_breed\dog_breed_dataset\affenpinscher\n02110627_12997.jpg,affenpinscher
C:\Users\user\Documents\GitHub\find_breed\dog_breed_dataset\affenpinscher\n02110627_13032.jpg,affenpinscher
C:\Users\user\Documents\GitHub\find_breed\dog_breed_dataset\affenpinscher\n02110627_13211.jpg,affenpinscher
C:\Users\user\Documents\GitHub\find_breed\dog_breed_dataset\affenpinscher\n02110627_13420.jpg,affenpinscher
C:\Users\user\Documents\GitHub\find_breed\dog_breed_dataset\affenpinscher\n02110627_13453.jpg,affenpinscher
C:\Users\user\Documents\GitHub\find_breed\dog_breed_dataset\affenpinscher\n02110627_13499.jpg,affenpinscher
C:\Users\user\Documents\GitHub\find_breed\dog_breed_dataset\affenpinscher\n02110627_13553.jpg,affenpinscher
C:\Users\user\Documents\GitHub\find_breed\dog_breed_dataset\affenpinscher\n02110627_13567.jpg,affenpinscher
C:\Users\user\Documents\GitHub\find_breed\dog_breed_dataset\affenpinscher\n02110627_13662.jpg,affenpinscher
C:\Users\user\Documents\GitHub\find_breed\dog_breed_dataset\affenpinscher\n02110627_13710.jpg,affenpinscher
C:\Users\user\Documents\GitHub\find_breed\dog_breed_dataset\affenpinscher\n02110627_13782.jpg,affenpinscher
C:\Users\user\Documents\GitHub\find_breed\dog_breed_dataset\affenpinscher\n02110627_13939.jpg,affenpinscher
C:\Users\user\Documents\GitHub\find_breed\dog_breed_dataset\affenpinscher\n02110627_1559.jpg,affenpinscher
C:\Users\user\Documents\GitHub\find_breed\dog_breed_dataset\affenpinscher\n02110627_1844.jpg,affenpinscher
C:\Users\user\Documents\GitHub\find_breed\dog_breed_dataset\affenpinscher\n02110627_2327.jpg,affenpinscher
C:\Users\user\Documents\GitHub\find_breed\dog_breed_dataset\affenpinscher\n02110627_2894.jpg,affenpinscher
C:\Users\user\Documents\GitHub\find_breed\dog_breed_dataset\affenpinscher\n02110627_2997.jpg,affenpinscher
C:\Users\user\Documents\GitHub\find_breed\dog_breed_dataset\affenpinscher\n02110627_3026.jpg,affenpinscher
C:\Users\user\Documents\GitHub\find_breed\dog_breed_dataset\affenpinscher\n02110627_3144.jpg,affenpinscher
C:\Users\user\Documents\GitHub\find_breed\dog_breed_dataset\affenpinscher\n02110627_3841.jpg,affenpinscher
C:\Users\user\Documents\GitHub\find_breed\dog_breed_dataset\affenpinscher\n02110627_4086.jpg,affenpinscher
C:\Users\user\Documents\GitHub\find_breed\dog_breed_dataset\affenpinscher\n02110627_4130.jpg,affenpinscher
C:\Users\user\Documents\GitHub\find_breed\dog_breed_dataset\affenpinscher\n02110627_4457.jpg,affenpinscher
C:\Users\user\Documents\GitHub\find_breed\dog_breed_dataset\affenpinscher\n02110627_4597.jpg,affenpinscher
C:\Users\user\Documents\GitHub\find_breed\dog_breed_dataset\affenpinscher\n02110627_4607.jpg,affenpinscher
C:\Users\user\Documents\GitHub\find_breed\dog_breed_dataset\affenpinscher\n02110627_475.jpg,affenpinscher
C:\Users\user\Documents\GitHub\find_breed\dog_breed_dataset\affenpinscher\n02110627_5186.jpg,affenpinscher
C:\Users\user\Documents\GitHub\find_breed\dog_breed_dataset\affenpinscher\n02110627_5743.jpg,affenpinscher
C:\Users\user\Documents\GitHub\find_breed\dog_breed_dataset\affenpinscher\n02110627_6069.jpg,affenpinscher
C:\Users\user\Documents\GitHub\find_breed\dog_breed_dataset\affenpinscher\n02110627_641.jpg,affenpinscher
C:\Users\user\Documents\GitHub\find_breed\dog_breed_dataset\affenpinscher\n02110627_6414.jpg,affenpinscher
C:\Users\user\Documents\GitHub\find_breed\dog_breed_dataset\affenpinscher\n02110627_6811.jpg,affenpinscher
C:\Users\user\Documents\GitHub\find_breed\dog_breed_dataset\affenpinscher\n02110627_6842.jpg,affenpinscher
C:\Users\user\Documents\GitHub\find_breed\dog_breed_dataset\affenpinscher\n02110627_6869.jpg,affenpinscher
C:\Users\user\Documents\GitHub\find_breed\dog_breed_dataset\affenpinscher\n02110627_7013.jpg,affenpinscher
C:\Users\user\Documents\GitHub\find_breed\dog_breed_dataset\affenpinscher\n02110627_735.jpg,affenpinscher
C:\Users\user\Documents\GitHub\find_breed\dog_breed_dataset\affenpinscher\n02110627_7404.jpg,affenpinscher
C:\Users\user\Documents\GitHub\find_breed\dog_breed_dataset\affenpinscher\n02110627_7612.jpg,affenpinscher
C:\Users\user\Documents\GitHub\find_breed\dog_breed_dataset\affenpinscher\n02110627_7770.jpg,affenpinscher
C:\Users\user\Documents\GitHub\find_breed\dog_breed_dataset\affenpinscher\n02110627_8033.jpg,affenpinscher
C:\Users\user\Documents\GitHub\find_breed\dog_breed_dataset\affenpinscher\n02110627_8048.jpg,affenpinscher
C:\Users\user\Documents\GitHub\find_breed\dog_breed_dataset\affenpinscher\n02110627_8250.jpg,affenpinscher
C:\Users\user\Documents\GitHub\find_breed\dog_breed_dataset\affenpinscher\n02110627_8621.jpg,affenpinscher
C:\Users\user\Documents\GitHub\find_breed\dog_breed_dataset\affenpinscher\n02110627_8695.jpg,affenpinscher
C:\Users\user\Documents\GitHub\find_breed\dog_breed_dataset\affenpinscher\n02110627_8714.jpg,affenpinscher
C:\Users\user\Documents\GitHub\find_breed\dog_breed_dataset\afghan_hound\n02088094_10822.jpg,afghan_hound
C:\Users\user\Documents\GitHub\find_breed\dog_breed_dataset\afghan_hound\n02088094_10982.jpg,afghan_hound
C:\Users\user\Documents\GitHub\find_breed\dog_breed_dataset\afghan_hound\n02088094_11172.jpg,afghan_hound
C:\Users\user\Documents\GitHub\find_breed\dog_breed_dataset\afghan_hound\n02088094_11584.jpg,afghan_hound
C:\Users\user\Documents\GitHub\find_breed\dog_breed_dataset\afghan_hound\n02088094_11953.jpg,afghan_hound
C:\Users\user\Documents\GitHub\find_breed\dog_breed_dataset\afghan_hound\n02088094_1270.jpg,afghan_hound
C:\Users\user\Documents\GitHub\find_breed\dog_breed_dataset\afghan_hound\n02088094_13270.jpg,afghan_hound
C:\Users\user\Documents\GitHub\find_breed\dog_breed_dataset\afghan_hound\n02088094_1357.jpg,afghan_hound
C:\Users\user\Documents\GitHub\find_breed\dog_breed_dataset\afghan_hound\n02088094_1430.jpg,afghan_hound
C:\Users\user\Documents\GitHub\find_breed\dog_breed_dataset\afghan_hound\n02088094_1829.jpg,afghan_hound
C:\Users\user\Documents\GitHub\find_breed\dog_breed_dataset\afghan_hound\n02088094_1841.jpg,afghan_hound
C:\Users\user\Documents\GitHub\find_breed\dog_breed_dataset\afghan_hound\n02088094_185.jpg,afghan_hound
C:\Users\user\Documents\GitHub\find_breed\dog_breed_dataset\afghan_hound\n02088094_1924.jpg,afghan_hound
C:\Users\user\Documents\GitHub\find_breed\dog_breed_dataset\afghan_hound\n02088094_2131.jpg,afghan_hound
C:\Users\user\Documents\GitHub\find_breed\dog_breed_dataset\afghan_hound\n02088094_227.jpg,afghan_hound
C:\Users\user\Documents\GitHub\find_breed\dog_breed_dataset\afghan_hound\n02088094_26.jpg,afghan_hound
C:\Users\user\Documents\GitHub\find_breed\dog_breed_dataset\afghan_hound\n02088094_272.jpg,afghan_hound
C:\Users\user\Documents\GitHub\find_breed\dog_breed_dataset\afghan_hound\n02088094_2726.jpg,afghan_hound
C:\Users\user\Documents\GitHub\find_breed\dog_breed_dataset\afghan_hound\n02088094_2732.jpg,afghan_hound
C:\Users\user\Documents\GitHub\find_breed\dog_breed_dataset\afghan_hound\n02088094_2803.jpg,afghan_hound
C:\Users\user\Documents\GitHub\find_breed\dog_breed_dataset\afghan_hound\n02088094_2822.jpg,afghan_hound
C:\Users\user\Documents\GitHub\find_breed\dog_breed_dataset\afghan_hound\n02088094_2879.jpg,afghan_hound
C:\Users\user\Documents\GitHub\find_breed\dog_breed_dataset\afghan_hound\n02088094_3057.jpg,afghan_hound
C:\Users\user\Documents\GitHub\find_breed\dog_breed_dataset\afghan_hound\n02088094_3396.jpg,afghan_hound
C:\Users\user\Documents\GitHub\find_breed\dog_breed_dataset\afghan_hound\n02088094_357.jpg,afghan_hound
C:\Users\user\Documents\GitHub\find_breed\dog_breed_dataset\afghan_hound\n02088094_3588.jpg,afghan_hound
C:\Users\user\Documents\GitHub\find_breed\dog_breed_dataset\afghan_hound\n02088094_3629.jpg,afghan_hound
C:\Users\user\Documents\GitHub\find_breed\dog_breed_dataset\afghan_hound\n02088094_3653.jpg,afghan_hound
C:\Users\user\Documents\GitHub\find_breed\dog_breed_dataset\afghan_hound\n02088094_3749.jpg,afghan_hound
C:\Users\user\Documents\GitHub\find_breed\dog_breed_dataset\afghan_hound\n02088094_4049.jpg,afghan_hound
C:\Users\user\Documents\GitHub\find_breed\dog_breed_dataset\afghan_hound\n02088094_4230.jpg,afghan_hound
C:\Users\user\Documents\GitHub\find_breed\dog_breed_dataset\afghan_hound\n02088094_4307.jpg,afghan_hound
C:\Users\user\Documents\GitHub\find_breed\dog_breed_dataset\afghan_hound\n02088094_4314.jpg,afghan_hound
C:\Users\user\Documents\GitHub\find_breed\dog_breed_dataset\afghan_hound\n02088094_4406.jpg,afghan_hound
C:\Users\user\Documents\GitHub\find_breed\dog_breed_dataset\afghan_hound\n02088094_4426.jpg,afghan_hound
C:\Users\user\Documents\GitHub\find_breed\dog_breed_dataset\afghan_hound\n02088094_4598.jpg,afghan_hound
C:\Users\user\Documents\GitHub\find_breed\dog_breed_dataset\afghan_hound\n02088094_4635.jpg,afghan_hound
C:\Users\user\Documents\GitHub\find_breed\dog_breed_dataset\afghan_hound\n02088094_472.jpg,afghan_hound
C:\Users\user\Documents\GitHub\find_breed\dog_breed_dataset\afghan_hound\n02088094_5244.jpg,afghan_hound
C:\Users\user\Documents\GitHub\find_breed\dog_breed_dataset\afghan_hound\n02088094_5265.jpg,afghan_hound
C:\Users\user\Documents\GitHub\find_breed\dog_breed_dataset\afghan_hound\n02088094_5345.jpg,afghan_hound
C:\Users\user\Documents\GitHub\find_breed\dog_breed_dataset\afghan_hound\n02088094_537.jpg,afghan_hound
C:\Users\user\Documents\GitHub\find_breed\dog_breed_dataset\afghan_hound\n02088094_5488.jpg,afghan_hound
C:\Users\user\Documents\GitHub\find_breed\dog_breed_dataset\afghan_hound\n02088094_5517.jpg,afghan_hound
C:\Users\user\Documents\GitHub\find_breed\dog_breed_dataset\afghan_hound\n02088094_5855.jpg,afghan_hound
C:\Users\user\Documents\GitHub\find_breed\dog_breed_dataset\afghan_hound\n02088094_5927.jpg,afghan_hound
C:\Users\user\Documents\GitHub\find_breed\dog_breed_dataset\afghan_hound\n02088094_6035.jpg,afghan_hound
C:\Users\user\Documents\GitHub\find_breed\dog_breed_dataset\afghan_hound\n02088094_6241.jpg,afghan_hound
C:\Users\user\Documents\GitHub\find_breed\dog_breed_dataset\afghan_hound\n02088094_649.jpg,afghan_hound
C:\Users\user\Documents\GitHub\find_breed\dog_breed_dataset\afghan_hound\n02088094_7894.jpg,afghan_hound
C:\Users\user\Documents\GitHub\find_breed\dog_breed_dataset\afghan_hound\n02088094_8764.jpg,afghan_hound
C:\Users\user\Documents\GitHub\find_breed\dog_breed_dataset\afghan_hound\n02088094_9229.jpg,afghan_hound
C:\Users\user\Documents\GitHub\find_breed\dog_breed_dataset\afghan_hound\n02088094_986.jpg,afghan_hound
C:\Users\user\Documents\GitHub\find_breed\dog_breed_dataset\african_hunting_dog\n02116738_10024.jpg,african_hunting_dog
C:\Users\user\Documents\GitHub\find_breed\dog_breed_dataset\african_hunting_dog\n02116738_10038.jpg,african_hunting_dog
C:\Users\user\Documents\GitHub\find_breed\dog_breed_dataset\african_hunting_dog\n02116738_10169.jpg,african_hunting_dog
C:\Users\user\Documents\GitHub\find_breed\dog_breed_dataset\african_hunting_dog\n02116738_10215.jpg,african_hunting_dog
C:\Users\user\Documents\GitHub\find_breed\dog_breed_dataset\african_hunting_dog\n02116738_10469.jpg,african_hunting_dog
C:\Users\user\Documents\GitHub\find_breed\dog_breed_dataset\african_hunting_dog\n02116738_10640.jpg,african_hunting_dog
C:\Users\user\Documents\GitHub\find_breed\dog_breed_dataset\african_hunting_dog\n02116738_10872.jpg,african_hunting_dog
C:\Users\user\Documents\GitHub\find_breed\dog_breed_dataset\african_hunting_dog\n02116738_10895.jpg,african_hunting_dog
C:\Users\user\Documents\GitHub\find_breed\dog_breed_dataset\african_hunting_dog\n02116738_1097.jpg,african_hunting_dog
C:\Users\user\Documents\GitHub\find_breed\dog_breed_dataset\african_hunting_dog\n02116738_1180.jpg,african_hunting_dog
C:\Users\user\Documents\GitHub\find_breed\dog_breed_dataset\african_hunting_dog\n02116738_124.jpg,african_hunting_dog
C:\Users\user\Documents\GitHub\find_breed\dog_breed_dataset\african_hunting_dog\n02116738_1398.jpg,african_hunting_dog
C:\Users\user\Documents\GitHub\find_breed\dog_breed_dataset\african_hunting_dog\n02116738_1591.jpg,african_hunting_dog
C:\Users\user\Documents\GitHub\find_breed\dog_breed_dataset\african_hunting_dog\n02116738_1815.jpg,african_hunting_dog
C:\Users\user\Documents\GitHub\find_breed\dog_breed_dataset\african_hunting_dog\n02116738_1849.jpg,african_hunting_dog
C:\Users\user\Documents\GitHub\find_breed\dog_breed_dataset\african_hunting_dog\n02116738_1948.jpg,african_hunting_dog
C:\Users\user\Documents\GitHub\find_breed\dog_breed_dataset\african_hunting_dog\n02116738_2005.jpg,african_hunting_dog
C:\Users\user\Documents\GitHub\find_breed\dog_breed_dataset\african_hunting_dog\n02116738_2020.jpg,african_hunting_dog
C:\Users\user\Documents\GitHub\find_breed\dog_breed_dataset\african_hunting_dog\n02116738_204.jpg,african_hunting_dog
C:\Users\user\Documents\GitHub\find_breed\dog_breed_dataset\african_hunting_dog\n02116738_2192.jpg,african_hunting_dog
C:\Users\user\Documents\GitHub\find_breed\dog_breed_dataset\african_hunting_dog\n02116738_2327.jpg,african_hunting_dog
C:\Users\user\Documents\GitHub\find_breed\dog_breed_dataset\african_hunting_dog\n02116738_2329.jpg,african_hunting_dog
C:\Users\user\Documents\GitHub\find_breed\dog_breed_dataset\african_hunting_dog\n02116738_233.jpg,african_hunting_dog
C:\Users\user\Documents\GitHub\find_breed\dog_breed_dataset\african_hunting_dog\n02116738_2344.jpg,african_hunting_dog
C:\Users\user\Documents\GitHub\find_breed\dog_breed_dataset\african_hunting_dog\n02116738_2435.jpg,african_hunting_dog
C:\Users\user\Documents\GitHub\find_breed\dog_breed_dataset\african_hunting_dog\n02116738_246.jpg,african_hunting_dog
C:\Users\user\Documents\GitHub\find_breed\dog_breed_dataset\african_hunting_dog\n02116738_2482.jpg,african_hunting_dog
C:\Users\user\Documents\GitHub\find_breed\dog_breed_dataset\african_hunting_dog\n02116738_2557.jpg,african_hunting_dog
C:\Users\user\Documents\GitHub\find_breed\dog_breed_dataset\african_hunting_dog\n02116738_2614.jpg,african_hunting_dog
C:\Users\user\Documents\GitHub\find_breed\dog_breed_dataset\african_hunting_dog\n02116738_2757.jpg,african_hunting_dog
C:\Users\user\Documents\GitHub\find_breed\dog_breed_dataset\african_hunting_dog\n02116738_2802.jpg,african_hunting_dog
C:\Users\user\Documents\GitHub\find_breed\dog_breed_dataset\african_hunting_dog\n02116738_2988.jpg,african_hunting_dog
C:\Users\user\Documents\GitHub\find_breed\dog_breed_dataset\african_hunting_dog\n02116738_308.jpg,african_hunting_dog
C:\Users\user\Documents\GitHub\find_breed\dog_breed_dataset\african_hunting_dog\n02116738_3365.jpg,african_hunting_dog
C:\Users\user\Documents\GitHub\find_breed\dog_breed_dataset\african_hunting_dog\n02116738_3422.jpg,african_hunting_dog
C:\Users\user\Documents\GitHub\find_breed\dog_breed_dataset\african_hunting_dog\n02116738_3589.jpg,african_hunting_dog
C:\Users\user\Documents\GitHub\find_breed\dog_breed_dataset\african_hunting_dog\n02116738_3692.jpg,african_hunting_dog
C:\Users\user\Documents\GitHub\find_breed\dog_breed_dataset\african_hunting_dog\n02116738_385.jpg,african_hunting_dog
C:\Users\user\Documents\GitHub\find_breed\dog_breed_dataset\african_hunting_dog\n02116738_4098.jpg,african_hunting_dog
C:\Users\user\Documents\GitHub\find_breed\dog_breed_dataset\african_hunting_dog\n02116738_4335.jpg,african_hunting_dog
C:\Users\user\Documents\GitHub\find_breed\dog_breed_dataset\african_hunting_dog\n02116738_4382.jpg,african_hunting_dog
C:\Users\user\Documents\GitHub\find_breed\dog_breed_dataset\african_hunting_dog\n02116738_4720.jpg,african_hunting_dog
C:\Users\user\Documents\GitHub\find_breed\dog_breed_dataset\african_hunting_dog\n02116738_4742.jpg,african_hunting_dog
C:\Users\user\Documents\GitHub\find_breed\dog_breed_dataset\african_hunting_dog\n02116738_4834.jpg,african_hunting_dog
C:\Users\user\Documents\GitHub\find_breed\dog_breed_dataset\african_hunting_dog\n02116738_500.jpg,african_hunting_dog
C:\Users\user\Documents\GitHub\find_breed\dog_breed_dataset\african_hunting_dog\n02116738_5068.jpg,african_hunting_dog
C:\Users\user\Documents\GitHub\find_breed\dog_breed_dataset\african_hunting_dog\n02116738_5241.jpg,african_hunting_dog
C:\Users\user\Documents\GitHub\find_breed\dog_breed_dataset\african_hunting_dog\n02116738_5519.jpg,african_hunting_dog
C:\Users\user\Documents\GitHub\find_breed\dog_breed_dataset\african_hunting_dog\n02116738_5697.jpg,african_hunting_dog
C:\Users\user\Documents\GitHub\find_breed\dog_breed_dataset\african_hunting_dog\n02116738_5936.jpg,african_hunting_dog
C:\Users\user\Documents\GitHub\find_breed\dog_breed_dataset\african_hunting_dog\n02116738_5993.jpg,african_hunting_dog
C:\Users\user\Documents\GitHub\find_breed\dog_breed_dataset\african_hunting_dog\n02116738_6038.jpg,african_hunting_dog
C:\Users\user\Documents\GitHub\find_breed\dog_breed_dataset\african_hunting_dog\n02116738_6283.jpg,african_hunting_dog
C:\Users\user\Documents\GitHub\find_breed\dog_breed_dataset\african_hunting_dog\n02116738_6297.jpg,african_hunting_dog
C:\Users\user\Documents\GitHub\find_breed\dog_breed_dataset\african_hunting_dog\n02116738_6330.jpg,african_hunting_dog
C:\Users\user\Documents\GitHub\find_breed\dog_breed_dataset\african_hunting_dog\n02116738_6563.jpg,african_hunting_dog
C:\Users\user\Documents\GitHub\find_breed\dog_breed_dataset\african_hunting_dog\n02116738_6746.jpg,african_hunting_dog
C:\Users\user\Documents\GitHub\find_breed\dog_breed_dataset\african_hunting_dog\n02116738_6748.jpg,african_hunting_dog
C:\Users\user\Documents\GitHub\find_breed\dog_breed_dataset\african_hunting_dog\n02116738_678.jpg,african_hunting_dog
C:\Users\user\Documents\GitHub\find_breed\dog_breed_dataset\african_hunting_dog\n02116738_7026.jpg,african_hunting_dog
C:\Users\user\Documents\GitHub\find_breed\dog_breed_dataset\african_hunting_dog\n02116738_7060.jpg,african_hunting_dog
C:\Users\user\Documents\GitHub\find_breed\dog_breed_dataset\african_hunting_dog\n02116738_7105.jpg,african_hunting_dog
C:\Users\user\Documents\GitHub\find_breed\dog_breed_dataset\african_hunting_dog\n02116738_7122.jpg,african_hunting_dog
C:\Users\user\Documents\GitHub\find_breed\dog_breed_dataset\african_hunting_dog\n02116738_7340.jpg,african_hunting_dog
C:\Users\user\Documents\GitHub\find_breed\dog_breed_dataset\african_hunting_dog\n02116738_7506.jpg,african_hunting_dog
C:\Users\user\Documents\GitHub\find_breed\dog_breed_dataset\african_hunting_dog\n02116738_7537.jpg,african_hunting_dog
C:\Users\user\Documents\GitHub\find_breed\dog_breed_dataset\african_hunting_dog\n02116738_7590.jpg,african_hunting_dog
C:\Users\user\Documents\GitHub\find_breed\dog_breed_dataset\african_hunting_dog\n02116738_7753.jpg,african_hunting_dog
C:\Users\user\Documents\GitHub\find_breed\dog_breed_dataset\african_hunting_dog\n02116738_8095.jpg,african_hunting_dog
C:\Users\user\Documents\GitHub\find_breed\dog_breed_dataset\african_hunting_dog\n02116738_8226.jpg,african_hunting_dog
C:\Users\user\Documents\GitHub\find_breed\dog_breed_dataset\african_hunting_dog\n02116738_8403.jpg,african_hunting_dog
C:\Users\user\Documents\GitHub\find_breed\dog_breed_dataset\african_hunting_dog\n02116738_8512.jpg,african_hunting_dog
C:\Users\user\Documents\GitHub\find_breed\dog_breed_dataset\african_hunting_dog\n02116738_8579.jpg,african_hunting_dog
C:\Users\user\Documents\GitHub\find_breed\dog_breed_dataset\african_hunting_dog\n02116738_8669.jpg,african_hunting_dog
C:\Users\user\Documents\GitHub\find_breed\dog_breed_dataset\african_hunting_dog\n02116738_8696.jpg,african_hunting_dog
C:\Users\user\Documents\GitHub\find_breed\dog_breed_dataset\african_hunting_dog\n02116738_8734.jpg,african_hunting_dog
C:\Users\user\Documents\GitHub\find_breed\dog_breed_dataset\african_hunting_dog\n02116738_8738.jpg,african_hunting_dog
C:\Users\user\Documents\GitHub\find_breed\dog_breed_dataset\african_hunting_dog\n02116738_9164.jpg,african_hunting_dog
C:\Users\user\Documents\GitHub\find_breed\dog_breed_dataset\african_hunting_dog\n02116738_9333.jpg,african_hunting_dog
C:\Users\user\Documents\GitHub\find_breed\dog_breed_dataset\african_hunting_dog\n02116738_9748.jpg,african_hunting_dog
C:\Users\user\Documents\GitHub\find_breed\dog_breed_dataset\african_hunting_dog\n02116738_9924.jpg,african_hunting_dog
C:\Users\user\Documents\GitHub\find_breed\dog_breed_dataset\airedale\n02096051_1017.jpg,airedale
C:\Users\user\Documents\GitHub\find_breed\dog_breed_dataset\airedale\n02096051_1121.jpg,airedale
C:\Users\user\Documents\GitHub\find_breed\dog_breed_dataset\airedale\n02096051_119.jpg,airedale
C:\Users\user\Documents\GitHub\find_breed\dog_breed_dataset\airedale\n02096051_1206.jpg,airedale
C:\Users\user\Documents\GitHub\find_breed\dog_breed_dataset\airedale\n02096051_1244.jpg,airedale
C:\Users\user\Documents\GitHub\find_breed\dog_breed_dataset\airedale\n02096051_1669.jpg,airedale
C:\Users\user\Documents\GitHub\find_breed\dog_breed_dataset\airedale\n02096051_1736.jpg,airedale
C:\Users\user\Documents\GitHub\find_breed\dog_breed_dataset\airedale\n02096051_1861.jpg,airedale
C:\Users\user\Documents\GitHub\find_breed\dog_breed_dataset\airedale\n02096051_2265.jpg,airedale
C:\Users\user\Documents\GitHub\find_breed\dog_breed_dataset\airedale\n02096051_2473.jpg,airedale
C:\Users\user\Documents\GitHub\find_breed\dog_breed_dataset\airedale\n02096051_2550.jpg,airedale
C:\Users\user\Documents\GitHub\find_breed\dog_breed_dataset\airedale\n02096051_2633.jpg,airedale
C:\Users\user\Documents\GitHub\find_breed\dog_breed_dataset\airedale\n02096051_2903.jpg,airedale
C:\Users\user\Documents\GitHub\find_breed\dog_breed_dataset\airedale\n02096051_3045.jpg,airedale
C:\Users\user\Documents\GitHub\find_breed\dog_breed_dataset\airedale\n02096051_319.jpg,airedale
C:\Users\user\Documents\GitHub\find_breed\dog_breed_dataset\airedale\n02096051_3287.jpg,airedale
C:\Users\user\Documents\GitHub\find_breed\dog_breed_dataset\airedale\n02096051_3500.jpg,airedale
C:\Users\user\Documents\GitHub\find_breed\dog_breed_dataset\airedale\n02096051_3823.jpg,airedale
C:\Users\user\Documents\GitHub\find_breed\dog_breed_dataset\airedale\n02096051_424.jpg,airedale
C:\Users\user\Documents\GitHub\find_breed\dog_breed_dataset\airedale\n02096051_4322.jpg,airedale
C:\Users\user\Documents\GitHub\find_breed\dog_breed_dataset\airedale\n02096051_4516.jpg,airedale
C:\Users\user\Documents\GitHub\find_breed\dog_breed_dataset\airedale\n02096051_4860.jpg,airedale
C:\Users\user\Documents\GitHub\find_breed\dog_breed_dataset\airedale\n02096051_4868.jpg,airedale
C:\Users\user\Documents\GitHub\find_breed\dog_breed_dataset\airedale\n02096051_4902.jpg,airedale
C:\Users\user\Documents\GitHub\find_breed\dog_breed_dataset\airedale\n02096051_4991.jpg,airedale
C:\Users\user\Documents\GitHub\find_breed\dog_breed_dataset\airedale\n02096051_5048.jpg,airedale
C:\Users\user\Documents\GitHub\find_breed\dog_breed_dataset\airedale\n02096051_5712.jpg,airedale
C:\Users\user\Documents\GitHub\find_breed\dog_breed_dataset\airedale\n02096051_5945.jpg,airedale
C:\Users\user\Documents\GitHub\find_breed\dog_breed_dataset\airedale\n02096051_5952.jpg,airedale
C:\Users\user\Documents\GitHub\find_breed\dog_breed_dataset\airedale\n02096051_6300.jpg,airedale
C:\Users\user\Documents\GitHub\find_breed\dog_breed_dataset\airedale\n02096051_6332.jpg,airedale
C:\Users\user\Documents\GitHub\find_breed\dog_breed_dataset\airedale\n02096051_6536.jpg,airedale
C:\Users\user\Documents\GitHub\find_breed\dog_breed_dataset\airedale\n02096051_6570.jpg,airedale
C:\Users\user\Documents\GitHub\find_breed\dog_breed_dataset\airedale\n02096051_6747.jpg,airedale
C:\Users\user\Documents\GitHub\find_breed\dog_breed_dataset\airedale\n02096051_6799.jpg,airedale
C:\Users\user\Documents\GitHub\find_breed\dog_breed_dataset\airedale\n02096051_6812.jpg,airedale
C:\Users\user\Documents\GitHub\find_breed\dog_breed_dataset\airedale\n02096051_7140.jpg,airedale
C:\Users\user\Documents\GitHub\find_breed\dog_breed_dataset\airedale\n02096051_8019.jpg,airedale
C:\Users\user\Documents\GitHub\find_breed\dog_breed_dataset\airedale\n02096051_812.jpg,airedale
C:\Users\user\Documents\GitHub\find_breed\dog_breed_dataset\airedale\n02096051_8132.jpg,airedale
C:\Users\user\Documents\GitHub\find_breed\dog_breed_dataset\airedale\n02096051_8392.jpg,airedale
C:\Users\user\Documents\GitHub\find_breed\dog_breed_dataset\airedale\n02096051_8431.jpg,airedale
C:\Users\user\Documents\GitHub\find_breed\dog_breed_dataset\airedale\n02096051_8613.jpg,airedale
C:\Users\user\Documents\GitHub\find_breed\dog_breed_dataset\airedale\n02096051_8880.jpg,airedale
C:\Users\user\Documents\GitHub\find_breed\dog_breed_dataset\airedale\n02096051_8937.jpg,airedale
C:\Users\user\Documents\GitHub\find_breed\dog_breed_dataset\airedale\n02096051_8989.jpg,airedale
C:\Users\user\Documents\GitHub\find_breed\dog_breed_dataset\airedale\n02096051_9135.jpg,airedale
C:\Users\user\Documents\GitHub\find_breed\dog_breed_dataset\airedale\n02096051_93.jpg,airedale
C:\Users\user\Documents\GitHub\find_breed\dog_breed_dataset\american_bulldog\oxford_american_bulldog_153.jpg,american_bulldog
C:\Users\user\Documents\GitHub\find_breed\dog_breed_dataset\american_bulldog\oxford_american_bulldog_173.jpg,american_bulldog
C:\Users\user\Documents\GitHub\find_breed\dog_breed_dataset\american_bulldog\oxford_american_bulldog_202.jpg,american_bulldog
C:\Users\user\Documents\GitHub\find_breed\dog_breed_dataset\american_bulldog\oxford_american_bulldog_218.jpg,american_bulldog
C:\Users\user\Documents\GitHub\find_breed\dog_breed_dataset\american_bulldog\oxford_american_bulldog_22.jpg,american_bulldog
C:\Users\user\Documents\GitHub\find_breed\dog_breed_dataset\american_bulldog\oxford_american_bulldog_69.jpg,american_bulldog
C:\Users\user\Documents\GitHub\find_breed\dog_breed_dataset\american_bulldog\oxford_american_bulldog_75.jpg,american_bulldog
C:\Users\user\Documents\GitHub\find_breed\dog_breed_dataset\american_bulldog\oxford_american_bulldog_8.jpg,american_bulldog
C:\Users\user\Documents\GitHub\find_breed\dog_breed_dataset\american_bulldog\oxford_american_bulldog_9.jpg,american_bulldog
C:\Users\user\Documents\GitHub\find_breed\dog_breed_dataset\american_pit_bull_terrier\oxford_american_pit_bull_terrier_142.jpg,american_pit_bull_terrier
C:\Users\user\Documents\GitHub\find_breed\dog_breed_dataset\american_pit_bull_terrier\oxford_american_pit_bull_terrier_152.jpg,american_pit_bull_terrier
C:\Users\user\Documents\GitHub\find_breed\dog_breed_dataset\american_pit_bull_terrier\oxford_american_pit_bull_terrier_159.jpg,american_pit_bull_terrier
C:\Users\user\Documents\GitHub\find_breed\dog_breed_dataset\american_pit_bull_terrier\oxford_american_pit_bull_terrier_163.jpg,american_pit_bull_terrier
C:\Users\user\Documents\GitHub\find_breed\dog_breed_dataset\american_pit_bull_terrier\oxford_american_pit_bull_terrier_167.jpg,american_pit_bull_terrier
C:\Users\user\Documents\GitHub\find_breed\dog_breed_dataset\american_pit_bull_terrier\oxford_american_pit_bull_terrier_181.jpg,american_pit_bull_terrier
C:\Users\user\Documents\GitHub\find_breed\dog_breed_dataset\american_pit_bull_terrier\oxford_american_pit_bull_terrier_191.jpg,american_pit_bull_terrier
C:\Users\user\Documents\GitHub\find_breed\dog_breed_dataset\american_pit_bull_terrier\oxford_american_pit_bull_terrier_195.jpg,american_pit_bull_terrier
C:\Users\user\Documents\GitHub\find_breed\dog_breed_dataset\american_pit_bull_terrier\oxford_american_pit_bull_terrier_27.jpg,american_pit_bull_terrier
C:\Users\user\Documents\GitHub\find_breed\dog_breed_dataset\american_pit_bull_terrier\oxford_american_pit_bull_terrier_41.jpg,american_pit_bull_terrier
C:\Users\user\Documents\GitHub\find_breed\dog_breed_dataset\american_pit_bull_terrier\oxford_american_pit_bull_terrier_52.jpg,american_pit_bull_terrier
C:\Users\user\Documents\GitHub\find_breed\dog_breed_dataset\american_staffordshire_terrier\n02093428_11916.jpg,american_staffordshire_terrier
C:\Users\user\Documents\GitHub\find_breed\dog_breed_dataset\american_staffordshire_terrier\n02093428_1291.jpg,american_staffordshire_terrier
C:\Users\user\Documents\GitHub\find_breed\dog_breed_dataset\american_staffordshire_terrier\n02093428_1378.jpg,american_staffordshire_terrier
C:\Users\user\Documents\GitHub\find_breed\dog_breed_dataset\american_staffordshire_terrier\n02093428_14471.jpg,american_staffordshire_terrier
C:\Users\user\Documents\GitHub\find_breed\dog_breed_dataset\american_staffordshire_terrier\n02093428_16386.jpg,american_staffordshire_terrier
C:\Users\user\Documents\GitHub\find_breed\dog_breed_dataset\american_staffordshire_terrier\n02093428_16660.jpg,american_staffordshire_terrier
C:\Users\user\Documents\GitHub\find_breed\dog_breed_dataset\american_staffordshire_terrier\n02093428_1668.jpg,american_staffordshire_terrier
C:\Users\user\Documents\GitHub\find_breed\dog_breed_dataset\american_staffordshire_terrier\n02093428_19443.jpg,american_staffordshire_terrier
C:\Users\user\Documents\GitHub\find_breed\dog_breed_dataset\american_staffordshire_terrier\n02093428_2049.jpg,american_staffordshire_terrier
C:\Users\user\Documents\GitHub\find_breed\dog_breed_dataset\american_staffordshire_terrier\n02093428_3355.jpg,american_staffordshire_terrier
C:\Users\user\Documents\GitHub\find_breed\dog_breed_dataset\american_staffordshire_terrier\n02093428_3800.jpg,american_staffordshire_terrier
C:\Users\user\Documents\GitHub\find_breed\dog_breed_dataset\american_staffordshire_terrier\n02093428_4939.jpg,american_staffordshire_terrier
C:\Users\user\Documents\GitHub\find_breed\dog_breed_dataset\american_staffordshire_terrier\n02093428_5326.jpg,american_staffordshire_terrier
C:\Users\user\Documents\GitHub\find_breed\dog_breed_dataset\american_staffordshire_terrier\n02093428_5331.jpg,american_staffordshire_terrier
C:\Users\user\Documents\GitHub\find_breed\dog_breed_dataset\american_staffordshire_terrier\n02093428_5617.jpg,american_staffordshire_terrier
C:\Users\user\Documents\GitHub\find_breed\dog_breed_dataset\american_staffordshire_terrier\n02093428_8744.jpg,american_staffordshire_terrier
C:\Users\user\Documents\GitHub\find_breed\dog_breed_dataset\appenzeller\n02107908_1235.jpg,appenzeller
C:\Users\user\Documents\GitHub\find_breed\dog_breed_dataset\appenzeller\n02107908_2227.jpg,appenzeller
C:\Users\user\Documents\GitHub\find_breed\dog_breed_dataset\appenzeller\n02107908_2608.jpg,appenzeller
C:\Users\user\Documents\GitHub\find_breed\dog_breed_dataset\appenzeller\n02107908_3720.jpg,appenzeller
C:\Users\user\Documents\GitHub\find_breed\dog_breed_dataset\appenzeller\n02107908_7205.jpg,appenzeller
C:\Users\user\Documents\GitHub\find_breed\dog_breed_dataset\appenzeller\n02107908_7553.jpg,appenzeller
C:\Users\user\Documents\GitHub\find_breed\dog_breed_dataset\appenzeller\n02107908_7700.jpg,appenzeller
C:\Users\user\Documents\GitHub\find_breed\dog_breed_dataset\appenzeller\n02107908_94.jpg,appenzeller
C:\Users\user\Documents\GitHub\find_breed\dog_breed_dataset\australian_shepherd\tsinghua_n128895.jpg,australian_shepherd
C:\Users\user\Documents\GitHub\find_breed\dog_breed_dataset\australian_shepherd\tsinghua_n128899.jpg,australian_shepherd
C:\Users\user\Documents\GitHub\find_breed\dog_breed_dataset\australian_shepherd\tsinghua_n128919.jpg,australian_shepherd
C:\Users\user\Documents\GitHub\find_breed\dog_breed_dataset\australian_shepherd\tsinghua_n128924.jpg,australian_shepherd
C:\Users\user\Documents\GitHub\find_breed\dog_breed_dataset\australian_shepherd\tsinghua_n128939.jpg,australian_shepherd
C:\Users\user\Documents\GitHub\find_breed\dog_breed_dataset\australian_shepherd\tsinghua_n128961.jpg,australian_shepherd
C:\Users\user\Documents\GitHub\find_breed\dog_breed_dataset\australian_shepherd\tsinghua_n129012.jpg,australian_shepherd
C:\Users\user\Documents\GitHub\find_breed\dog_breed_dataset\australian_shepherd\tsinghua_n129019.jpg,australian_shepherd
C:\Users\user\Documents\GitHub\find_breed\dog_breed_dataset\australian_shepherd\tsinghua_n129047.jpg,australian_shepherd
C:\Users\user\Documents\GitHub\find_breed\dog_breed_dataset\australian_terrier\n02096294_1121.jpg,australian_terrier
C:\Users\user\Documents\GitHub\find_breed\dog_breed_dataset\australian_terrier\n02096294_1147.jpg,australian_terrier
C:\Users\user\Documents\GitHub\find_breed\dog_breed_dataset\australian_terrier\n02096294_1231.jpg,australian_terrier
C:\Users\user\Documents\GitHub\find_breed\dog_breed_dataset\australian_terrier\n02096294_1243.jpg,australian_terrier
C:\Users\user\Documents\GitHub\find_breed\dog_breed_dataset\australian_terrier\n02096294_1470.jpg,australian_terrier
C:\Users\user\Documents\GitHub\find_breed\dog_breed_dataset\australian_terrier\n02096294_1536.jpg,australian_terrier
C:\Users\user\Documents\GitHub\find_breed\dog_breed_dataset\australian_terrier\n02096294_160.jpg,australian_terrier
C:\Users\user\Documents\GitHub\find_breed\dog_breed_dataset\australian_terrier\n02096294_167.jpg,australian_terrier
C:\Users\user\Documents\GitHub\find_breed\dog_breed_dataset\australian_terrier\n02096294_1803.jpg,australian_terrier
C:\Users\user\Documents\GitHub\find_breed\dog_breed_dataset\australian_terrier\n02096294_2175.jpg,australian_terrier
C:\Users\user\Documents\GitHub\find_breed\dog_breed_dataset\australian_terrier\n02096294_2378.jpg,australian_terrier
C:\Users\user\Documents\GitHub\find_breed\dog_breed_dataset\australian_terrier\n02096294_2672.jpg,australian_terrier
C:\Users\user\Documents\GitHub\find_breed\dog_breed_dataset\australian_terrier\n02096294_285.jpg,australian_terrier
C:\Users\user\Documents\GitHub\find_breed\dog_breed_dataset\australian_terrier\n02096294_3413.jpg,australian_terrier
C:\Users\user\Documents\GitHub\find_breed\dog_breed_dataset\australian_terrier\n02096294_3533.jpg,australian_terrier
C:\Users\user\Documents\GitHub\find_breed\dog_breed_dataset\australian_terrier\n02096294_3632.jpg,australian_terrier
C:\Users\user\Documents\GitHub\find_breed\dog_breed_dataset\australian_terrier\n02096294_38.jpg,australian_terrier
C:\Users\user\Documents\GitHub\find_breed\dog_breed_dataset\australian_terrier\n02096294_3866.jpg,australian_terrier
C:\Users\user\Documents\GitHub\find_breed\dog_breed_dataset\australian_terrier\n02096294_3899.jpg,australian_terrier
C:\Users\user\Documents\GitHub\find_breed\dog_breed_dataset\australian_terrier\n02096294_412.jpg,australian_terrier
C:\Users\user\Documents\GitHub\find_breed\dog_breed_dataset\australian_terrier\n02096294_4295.jpg,australian_terrier
C:\Users\user\Documents\GitHub\find_breed\dog_breed_dataset\australian_terrier\n02096294_6689.jpg,australian_terrier
C:\Users\user\Documents\GitHub\find_breed\dog_breed_dataset\australian_terrier\n02096294_67.jpg,australian_terrier
C:\Users\user\Documents\GitHub\find_breed\dog_breed_dataset\australian_terrier\n02096294_7161.jpg,australian_terrier
C:\Users\user\Documents\GitHub\find_breed\dog_breed_dataset\australian_terrier\n02096294_720.jpg,australian_terrier
C:\Users\user\Documents\GitHub\find_breed\dog_breed_dataset\australian_terrier\n02096294_73.jpg,australian_terrier
C:\Users\user\Documents\GitHub\find_breed\dog_breed_dataset\australian_terrier\n02096294_7703.jpg,australian_terrier
C:\Users\user\Documents\GitHub\find_breed\dog_breed_dataset\australian_terrier\n02096294_836.jpg,australian_terrier
C:\Users\user\Documents\GitHub\find_breed\dog_breed_dataset\basenji\n02110806_1019.jpg,basenji
C:\Users\user\Documents\GitHub\find_breed\dog_breed_dataset\basenji\n02110806_111.jpg,basenji
C:\Users\user\Documents\GitHub\find_breed\dog_breed_dataset\basenji\n02110806_1404.jpg,basenji
C:\Users\user\Documents\GitHub\find_breed\dog_breed_dataset\basenji\n02110806_1485.jpg,basenji
C:\Users\user\Documents\GitHub\find_breed\dog_breed_dataset\basenji\n02110806_1525.jpg,basenji
C:\Users\user\Documents\GitHub\find_breed\dog_breed_dataset\basenji\n02110806_1577.jpg,basenji
C:\Users\user\Documents\GitHub\find_breed\dog_breed_dataset\basenji\n02110806_1637.jpg,basenji
C:\Users\user\Documents\GitHub\find_breed\dog_breed_dataset\basenji\n02110806_2249.jpg,basenji
C:\Users\user\Documents\GitHub\find_breed\dog_breed_dataset\basenji\n02110806_2926.jpg,basenji
C:\Users\user\Documents\GitHub\find_breed\dog_breed_dataset\basenji\n02110806_3008.jpg,basenji
C:\Users\user\Documents\GitHub\find_breed\dog_breed_dataset\basenji\n02110806_3513.jpg,basenji
C:\Users\user\Documents\GitHub\find_breed\dog_breed_dataset\basenji\n02110806_3883.jpg,basenji
C:\Users\user\Documents\GitHub\find_breed\dog_breed_dataset\basenji\n02110806_3970.jpg,basenji
C:\Users\user\Documents\GitHub\find_breed\dog_breed_dataset\basenji\n02110806_4024.jpg,basenji
C:\Users\user\Documents\GitHub\find_breed\dog_breed_dataset\basenji\n02110806_4198.jpg,basenji
C:\Users\user\Documents\GitHub\find_breed\dog_breed_dataset\basenji\n02110806_4242.jpg,basenji
C:\Users\user\Documents\GitHub\find_breed\dog_breed_dataset\basenji\n02110806_5381.jpg,basenji
C:\Users\user\Documents\GitHub\find_breed\dog_breed_dataset\basenji\n02110806_6035.jpg,basenji
C:\Users\user\Documents\GitHub\find_breed\dog_breed_dataset\basenji\n02110806_6066.jpg,basenji
C:\Users\user\Documents\GitHub\find_breed\dog_breed_dataset\basenji\n02110806_6080.jpg,basenji
C:\Users\user\Documents\GitHub\find_breed\dog_breed_dataset\basenji\n02110806_761.jpg,basenji
C:\Users\user\Documents\GitHub\find_breed\dog_breed_dataset\basenji\n02110806_762.jpg,basenji
C:\Users\user\Documents\GitHub\find_breed\dog_breed_dataset\basset\n02088238_1944.jpg,basset
C:\Users\user\Documents\GitHub\find_breed\dog_breed_dataset\basset\n02088238_2822.jpg,basset
C:\Users\user\Documents\GitHub\find_breed\dog_breed_dataset\basset\n02088238_305.jpg,basset
C:\Users\user\Documents\GitHub\find_breed\dog_breed_dataset\basset\n02088238_657.jpg,basset
C:\Users\user\Documents\GitHub\find_breed\dog_breed_dataset\basset\n02088238_6988.jpg,basset
C:\Users\user\Documents\GitHub\find_breed\dog_breed_dataset\basset\n02088238_9900.jpg,basset
C:\Users\user\Documents\GitHub\find_breed\dog_breed_dataset\beagle\n02088364_10354.jpg,beagle
C:\Users\user\Documents\GitHub\find_breed\dog_breed_dataset\beagle\n02088364_10947.jpg,beagle
C:\Users\user\Documents\GitHub\find_breed\dog_breed_dataset\beagle\n02088364_5427.jpg,beagle
C:\Users\user\Documents\GitHub\find_breed\dog_breed_dataset\beagle\n02088364_5716.jpg,beagle
C:\Users\user\Documents\GitHub\find_breed\dog_breed_dataset\beagle\n02088364_9520.jpg,beagle
C:\Users\user\Documents\GitHub\find_breed\dog_breed_dataset\bedlington_terrier\n02093647_1022.jpg,bedlington_terrier
C:\Users\user\Documents\GitHub\find_breed\dog_breed_dataset\bedlington_terrier\n02093647_1037.jpg,bedlington_terrier
C:\Users\user\Documents\GitHub\find_breed\dog_breed_dataset\bedlington_terrier\n02093647_1060.jpg,bedlington_terrier
C:\Users\user\Documents\GitHub\find_breed\dog_breed_dataset\bedlington_terrier\n02093647_1071.jpg,bedlington_terrier
C:\Users\user\Documents\GitHub\find_breed\dog_breed_dataset\bedlington_terrier\n02093647_1081.jpg,bedlington_terrier
C:\Users\user\Documents\GitHub\find_breed\dog_breed_dataset\bedlington_terrier\n02093647_1101.jpg,bedlington_terrier
C:\Users\user\Documents\GitHub\find_breed\dog_breed_dataset\bedlington_terrier\n02093647_1156.jpg,bedlington_terrier
C:\Users\user\Documents\GitHub\find_breed\dog_breed_dataset\bedlington_terrier\n02093647_1161.jpg,bedlington_terrier
C:\Users\user\Documents\GitHub\find_breed\dog_breed_dataset\bedlington_terrier\n02093647_1174.jpg,bedlington_terrier
C:\Users\user\Documents\GitHub\find_breed\dog_breed_dataset\bedlington_terrier\n02093647_120.jpg,bedlington_terrier
C:\Users\user\Documents\GitHub\find_breed\dog_breed_dataset\bedlington_terrier\n02093647_1226.jpg,bedlington_terrier
C:\Users\user\Documents\GitHub\find_breed\dog_breed_dataset\bedlington_terrier\n02093647_1228.jpg,bedlington_terrier
C:\Users\user\Documents\GitHub\find_breed\dog_breed_dataset\bedlington_terrier\n02093647_1235.jpg,bedlington_terrier
C:\Users\user\Documents\GitHub\find_breed\dog_breed_dataset\bedlington_terrier\n02093647_1238.jpg,bedlington_terrier
C:\Users\user\Documents\GitHub\find_breed\dog_breed_dataset\bedlington_terrier\n02093647_1249.jpg,bedlington_terrier
C:\Users\user\Documents\GitHub\find_breed\dog_breed_dataset\bedlington_terrier\n02093647_126.jpg,bedlington_terrier
C:\Users\user\Documents\GitHub\find_breed\dog_breed_dataset\bedlington_terrier\n02093647_1380.jpg,bedlington_terrier
C:\Users\user\Documents\GitHub\find_breed\dog_breed_dataset\bedlington_terrier\n02093647_1393.jpg,bedlington_terrier
C:\Users\user\Documents\GitHub\find_breed\dog_breed_dataset\bedlington_terrier\n02093647_1412.jpg,bedlington_terrier
C:\Users\user\Documents\GitHub\find_breed\dog_breed_dataset\bedlington_terrier\n02093647_1428.jpg,bedlington_terrier
C:\Users\user\Documents\GitHub\find_breed\dog_breed_dataset\bedlington_terrier\n02093647_1556.jpg,bedlington_terrier
C:\Users\user\Documents\GitHub\find_breed\dog_breed_dataset\bedlington_terrier\n02093647_1558.jpg,bedlington_terrier
C:\Users\user\Documents\GitHub\find_breed\dog_breed_dataset\bedlington_terrier\n02093647_160.jpg,bedlington_terrier
C:\Users\user\Documents\GitHub\find_breed\dog_breed_dataset\bedlington_terrier\n02093647_1659.jpg,bedlington_terrier
C:\Users\user\Documents\GitHub\find_breed\dog_breed_dataset\bedlington_terrier\n02093647_1759.jpg,bedlington_terrier
C:\Users\user\Documents\GitHub\find_breed\dog_breed_dataset\bedlington_terrier\n02093647_1791.jpg,bedlington_terrier
C:\Users\user\Documents\GitHub\find_breed\dog_breed_dataset\bedlington_terrier\n02093647_1818.jpg,bedlington_terrier
C:\Users\user\Documents\GitHub\find_breed\dog_breed_dataset\bedlington_terrier\n02093647_185.jpg,bedlington_terrier
C:\Users\user\Documents\GitHub\find_breed\dog_breed_dataset\bedlington_terrier\n02093647_1870.jpg,bedlington_terrier
C:\Users\user\Documents\GitHub\find_breed\dog_breed_dataset\bedlington_terrier\n02093647_2032.jpg,bedlington_terrier
C:\Users\user\Documents\GitHub\find_breed\dog_breed_dataset\bedlington_terrier\n02093647_2068.jpg,bedlington_terrier
C:\Users\user\Documents\GitHub\find_breed\dog_breed_dataset\bedlington_terrier\n02093647_2108.jpg,bedlington_terrier
C:\Users\user\Documents\GitHub\find_breed\dog_breed_dataset\bedlington_terrier\n02093647_2147.jpg,bedlington_terrier
C:\Users\user\Documents\GitHub\find_breed\dog_breed_dataset\bedlington_terrier\n02093647_2156.jpg,bedlington_terrier
C:\Users\user\Documents\GitHub\find_breed\dog_breed_dataset\bedlington_terrier\n02093647_2162.jpg,bedlington_terrier
C:\Users\user\Documents\GitHub\find_breed\dog_breed_dataset\bedlington_terrier\n02093647_2192.jpg,bedlington_terrier
C:\Users\user\Documents\GitHub\find_breed\dog_breed_dataset\bedlington_terrier\n02093647_227.jpg,bedlington_terrier
C:\Users\user\Documents\GitHub\find_breed\dog_breed_dataset\bedlington_terrier\n02093647_2306.jpg,bedlington_terrier
C:\Users\user\Documents\GitHub\find_breed\dog_breed_dataset\bedlington_terrier\n02093647_2316.jpg,bedlington_terrier
C:\Users\user\Documents\GitHub\find_breed\dog_breed_dataset\bedlington_terrier\n02093647_2321.jpg,bedlington_terrier
C:\Users\user\Documents\GitHub\find_breed\dog_breed_dataset\bedlington_terrier\n02093647_2343.jpg,bedlington_terrier
C:\Users\user\Documents\GitHub\find_breed\dog_breed_dataset\bedlington_terrier\n02093647_24.jpg,bedlington_terrier
C:\Users\user\Documents\GitHub\find_breed\dog_breed_dataset\bedlington_terrier\n02093647_2409.jpg,bedlington_terrier
C:\Users\user\Documents\GitHub\find_breed\dog_breed_dataset\bedlington_terrier\n02093647_2488.jpg,bedlington_terrier
C:\Users\user\Documents\GitHub\find_breed\dog_breed_dataset\bedlington_terrier\n02093647_2626.jpg,bedlington_terrier
C:\Users\user\Documents\GitHub\find_breed\dog_breed_dataset\bedlington_terrier\n02093647_2633.jpg,bedlington_terrier
C:\Users\user\Documents\GitHub\find_breed\dog_breed_dataset\bedlington_terrier\n02093647_2687.jpg,bedlington_terrier
C:\Users\user\Documents\GitHub\find_breed\dog_breed_dataset\bedlington_terrier\n02093647_2698.jpg,bedlington_terrier
C:\Users\user\Documents\GitHub\find_breed\dog_breed_dataset\bedlington_terrier\n02093647_271.jpg,bedlington_terrier
C:\Users\user\Documents\GitHub\find_breed\dog_breed_dataset\bedlington_terrier\n02093647_2743.jpg,bedlington_terrier
C:\Users\user\Documents\GitHub\find_breed\dog_breed_dataset\bedlington_terrier\n02093647_2747.jpg,bedlington_terrier
C:\Users\user\Documents\GitHub\find_breed\dog_breed_dataset\bedlington_terrier\n02093647_291.jpg,bedlington_terrier
C:\Users\user\Documents\GitHub\find_breed\dog_breed_dataset\bedlington_terrier\n02093647_2932.jpg,bedlington_terrier
C:\Users\user\Documents\GitHub\find_breed\dog_breed_dataset\bedlington_terrier\n02093647_3015.jpg,bedlington_terrier
C:\Users\user\Documents\GitHub\find_breed\dog_breed_dataset\bedlington_terrier\n02093647_3049.jpg,bedlington_terrier
C:\Users\user\Documents\GitHub\find_breed\dog_breed_dataset\bedlington_terrier\n02093647_3129.jpg,bedlington_terrier
C:\Users\user\Documents\GitHub\find_breed\dog_breed_dataset\bedlington_terrier\n02093647_3154.jpg,bedlington_terrier
C:\Users\user\Documents\GitHub\find_breed\dog_breed_dataset\bedlington_terrier\n02093647_3192.jpg,bedlington_terrier
C:\Users\user\Documents\GitHub\find_breed\dog_breed_dataset\bedlington_terrier\n02093647_3209.jpg,bedlington_terrier
C:\Users\user\Documents\GitHub\find_breed\dog_breed_dataset\bedlington_terrier\n02093647_3338.jpg,bedlington_terrier
C:\Users\user\Documents\GitHub\find_breed\dog_breed_dataset\bedlington_terrier\n02093647_3464.jpg,bedlington_terrier
C:\Users\user\Documents\GitHub\find_breed\dog_breed_dataset\bedlington_terrier\n02093647_3473.jpg,bedlington_terrier
C:\Users\user\Documents\GitHub\find_breed\dog_breed_dataset\bedlington_terrier\n02093647_3515.jpg,bedlington_terrier
C:\Users\user\Documents\GitHub\find_breed\dog_breed_dataset\bedlington_terrier\n02093647_3543.jpg,bedlington_terrier
C:\Users\user\Documents\GitHub\find_breed\dog_breed_dataset\bedlington_terrier\n02093647_502.jpg,bedlington_terrier
C:\Users\user\Documents\GitHub\find_breed\dog_breed_dataset\bedlington_terrier\n02093647_529.jpg,bedlington_terrier
C:\Users\user\Documents\GitHub\find_breed\dog_breed_dataset\bedlington_terrier\n02093647_541.jpg,bedlington_terrier
C:\Users\user\Documents\GitHub\find_breed\dog_breed_dataset\bedlington_terrier\n02093647_562.jpg,bedlington_terrier
C:\Users\user\Documents\GitHub\find_breed\dog_breed_dataset\bedlington_terrier\n02093647_577.jpg,bedlington_terrier
C:\Users\user\Documents\GitHub\find_breed\dog_breed_dataset\bedlington_terrier\n02093647_599.jpg,bedlington_terrier
C:\Users\user\Documents\GitHub\find_breed\dog_breed_dataset\bedlington_terrier\n02093647_630.jpg,bedlington_terrier
C:\Users\user\Documents\GitHub\find_breed\dog_breed_dataset\bedlington_terrier\n02093647_65.jpg,bedlington_terrier
C:\Users\user\Documents\GitHub\find_breed\dog_breed_dataset\bedlington_terrier\n02093647_655.jpg,bedlington_terrier
C:\Users\user\Documents\GitHub\find_breed\dog_breed_dataset\bedlington_terrier\n02093647_665.jpg,bedlington_terrier
C:\Users\user\Documents\GitHub\find_breed\dog_breed_dataset\bedlington_terrier\n02093647_721.jpg,bedlington_terrier
C:\Users\user\Documents\GitHub\find_breed\dog_breed_dataset\bedlington_terrier\n02093647_768.jpg,bedlington_terrier
C:\Users\user\Documents\GitHub\find_breed\dog_breed_dataset\bernese_mountain_dog\bernese16.jpg,bernese_mountain_dog
C:\Users\user\Documents\GitHub\find_breed\dog_breed_dataset\bernese_mountain_dog\bernese77.jpg,bernese_mountain_dog
C:\Users\user\Documents\GitHub\find_breed\dog_breed_dataset\bernese_mountain_dog\n02107683_1175.jpg,bernese_mountain_dog
C:\Users\user\Documents\GitHub\find_breed\dog_breed_dataset\bernese_mountain_dog\n02107683_1317.jpg,bernese_mountain_dog
C:\Users\user\Documents\GitHub\find_breed\dog_breed_dataset\bernese_mountain_dog\n02107683_1542.jpg,bernese_mountain_dog
C:\Users\user\Documents\GitHub\find_breed\dog_breed_dataset\bernese_mountain_dog\n02107683_1752.jpg,bernese_mountain_dog
C:\Users\user\Documents\GitHub\find_breed\dog_breed_dataset\bernese_mountain_dog\n02107683_20.jpg,bernese_mountain_dog
C:\Users\user\Documents\GitHub\find_breed\dog_breed_dataset\bernese_mountain_dog\n02107683_2683.jpg,bernese_mountain_dog
C:\Users\user\Documents\GitHub\find_breed\dog_breed_dataset\bernese_mountain_dog\n02107683_3958.jpg,bernese_mountain_dog
C:\Users\user\Documents\GitHub\find_breed\dog_breed_dataset\bernese_mountain_dog\n02107683_4473.jpg,bernese_mountain_dog
C:\Users\user\Documents\GitHub\find_breed\dog_breed_dataset\bernese_mountain_dog\n02107683_4515.jpg,bernese_mountain_dog
C:\Users\user\Documents\GitHub\find_breed\dog_breed_dataset\bernese_mountain_dog\n02107683_4653.jpg,bernese_mountain_dog
C:\Users\user\Documents\GitHub\find_breed\dog_breed_dataset\bernese_mountain_dog\n02107683_4727.jpg,bernese_mountain_dog
C:\Users\user\Documents\GitHub\find_breed\dog_breed_dataset\bernese_mountain_dog\n02107683_5204.jpg,bernese_mountain_dog
C:\Users\user\Documents\GitHub\find_breed\dog_breed_dataset\bernese_mountain_dog\n02107683_6772.jpg,bernese_mountain_dog
C:\Users\user\Documents\GitHub\find_breed\dog_breed_dataset\bernese_mountain_dog\n02107683_6916.jpg,bernese_mountain_dog
C:\Users\user\Documents\GitHub\find_breed\dog_breed_dataset\bichon_frise\tsinghua_n143400.jpg,bichon_frise
C:\Users\user\Documents\GitHub\find_breed\dog_breed_dataset\bichon_frise\tsinghua_n143402.jpg,bichon_frise
C:\Users\user\Documents\GitHub\find_breed\dog_breed_dataset\bichon_frise\tsinghua_n143404.jpg,bichon_frise
C:\Users\user\Documents\GitHub\find_breed\dog_breed_dataset\bichon_frise\tsinghua_n143405.jpg,bichon_frise
C:\Users\user\Documents\GitHub\find_breed\dog_breed_dataset\bichon_frise\tsinghua_n143418.jpg,bichon_frise
C:\Users\user\Documents\GitHub\find_breed\dog_breed_dataset\bichon_frise\tsinghua_n143420.jpg,bichon_frise
C:\Users\user\Documents\GitHub\find_breed\dog_breed_dataset\bichon_frise\tsinghua_n143427.jpg,bichon_frise
C:\Users\user\Documents\GitHub\find_breed\dog_breed_dataset\bichon_frise\tsinghua_n143429.jpeg,bichon_frise
C:\Users\user\Documents\GitHub\find_breed\dog_breed_dataset\bichon_frise\tsinghua_n143433.jpeg,bichon_frise
C:\Users\user\Documents\GitHub\find_breed\dog_breed_dataset\bichon_frise\tsinghua_n143435.jpeg,bichon_frise
C:\Users\user\Documents\GitHub\find_breed\dog_breed_dataset\bichon_frise\tsinghua_n143436.jpeg,bichon_frise
C:\Users\user\Documents\GitHub\find_breed\dog_breed_dataset\bichon_frise\tsinghua_n143442.jpg,bichon_frise
C:\Users\user\Documents\GitHub\find_breed\dog_breed_dataset\bichon_frise\tsinghua_n143445.jpeg,bichon_frise
C:\Users\user\Documents\GitHub\find_breed\dog_breed_dataset\bichon_frise\tsinghua_n143448.jpeg,bichon_frise
C:\Users\user\Documents\GitHub\find_breed\dog_breed_dataset\bichon_frise\tsinghua_n143451.jpg,bichon_frise
C:\Users\user\Documents\GitHub\find_breed\dog_breed_dataset\bichon_frise\tsinghua_n143458.jpeg,bichon_frise
C:\Users\user\Documents\GitHub\find_breed\dog_breed_dataset\bichon_frise\tsinghua_n143460.jpeg,bichon_frise
C:\Users\user\Documents\GitHub\find_breed\dog_breed_dataset\bichon_frise\tsinghua_n143461.jpeg,bichon_frise
C:\Users\user\Documents\GitHub\find_breed\dog_breed_dataset\bichon_frise\tsinghua_n143464.jpg,bichon_frise
C:\Users\user\Documents\GitHub\find_breed\dog_breed_dataset\bichon_frise\tsinghua_n143467.jpg,bichon_frise
C:\Users\user\Documents\GitHub\find_breed\dog_breed_dataset\bichon_frise\tsinghua_n143468.jpg,bichon_frise
C:\Users\user\Documents\GitHub\find_breed\dog_breed_dataset\bichon_frise\tsinghua_n143469.jpeg,bichon_frise
C:\Users\user\Documents\GitHub\find_breed\dog_breed_dataset\bichon_frise\tsinghua_n143471.jpeg,bichon_frise
C:\Users\user\Documents\GitHub\find_breed\dog_breed_dataset\bichon_frise\tsinghua_n143475.jpg,bichon_frise
C:\Users\user\Documents\GitHub\find_breed\dog_breed_dataset\bichon_frise\tsinghua_n143487.jpeg,bichon_frise
C:\Users\user\Documents\GitHub\find_breed\dog_breed_dataset\bichon_frise\tsinghua_n143489.jpeg,bichon_frise
C:\Users\user\Documents\GitHub\find_breed\dog_breed_dataset\bichon_frise\tsinghua_n143490.jpeg,bichon_frise
C:\Users\user\Documents\GitHub\find_breed\dog_breed_dataset\bichon_frise\tsinghua_n143493.jpeg,bichon_frise
C:\Users\user\Documents\GitHub\find_breed\dog_breed_dataset\bichon_frise\tsinghua_n143496.jpg,bichon_frise
C:\Users\user\Documents\GitHub\find_breed\dog_breed_dataset\bichon_frise\tsinghua_n143497.jpeg,bichon_frise
C:\Users\user\Documents\GitHub\find_breed\dog_breed_dataset\bichon_frise\tsinghua_n143498.jpeg,bichon_frise
C:\Users\user\Documents\GitHub\find_breed\dog_breed_dataset\bichon_frise\tsinghua_n143504.jpeg,bichon_frise
C:\Users\user\Documents\GitHub\find_breed\dog_breed_dataset\bichon_frise\tsinghua_n143508.jpg,bichon_frise
C:\Users\user\Documents\GitHub\find_breed\dog_breed_dataset\bichon_frise\tsinghua_n143529.jpg,bichon_frise
C:\Users\user\Documents\GitHub\find_breed\dog_breed_dataset\bichon_frise\tsinghua_n143534.jpg,bichon_frise
C:\Users\user\Documents\GitHub\find_breed\dog_breed_dataset\bichon_frise\tsinghua_n143536.jpg,bichon_frise
C:\Users\user\Documents\GitHub\find_breed\dog_breed_dataset\bichon_frise\tsinghua_n143540.jpg,bichon_frise
C:\Users\user\Documents\GitHub\find_breed\dog_breed_dataset\bichon_frise\tsinghua_n143542.jpg,bichon_frise
C:\Users\user\Documents\GitHub\find_breed\dog_breed_dataset\bichon_frise\tsinghua_n143549.jpg,bichon_frise
C:\Users\user\Documents\GitHub\find_breed\dog_breed_dataset\bichon_frise\tsinghua_n143571.jpg,bichon_frise
C:\Users\user\Documents\GitHub\find_breed\dog_breed_dataset\bichon_frise\tsinghua_n143580.jpg,bichon_frise
C:\Users\user\Documents\GitHub\find_breed\dog_breed_dataset\bichon_frise\tsinghua_n143584.jpg,bichon_frise
C:\Users\user\Documents\GitHub\find_breed\dog_breed_dataset\bichon_frise\tsinghua_n143585.jpeg,bichon_frise
C:\Users\user\Documents\GitHub\find_breed\dog_breed_dataset\bichon_frise\tsinghua_n143590.jpg,bichon_frise
C:\Users\user\Documents\GitHub\find_breed\dog_breed_dataset\bichon_frise\tsinghua_n143591.jpg,bichon_frise
C:\Users\user\Documents\GitHub\find_breed\dog_breed_dataset\bichon_frise\tsinghua_n143595.jpg,bichon_frise
C:\Users\user\Documents\GitHub\find_breed\dog_breed_dataset\bichon_frise\tsinghua_n143599.jpg,bichon_frise
C:\Users\user\Documents\GitHub\find_breed\dog_breed_dataset\black_and_tan_coonhound\n02089078_1026.jpg,black_and_tan_coonhound
C:\Users\user\Documents\GitHub\find_breed\dog_breed_dataset\black_and_tan_coonhound\n02089078_1064.jpg,black_and_tan_coonhound
C:\Users\user\Documents\GitHub\find_breed\dog_breed_dataset\black_and_tan_coonhound\n02089078_111.jpg,black_and_tan_coonhound
C:\Users\user\Documents\GitHub\find_breed\dog_breed_dataset\black_and_tan_coonhound\n02089078_1151.jpg,black_and_tan_coonhound
C:\Users\user\Documents\GitHub\find_breed\dog_breed_dataset\black_and_tan_coonhound\n02089078_1304.jpg,black_and_tan_coonhound
C:\Users\user\Documents\GitHub\find_breed\dog_breed_dataset\black_and_tan_coonhound\n02089078_1617.jpg,black_and_tan_coonhound
C:\Users\user\Documents\GitHub\find_breed\dog_breed_dataset\black_and_tan_coonhound\n02089078_1629.jpg,black_and_tan_coonhound
C:\Users\user\Documents\GitHub\find_breed\dog_breed_dataset\black_and_tan_coonhound\n02089078_1668.jpg,black_and_tan_coonhound
C:\Users\user\Documents\GitHub\find_breed\dog_breed_dataset\black_and_tan_coonhound\n02089078_1735.jpg,black_and_tan_coonhound
C:\Users\user\Documents\GitHub\find_breed\dog_breed_dataset\black_and_tan_coonhound\n02089078_1825.jpg,black_and_tan_coonhound
C:\Users\user\Documents\GitHub\find_breed\dog_breed_dataset\black_and_tan_coonhound\n02089078_1836.jpg,black_and_tan_coonhound
C:\Users\user\Documents\GitHub\find_breed\dog_breed_dataset\black_and_tan_coonhound\n02089078_1867.jpg,black_and_tan_coonhound
C:\Users\user\Documents\GitHub\find_breed\dog_breed_dataset\black_and_tan_coonhound\n02089078_19.jpg,black_and_tan_coonhound
C:\Users\user\Documents\GitHub\find_breed\dog_breed_dataset\black_and_tan_coonhound\n02089078_1951.jpg,black_and_tan_coonhound
C:\Users\user\Documents\GitHub\find_breed\dog_breed_dataset\black_and_tan_coonhound\n02089078_1967.jpg,black_and_tan_coonhound
C:\Users\user\Documents\GitHub\find_breed\dog_breed_dataset\black_and_tan_coonhound\n02089078_2025.jpg,black_and_tan_coonhound
C:\Users\user\Documents\GitHub\find_breed\dog_breed_dataset\black_and_tan_coonhound\n02089078_2225.jpg,black_and_tan_coonhound
C:\Users\user\Documents\GitHub\find_breed\dog_breed_dataset\black_and_tan_coonhound\n02089078_2227.jpg,black_and_tan_coonhound
C:\Users\user\Documents\GitHub\find_breed\dog_breed_dataset\black_and_tan_coonhound\n02089078_2282.jpg,black_and_tan_coonhound
C:\Users\user\Documents\GitHub\find_breed\dog_breed_dataset\black_and_tan_coonhound\n02089078_2337.jpg,black_and_tan_coonhound
C:\Users\user\Documents\GitHub\find_breed\dog_breed_dataset\black_and_tan_coonhound\n02089078_2404.jpg,black_and_tan_coonhound
C:\Users\user\Documents\GitHub\find_breed\dog_breed_dataset\black_and_tan_coonhound\n02089078_2417.jpg,black_and_tan_coonhound
C:\Users\user\Documents\GitHub\find_breed\dog_breed_dataset\black_and_tan_coonhound\n02089078_2574.jpg,black_and_tan_coonhound
C:\Users\user\Documents\GitHub\find_breed\dog_breed_dataset\black_and_tan_coonhound\n02089078_2596.jpg,black_and_tan_coonhound
C:\Users\user\Documents\GitHub\find_breed\dog_breed_dataset\black_and_tan_coonhound\n02089078_2753.jpg,black_and_tan_coonhound
C:\Users\user\Documents\GitHub\find_breed\dog_breed_dataset\black_and_tan_coonhound\n02089078_2794.jpg,black_and_tan_coonhound
C:\Users\user\Documents\GitHub\find_breed\dog_breed_dataset\black_and_tan_coonhound\n02089078_2921.jpg,black_and_tan_coonhound
C:\Users\user\Documents\GitHub\find_breed\dog_breed_dataset\black_and_tan_coonhound\n02089078_302.jpg,black_and_tan_coonhound
C:\Users\user\Documents\GitHub\find_breed\dog_breed_dataset\black_and_tan_coonhound\n02089078_3078.jpg,black_and_tan_coonhound
C:\Users\user\Documents\GitHub\find_breed\dog_breed_dataset\black_and_tan_coonhound\n02089078_3419.jpg,black_and_tan_coonhound
C:\Users\user\Documents\GitHub\find_breed\dog_breed_dataset\black_and_tan_coonhound\n02089078_3440.jpg,black_and_tan_coonhound
C:\Users\user\Documents\GitHub\find_breed\dog_breed_dataset\black_and_tan_coonhound\n02089078_351.jpg,black_and_tan_coonhound
C:\Users\user\Documents\GitHub\find_breed\dog_breed_dataset\black_and_tan_coonhound\n02089078_3615.jpg,black_and_tan_coonhound
C:\Users\user\Documents\GitHub\find_breed\dog_breed_dataset\black_and_tan_coonhound\n02089078_3807.jpg,black_and_tan_coonhound
C:\Users\user\Documents\GitHub\find_breed\dog_breed_dataset\black_and_tan_coonhound\n02089078_3810.jpg,black_and_tan_coonhound
C:\Users\user\Documents\GitHub\find_breed\dog_breed_dataset\black_and_tan_coonhound\n02089078_3821.jpg,black_and_tan_coonhound
C:\Users\user\Documents\GitHub\find_breed\dog_breed_dataset\black_and_tan_coonhound\n02089078_3923.jpg,black_and_tan_coonhound
C:\Users\user\Documents\GitHub\find_breed\dog_breed_dataset\black_and_tan_coonhound\n02089078_393.jpg,black_and_tan_coonhound
C:\Users\user\Documents\GitHub\find_breed\dog_breed_dataset\black_and_tan_coonhound\n02089078_4024.jpg,black_and_tan_coonhound
C:\Users\user\Documents\GitHub\find_breed\dog_breed_dataset\black_and_tan_coonhound\n02089078_4186.jpg,black_and_tan_coonhound
C:\Users\user\Documents\GitHub\find_breed\dog_breed_dataset\black_and_tan_coonhound\n02089078_445.jpg,black_and_tan_coonhound
C:\Users\user\Documents\GitHub\find_breed\dog_breed_dataset\black_and_tan_coonhound\n02089078_4466.jpg,black_and_tan_coonhound
C:\Users\user\Documents\GitHub\find_breed\dog_breed_dataset\black_and_tan_coonhound\n02089078_4497.jpg,black_and_tan_coonhound
C:\Users\user\Documents\GitHub\find_breed\dog_breed_dataset\black_and_tan_coonhound\n02089078_4508.jpg,black_and_tan_coonhound
C:\Users\user\Documents\GitHub\find_breed\dog_breed_dataset\black_and_tan_coonhound\n02089078_465.jpg,black_and_tan_coonhound
C:\Users\user\Documents\GitHub\find_breed\dog_breed_dataset\black_and_tan_coonhound\n02089078_482.jpg,black_and_tan_coonhound
C:\Users\user\Documents\GitHub\find_breed\dog_breed_dataset\black_and_tan_coonhound\n02089078_695.jpg,black_and_tan_coonhound
C:\Users\user\Documents\GitHub\find_breed\dog_breed_dataset\black_and_tan_coonhound\n02089078_779.jpg,black_and_tan_coonhound
C:\Users\user\Documents\GitHub\find_breed\dog_breed_dataset\black_and_tan_coonhound\n02089078_80.jpg,black_and_tan_coonhound
C:\Users\user\Documents\GitHub\find_breed\dog_breed_dataset\black_and_tan_coonhound\n02089078_877.jpg,black_and_tan_coonhound
C:\Users\user\Documents\GitHub\find_breed\dog_breed_dataset\black_and_tan_coonhound\n02089078_901.jpg,black_and_tan_coonhound
C:\Users\user\Documents\GitHub\find_breed\dog_breed_dataset\black_sable\tsinghua_n132219.jpg,black_sable
C:\Users\user\Documents\GitHub\find_breed\dog_breed_dataset\black_sable\tsinghua_n132230.jpg,black_sable
C:\Users\user\Documents\GitHub\find_breed\dog_breed_dataset\black_sable\tsinghua_n132234.jpg,black_sable
C:\Users\user\Documents\GitHub\find_breed\dog_breed_dataset\black_sable\tsinghua_n132236.jpg,black_sable
C:\Users\user\Documents\GitHub\find_breed\dog_breed_dataset\black_sable\tsinghua_n132241.jpg,black_sable
C:\Users\user\Documents\GitHub\find_breed\dog_breed_dataset\black_sable\tsinghua_n132256.jpg,black_sable
C:\Users\user\Documents\GitHub\find_breed\dog_breed_dataset\black_sable\tsinghua_n132259.jpg,black_sable
C:\Users\user\Documents\GitHub\find_breed\dog_breed_dataset\black_sable\tsinghua_n132265.jpg,black_sable
C:\Users\user\Documents\GitHub\find_breed\dog_breed_dataset\black_sable\tsinghua_n132268.jpg,black_sable
C:\Users\user\Documents\GitHub\find_breed\dog_breed_dataset\black_sable\tsinghua_n132271.jpg,black_sable
C:\Users\user\Documents\GitHub\find_breed\dog_breed_dataset\black_sable\tsinghua_n132319.jpg,black_sable
C:\Users\user\Documents\GitHub\find_breed\dog_breed_dataset\black_sable\tsinghua_n132329.jpg,black_sable
C:\Users\user\Documents\GitHub\find_breed\dog_breed_dataset\black_sable\tsinghua_n132376.jpg,black_sable
C:\Users\user\Documents\GitHub\find_breed\dog_breed_dataset\black_sable\tsinghua_n132380.jpg,black_sable
C:\Users\user\Documents\GitHub\find_breed\dog_breed_dataset\black_sable\tsinghua_n132385.jpg,black_sable
C:\Users\user\Documents\GitHub\find_breed\dog_breed_dataset\black_sable\tsinghua_n132389.jpg,black_sable
C:\Users\user\Documents\GitHub\find_breed\dog_breed_dataset\black_sable\tsinghua_n132393.jpg,black_sable
C:\Users\user\Documents\GitHub\find_breed\dog_breed_dataset\blenheim_spaniel\n02086646_1077.jpg,blenheim_spaniel
C:\Users\user\Documents\GitHub\find_breed\dog_breed_dataset\blenheim_spaniel\n02086646_1091.jpg,blenheim_spaniel
C:\Users\user\Documents\GitHub\find_breed\dog_breed_dataset\blenheim_spaniel\n02086646_1246.jpg,blenheim_spaniel
C:\Users\user\Documents\GitHub\find_breed\dog_breed_dataset\blenheim_spaniel\n02086646_1476.jpg,blenheim_spaniel
C:\Users\user\Documents\GitHub\find_breed\dog_breed_dataset\blenheim_spaniel\n02086646_1621.jpg,blenheim_spaniel
C:\Users\user\Documents\GitHub\find_breed\dog_breed_dataset\blenheim_spaniel\n02086646_1747.jpg,blenheim_spaniel
C:\Users\user\Documents\GitHub\find_breed\dog_breed_dataset\blenheim_spaniel\n02086646_1830.jpg,blenheim_spaniel
C:\Users\user\Documents\GitHub\find_breed\dog_breed_dataset\blenheim_spaniel\n02086646_1847.jpg,blenheim_spaniel
C:\Users\user\Documents\GitHub\find_breed\dog_breed_dataset\blenheim_spaniel\n02086646_1936.jpg,blenheim_spaniel
C:\Users\user\Documents\GitHub\find_breed\dog_breed_dataset\blenheim_spaniel\n02086646_2160.jpg,blenheim_spaniel
C:\Users\user\Documents\GitHub\find_breed\dog_breed_dataset\blenheim_spaniel\n02086646_2171.jpg,blenheim_spaniel
C:\Users\user\Documents\GitHub\find_breed\dog_breed_dataset\blenheim_spaniel\n02086646_2236.jpg,blenheim_spaniel
C:\Users\user\Documents\GitHub\find_breed\dog_breed_dataset\blenheim_spaniel\n02086646_23.jpg,blenheim_spaniel
C:\Users\user\Documents\GitHub\find_breed\dog_breed_dataset\blenheim_spaniel\n02086646_2426.jpg,blenheim_spaniel
C:\Users\user\Documents\GitHub\find_breed\dog_breed_dataset\blenheim_spaniel\n02086646_2805.jpg,blenheim_spaniel
C:\Users\user\Documents\GitHub\find_breed\dog_breed_dataset\blenheim_spaniel\n02086646_32.jpg,blenheim_spaniel
C:\Users\user\Documents\GitHub\find_breed\dog_breed_dataset\blenheim_spaniel\n02086646_326.jpg,blenheim_spaniel
C:\Users\user\Documents\GitHub\find_breed\dog_breed_dataset\blenheim_spaniel\n02086646_3484.jpg,blenheim_spaniel
C:\Users\user\Documents\GitHub\find_breed\dog_breed_dataset\blenheim_spaniel\n02086646_356.jpg,blenheim_spaniel
C:\Users\user\Documents\GitHub\find_breed\dog_breed_dataset\blenheim_spaniel\n02086646_3827.jpg,blenheim_spaniel
C:\Users\user\Documents\GitHub\find_breed\dog_breed_dataset\blenheim_spaniel\n02086646_3856.jpg,blenheim_spaniel
C:\Users\user\Documents\GitHub\find_breed\dog_breed_dataset\blenheim_spaniel\n02086646_3989.jpg,blenheim_spaniel
C:\Users\user\Documents\GitHub\find_breed\dog_breed_dataset\blenheim_spaniel\n02086646_4077.jpg,blenheim_spaniel
C:\Users\user\Documents\GitHub\find_breed\dog_breed_dataset\blenheim_spaniel\n02086646_416.jpg,blenheim_spaniel
C:\Users\user\Documents\GitHub\find_breed\dog_breed_dataset\blenheim_spaniel\n02086646_4226.jpg,blenheim_spaniel
C:\Users\user\Documents\GitHub\find_breed\dog_breed_dataset\blenheim_spaniel\n02086646_4265.jpg,blenheim_spaniel
C:\Users\user\Documents\GitHub\find_breed\dog_breed_dataset\bloodhound\n02088466_1015.jpg,bloodhound
C:\Users\user\Documents\GitHub\find_breed\dog_breed_dataset\bloodhound\n02088466_11623.jpg,bloodhound
C:\Users\user\Documents\GitHub\find_breed\dog_breed_dataset\bloodhound\n02088466_3032.jpg,bloodhound
C:\Users\user\Documents\GitHub\find_breed\dog_breed_dataset\bloodhound\n02088466_5432.jpg,bloodhound
C:\Users\user\Documents\GitHub\find_breed\dog_breed_dataset\bloodhound\n02088466_6160.jpg,bloodhound
C:\Users\user\Documents\GitHub\find_breed\dog_breed_dataset\bloodhound\n02088466_6413.jpg,bloodhound
C:\Users\user\Documents\GitHub\find_breed\dog_breed_dataset\bloodhound\n02088466_6984.jpg,bloodhound
C:\Users\user\Documents\GitHub\find_breed\dog_breed_dataset\bloodhound\n02088466_7004.jpg,bloodhound
C:\Users\user\Documents\GitHub\find_breed\dog_breed_dataset\bloodhound\n02088466_7048.jpg,bloodhound
C:\Users\user\Documents\GitHub\find_breed\dog_breed_dataset\bloodhound\n02088466_7195.jpg,bloodhound
C:\Users\user\Documents\GitHub\find_breed\dog_breed_dataset\bloodhound\n02088466_7801.jpg,bloodhound
C:\Users\user\Documents\GitHub\find_breed\dog_breed_dataset\bloodhound\n02088466_7868.jpg,bloodhound
C:\Users\user\Documents\GitHub\find_breed\dog_breed_dataset\bloodhound\n02088466_9110.jpg,bloodhound
C:\Users\user\Documents\GitHub\find_breed\dog_breed_dataset\bloodhound\n02088466_9242.jpg,bloodhound
C:\Users\user\Documents\GitHub\find_breed\dog_breed_dataset\bloodhound\n02088466_9359.jpg,bloodhound
C:\Users\user\Documents\GitHub\find_breed\dog_breed_dataset\bloodhound\n02088466_9697.jpg,bloodhound
C:\Users\user\Documents\GitHub\find_breed\dog_breed_dataset\bluetick\n02088632_108.jpg,bluetick
C:\Users\user\Documents\GitHub\find_breed\dog_breed_dataset\bluetick\n02088632_1126.jpg,bluetick
C:\Users\user\Documents\GitHub\find_breed\dog_breed_dataset\bluetick\n02088632_1173.jpg,bluetick
C:\Users\user\Documents\GitHub\find_breed\dog_breed_dataset\bluetick\n02088632_1176.jpg,bluetick
C:\Users\user\Documents\GitHub\find_breed\dog_breed_dataset\bluetick\n02088632_1274.jpg,bluetick
C:\Users\user\Documents\GitHub\find_breed\dog_breed_dataset\bluetick\n02088632_1576.jpg,bluetick
C:\Users\user\Documents\GitHub\find_breed\dog_breed_dataset\bluetick\n02088632_1625.jpg,bluetick
C:\Users\user\Documents\GitHub\find_breed\dog_breed_dataset\bluetick\n02088632_190.jpg,bluetick
C:\Users\user\Documents\GitHub\find_breed\dog_breed_dataset\bluetick\n02088632_2526.jpg,bluetick
C:\Users\user\Documents\GitHub\find_breed\dog_breed_dataset\bluetick\n02088632_2931.jpg,bluetick
C:\Users\user\Documents\GitHub\find_breed\dog_breed_dataset\bluetick\n02088632_2964.jpg,bluetick
C:\Users\user\Documents\GitHub\find_breed\dog_breed_dataset\bluetick\n02088632_3433.jpg,bluetick
C:\Users\user\Documents\GitHub\find_breed\dog_breed_dataset\bluetick\n02088632_3585.jpg,bluetick
C:\Users\user\Documents\GitHub\find_breed\dog_breed_dataset\bluetick\n02088632_4160.jpg,bluetick
C:\Users\user\Documents\GitHub\find_breed\dog_breed_dataset\bluetick\n02088632_4305.jpg,bluetick
C:\Users\user\Documents\GitHub\find_breed\dog_breed_dataset\bluetick\n02088632_4339.jpg,bluetick
C:\Users\user\Documents\GitHub\find_breed\dog_breed_dataset\bluetick\n02088632_4633.jpg,bluetick
C:\Users\user\Documents\GitHub\find_breed\dog_breed_dataset\bluetick\n02088632_4647.jpg,bluetick
C:\Users\user\Documents\GitHub\find_breed\dog_breed_dataset\bluetick\n02088632_650.jpg,bluetick
C:\Users\user\Documents\GitHub\find_breed\dog_breed_dataset\border_collie\collie11.jpg,border_collie
C:\Users\user\Documents\GitHub\find_breed\dog_breed_dataset\border_collie\collie28.jpg,border_collie
C:\Users\user\Documents\GitHub\find_breed\dog_breed_dataset\border_collie\collie48.jpg,border_collie
C:\Users\user\Documents\GitHub\find_breed\dog_breed_dataset\border_collie\collie50.jpg,border_collie
C:\Users\user\Documents\GitHub\find_breed\dog_breed_dataset\border_collie\collie64.jpg,border_collie
C:\Users\user\Documents\GitHub\find_breed\dog_breed_dataset\border_collie\n02106166_117.jpg,border_collie
C:\Users\user\Documents\GitHub\find_breed\dog_breed_dataset\border_collie\n02106166_1460.jpg,border_collie
C:\Users\user\Documents\GitHub\find_breed\dog_breed_dataset\border_collie\n02106166_2006.jpg,border_collie
C:\Users\user\Documents\GitHub\find_breed\dog_breed_dataset\border_collie\n02106166_2345.jpg,border_collie
C:\Users\user\Documents\GitHub\find_breed\dog_breed_dataset\border_collie\n02106166_476.jpg,border_collie
C:\Users\user\Documents\GitHub\find_breed\dog_breed_dataset\border_collie\n02106166_549.jpg,border_collie
C:\Users\user\Documents\GitHub\find_breed\dog_breed_dataset\border_collie\n02106166_5869.jpg,border_collie
C:\Users\user\Documents\GitHub\find_breed\dog_breed_dataset\border_collie\n02106166_6437.jpg,border_collie
C:\Users\user\Documents\GitHub\find_breed\dog_breed_dataset\border_collie\n02106166_654.jpg,border_collie
C:\Users\user\Documents\GitHub\find_breed\dog_breed_dataset\border_collie\n02106166_943.jpg,border_collie
C:\Users\user\Documents\GitHub\find_breed\dog_breed_dataset\border_terrier\n02093754_1283.jpg,border_terrier
C:\Users\user\Documents\GitHub\find_breed\dog_breed_dataset\border_terrier\n02093754_218.jpg,border_terrier
C:\Users\user\Documents\GitHub\find_breed\dog_breed_dataset\border_terrier\n02093754_2425.jpg,border_terrier
C:\Users\user\Documents\GitHub\find_breed\dog_breed_dataset\border_terrier\n02093754_2742.jpg,border_terrier
C:\Users\user\Documents\GitHub\find_breed\dog_breed_dataset\border_terrier\n02093754_2959.jpg,border_terrier
C:\Users\user\Documents\GitHub\find_breed\dog_breed_dataset\border_terrier\n02093754_373.jpg,border_terrier
C:\Users\user\Documents\GitHub\find_breed\dog_breed_dataset\border_terrier\n02093754_4669.jpg,border_terrier
C:\Users\user\Documents\GitHub\find_breed\dog_breed_dataset\border_terrier\n02093754_5038.jpg,border_terrier
C:\Users\user\Documents\GitHub\find_breed\dog_breed_dataset\border_terrier\n02093754_5175.jpg,border_terrier
C:\Users\user\Documents\GitHub\find_breed\dog_breed_dataset\border_terrier\n02093754_5238.jpg,border_terrier
C:\Users\user\Documents\GitHub\find_breed\dog_breed_dataset\border_terrier\n02093754_5298.jpg,border_terrier
C:\Users\user\Documents\GitHub\find_breed\dog_breed_dataset\border_terrier\n02093754_5662.jpg,border_terrier
C:\Users\user\Documents\GitHub\find_breed\dog_breed_dataset\border_terrier\n02093754_5928.jpg,border_terrier
C:\Users\user\Documents\GitHub\find_breed\dog_breed_dataset\border_terrier\n02093754_6082.jpg,border_terrier
C:\Users\user\Documents\GitHub\find_breed\dog_breed_dataset\border_terrier\n02093754_6106.jpg,border_terrier
C:\Users\user\Documents\GitHub\find_breed\dog_breed_dataset\border_terrier\n02093754_6248.jpg,border_terrier
C:\Users\user\Documents\GitHub\find_breed\dog_breed_dataset\border_terrier\n02093754_6453.jpg,border_terrier
C:\Users\user\Documents\GitHub\find_breed\dog_breed_dataset\border_terrier\n02093754_6483.jpg,border_terrier
C:\Users\user\Documents\GitHub\find_breed\dog_breed_dataset\border_terrier\n02093754_717.jpg,border_terrier
C:\Users\user\Documents\GitHub\find_breed\dog_breed_dataset\border_terrier\n02093754_7707.jpg,border_terrier
C:\Users\user\Documents\GitHub\find_breed\dog_breed_dataset\border_terrier\n02093754_7902.jpg,border_terrier
C:\Users\user\Documents\GitHub\find_breed\dog_breed_dataset\border_terrier\n02093754_8019.jpg,border_terrier
C:\Users\user\Documents\GitHub\find_breed\dog_breed_dataset\borzoi\n02090622_10355.jpg,borzoi
C:\Users\user\Documents\GitHub\find_breed\dog_breed_dataset\borzoi\n02090622_2337.jpg,borzoi
C:\Users\user\Documents\GitHub\find_breed\dog_breed_dataset\borzoi\n02090622_3156.jpg,borzoi
C:\Users\user\Documents\GitHub\find_breed\dog_breed_dataset\borzoi\n02090622_3210.jpg,borzoi
C:\Users\user\Documents\GitHub\find_breed\dog_breed_dataset\borzoi\n02090622_3300.jpg,borzoi
C:\Users\user\Documents\GitHub\find_breed\dog_breed_dataset\borzoi\n02090622_3958.jpg,borzoi
C:\Users\user\Documents\GitHub\find_breed\dog_breed_dataset\borzoi\n02090622_4527.jpg,borzoi
C:\Users\user\Documents\GitHub\find_breed\dog_breed_dataset\borzoi\n02090622_4873.jpg,borzoi
C:\Users\user\Documents\GitHub\find_breed\dog_breed_dataset\borzoi\n02090622_5025.jpg,borzoi
C:\Users\user\Documents\GitHub\find_breed\dog_breed_dataset\borzoi\n02090622_5556.jpg,borzoi
C:\Users\user\Documents\GitHub\find_breed\dog_breed_dataset\borzoi\n02090622_585.jpg,borzoi
C:\Users\user\Documents\GitHub\find_breed\dog_breed_dataset\borzoi\n02090622_5956.jpg,borzoi
C:\Users\user\Documents\GitHub\find_breed\dog_breed_dataset\borzoi\n02090622_6303.jpg,borzoi
C:\Users\user\Documents\GitHub\find_breed\dog_breed_dataset\borzoi\n02090622_6372.jpg,borzoi
C:\Users\user\Documents\GitHub\find_breed\dog_breed_dataset\borzoi\n02090622_6408.jpg,borzoi
C:\Users\user\Documents\GitHub\find_breed\dog_breed_dataset\borzoi\n02090622_6771.jpg,borzoi
C:\Users\user\Documents\GitHub\find_breed\dog_breed_dataset\borzoi\n02090622_6971.jpg,borzoi
C:\Users\user\Documents\GitHub\find_breed\dog_breed_dataset\borzoi\n02090622_6976.jpg,borzoi
C:\Users\user\Documents\GitHub\find_breed\dog_breed_dataset\borzoi\n02090622_7111.jpg,borzoi
C:\Users\user\Documents\GitHub\find_breed\dog_breed_dataset\borzoi\n02090622_7142.jpg,borzoi
C:\Users\user\Documents\GitHub\find_breed\dog_breed_dataset\borzoi\n02090622_7292.jpg,borzoi
C:\Users\user\Documents\GitHub\find_breed\dog_breed_dataset\borzoi\n02090622_7377.jpg,borzoi
C:\Users\user\Documents\GitHub\find_breed\dog_breed_dataset\borzoi\n02090622_7602.jpg,borzoi
C:\Users\user\Documents\GitHub\find_breed\dog_breed_dataset\borzoi\n02090622_7961.jpg,borzoi
C:\Users\user\Documents\GitHub\find_breed\dog_breed_dataset\borzoi\n02090622_8045.jpg,borzoi
C:\Users\user\Documents\GitHub\find_breed\dog_breed_dataset\borzoi\n02090622_8380.jpg,borzoi
C:\Users\user\Documents\GitHub\find_breed\dog_breed_dataset\borzoi\n02090622_8509.jpg,borzoi
C:\Users\user\Documents\GitHub\find_breed\dog_breed_dataset\borzoi\n02090622_8610.jpg,borzoi
C:\Users\user\Documents\GitHub\find_breed\dog_breed_dataset\borzoi\n02090622_8674.jpg,borzoi
C:\Users\user\Documents\GitHub\find_breed\dog_breed_dataset\borzoi\n02090622_8753.jpg,borzoi
C:\Users\user\Documents\GitHub\find_breed\dog_breed_dataset\borzoi\n02090622_9708.jpg,borzoi
C:\Users\user\Documents\GitHub\find_breed\dog_breed_dataset\boston_bull\n02096585_10380.jpg,boston_bull
C:\Users\user\Documents\GitHub\find_breed\dog_breed_dataset\boston_bull\n02096585_11476.jpg,boston_bull
C:\Users\user\Documents\GitHub\find_breed\dog_breed_dataset\boston_bull\n02096585_11836.jpg,boston_bull
C:\Users\user\Documents\GitHub\find_breed\dog_breed_dataset\boston_bull\n02096585_12716.jpg,boston_bull
C:\Users\user\Documents\GitHub\find_breed\dog_breed_dataset\boston_bull\n02096585_1403.jpg,boston_bull
C:\Users\user\Documents\GitHub\find_breed\dog_breed_dataset\boston_bull\n02096585_2098.jpg,boston_bull
C:\Users\user\Documents\GitHub\find_breed\dog_breed_dataset\boston_bull\n02096585_210.jpg,boston_bull
C:\Users\user\Documents\GitHub\find_breed\dog_breed_dataset\boston_bull\n02096585_2177.jpg,boston_bull
C:\Users\user\Documents\GitHub\find_breed\dog_breed_dataset\boston_bull\n02096585_2727.jpg,boston_bull
C:\Users\user\Documents\GitHub\find_breed\dog_breed_dataset\boston_bull\n02096585_2900.jpg,boston_bull
C:\Users\user\Documents\GitHub\find_breed\dog_breed_dataset\boston_bull\n02096585_3697.jpg,boston_bull
C:\Users\user\Documents\GitHub\find_breed\dog_breed_dataset\boston_bull\n02096585_5043.jpg,boston_bull
C:\Users\user\Documents\GitHub\find_breed\dog_breed_dataset\boston_bull\n02096585_664.jpg,boston_bull
C:\Users\user\Documents\GitHub\find_breed\dog_breed_dataset\boston_bull\n02096585_670.jpg,boston_bull
C:\Users\user\Documents\GitHub\find_breed\dog_breed_dataset\boston_bull\n02096585_6855.jpg,boston_bull
C:\Users\user\Documents\GitHub\find_breed\dog_breed_dataset\boston_bull\n02096585_9122.jpg,boston_bull
C:\Users\user\Documents\GitHub\find_breed\dog_breed_dataset\boston_bull\n02096585_994.jpg,boston_bull
C:\Users\user\Documents\GitHub\find_breed\dog_breed_dataset\bouvier_des_flandres\n02106382_1005.jpg,bouvier_des_flandres
C:\Users\user\Documents\GitHub\find_breed\dog_breed_dataset\bouvier_des_flandres\n02106382_1016.jpg,bouvier_des_flandres
C:\Users\user\Documents\GitHub\find_breed\dog_breed_dataset\bouvier_des_flandres\n02106382_1036.jpg,bouvier_des_flandres
C:\Users\user\Documents\GitHub\find_breed\dog_breed_dataset\bouvier_des_flandres\n02106382_112.jpg,bouvier_des_flandres
C:\Users\user\Documents\GitHub\find_breed\dog_breed_dataset\bouvier_des_flandres\n02106382_1131.jpg,bouvier_des_flandres
C:\Users\user\Documents\GitHub\find_breed\dog_breed_dataset\bouvier_des_flandres\n02106382_117.jpg,bouvier_des_flandres
C:\Users\user\Documents\GitHub\find_breed\dog_breed_dataset\bouvier_des_flandres\n02106382_1173.jpg,bouvier_des_flandres
C:\Users\user\Documents\GitHub\find_breed\dog_breed_dataset\bouvier_des_flandres\n02106382_1316.jpg,bouvier_des_flandres
C:\Users\user\Documents\GitHub\find_breed\dog_breed_dataset\bouvier_des_flandres\n02106382_1399.jpg,bouvier_des_flandres
C:\Users\user\Documents\GitHub\find_breed\dog_breed_dataset\bouvier_des_flandres\n02106382_1440.jpg,bouvier_des_flandres
C:\Users\user\Documents\GitHub\find_breed\dog_breed_dataset\bouvier_des_flandres\n02106382_1452.jpg,bouvier_des_flandres
C:\Users\user\Documents\GitHub\find_breed\dog_breed_dataset\bouvier_des_flandres\n02106382_1454.jpg,bouvier_des_flandres
C:\Users\user\Documents\GitHub\find_breed\dog_breed_dataset\bouvier_des_flandres\n02106382_1486.jpg,bouvier_des_flandres
C:\Users\user\Documents\GitHub\find_breed\dog_breed_dataset\bouvier_des_flandres\n02106382_154.jpg,bouvier_des_flandres
C:\Users\user\Documents\GitHub\find_breed\dog_breed_dataset\bouvier_des_flandres\n02106382_1598.jpg,bouvier_des_flandres
C:\Users\user\Documents\GitHub\find_breed\dog_breed_dataset\bouvier_des_flandres\n02106382_1623.jpg,bouvier_des_flandres
C:\Users\user\Documents\GitHub\find_breed\dog_breed_dataset\bouvier_des_flandres\n02106382_1633.jpg,bouvier_des_flandres
C:\Users\user\Documents\GitHub\find_breed\dog_breed_dataset\bouvier_des_flandres\n02106382_1648.jpg,bouvier_des_flandres
C:\Users\user\Documents\GitHub\find_breed\dog_breed_dataset\bouvier_des_flandres\n02106382_1731.jpg,bouvier_des_flandres
C:\Users\user\Documents\GitHub\find_breed\dog_breed_dataset\bouvier_des_flandres\n02106382_1736.jpg,bouvier_des_flandres
C:\Users\user\Documents\GitHub\find_breed\dog_breed_dataset\bouvier_des_flandres\n02106382_1800.jpg,bouvier_des_flandres
C:\Users\user\Documents\GitHub\find_breed\dog_breed_dataset\bouvier_des_flandres\n02106382_1828.jpg,bouvier_des_flandres
C:\Users\user\Documents\GitHub\find_breed\dog_breed_dataset\bouvier_des_flandres\n02106382_1925.jpg,bouvier_des_flandres
C:\Users\user\Documents\GitHub\find_breed\dog_breed_dataset\bouvier_des_flandres\n02106382_1963.jpg,bouvier_des_flandres
C:\Users\user\Documents\GitHub\find_breed\dog_breed_dataset\bouvier_des_flandres\n02106382_2012.jpg,bouvier_des_flandres
C:\Users\user\Documents\GitHub\find_breed\dog_breed_dataset\bouvier_des_flandres\n02106382_2021.jpg,bouvier_des_flandres
C:\Users\user\Documents\GitHub\find_breed\dog_breed_dataset\bouvier_des_flandres\n02106382_2083.jpg,bouvier_des_flandres
C:\Users\user\Documents\GitHub\find_breed\dog_breed_dataset\bouvier_des_flandres\n02106382_2087.jpg,bouvier_des_flandres
C:\Users\user\Documents\GitHub\find_breed\dog_breed_dataset\bouvier_des_flandres\n02106382_2105.jpg,bouvier_des_flandres
C:\Users\user\Documents\GitHub\find_breed\dog_breed_dataset\bouvier_des_flandres\n02106382_2305.jpg,bouvier_des_flandres
C:\Users\user\Documents\GitHub\find_breed\dog_breed_dataset\bouvier_des_flandres\n02106382_2322.jpg,bouvier_des_flandres
C:\Users\user\Documents\GitHub\find_breed\dog_breed_dataset\bouvier_des_flandres\n02106382_2323.jpg,bouvier_des_flandres
C:\Users\user\Documents\GitHub\find_breed\dog_breed_dataset\bouvier_des_flandres\n02106382_2343.jpg,bouvier_des_flandres
C:\Users\user\Documents\GitHub\find_breed\dog_breed_dataset\bouvier_des_flandres\n02106382_2365.jpg,bouvier_des_flandres
C:\Users\user\Documents\GitHub\find_breed\dog_breed_dataset\bouvier_des_flandres\n02106382_2370.jpg,bouvier_des_flandres
C:\Users\user\Documents\GitHub\find_breed\dog_breed_dataset\bouvier_des_flandres\n02106382_2456.jpg,bouvier_des_flandres
C:\Users\user\Documents\GitHub\find_breed\dog_breed_dataset\bouvier_des_flandres\n02106382_2502.jpg,bouvier_des_flandres
C:\Users\user\Documents\GitHub\find_breed\dog_breed_dataset\bouvier_des_flandres\n02106382_2533.jpg,bouvier_des_flandres
C:\Users\user\Documents\GitHub\find_breed\dog_breed_dataset\bouvier_des_flandres\n02106382_2535.jpg,bouvier_des_flandres
C:\Users\user\Documents\GitHub\find_breed\dog_breed_dataset\bouvier_des_flandres\n02106382_2536.jpg,bouvier_des_flandres
C:\Users\user\Documents\GitHub\find_breed\dog_breed_dataset\bouvier_des_flandres\n02106382_2658.jpg,bouvier_des_flandres
C:\Users\user\Documents\GitHub\find_breed\dog_breed_dataset\bouvier_des_flandres\n02106382_2663.jpg,bouvier_des_flandres
C:\Users\user\Documents\GitHub\find_breed\dog_breed_dataset\bouvier_des_flandres\n02106382_2676.jpg,bouvier_des_flandres
C:\Users\user\Documents\GitHub\find_breed\dog_breed_dataset\bouvier_des_flandres\n02106382_2715.jpg,bouvier_des_flandres
C:\Users\user\Documents\GitHub\find_breed\dog_breed_dataset\bouvier_des_flandres\n02106382_2730.jpg,bouvier_des_flandres
C:\Users\user\Documents\GitHub\find_breed\dog_breed_dataset\bouvier_des_flandres\n02106382_276.jpg,bouvier_des_flandres
C:\Users\user\Documents\GitHub\find_breed\dog_breed_dataset\bouvier_des_flandres\n02106382_29.jpg,bouvier_des_flandres
C:\Users\user\Documents\GitHub\find_breed\dog_breed_dataset\bouvier_des_flandres\n02106382_2922.jpg,bouvier_des_flandres
C:\Users\user\Documents\GitHub\find_breed\dog_breed_dataset\bouvier_des_flandres\n02106382_3080.jpg,bouvier_des_flandres
C:\Users\user\Documents\GitHub\find_breed\dog_breed_dataset\bouvier_des_flandres\n02106382_3095.jpg,bouvier_des_flandres
C:\Users\user\Documents\GitHub\find_breed\dog_breed_dataset\bouvier_des_flandres\n02106382_3124.jpg,bouvier_des_flandres
C:\Users\user\Documents\GitHub\find_breed\dog_breed_dataset\bouvier_des_flandres\n02106382_314.jpg,bouvier_des_flandres
C:\Users\user\Documents\GitHub\find_breed\dog_breed_dataset\bouvier_des_flandres\n02106382_3202.jpg,bouvier_des_flandres
C:\Users\user\Documents\GitHub\find_breed\dog_breed_dataset\bouvier_des_flandres\n02106382_3425.jpg,bouvier_des_flandres
C:\Users\user\Documents\GitHub\find_breed\dog_breed_dataset\bouvier_des_flandres\n02106382_3437.jpg,bouvier_des_flandres
C:\Users\user\Documents\GitHub\find_breed\dog_breed_dataset\bouvier_des_flandres\n02106382_3704.jpg,bouvier_des_flandres
C:\Users\user\Documents\GitHub\find_breed\dog_breed_dataset\bouvier_des_flandres\n02106382_3802.jpg,bouvier_des_flandres
C:\Users\user\Documents\GitHub\find_breed\dog_breed_dataset\bouvier_des_flandres\n02106382_3803.jpg,bouvier_des_flandres
C:\Users\user\Documents\GitHub\find_breed\dog_breed_dataset\bouvier_des_flandres\n02106382_3840.jpg,bouvier_des_flandres
C:\Users\user\Documents\GitHub\find_breed\dog_breed_dataset\bouvier_des_flandres\n02106382_3848.jpg,bouvier_des_flandres
C:\Users\user\Documents\GitHub\find_breed\dog_breed_dataset\bouvier_des_flandres\n02106382_4060.jpg,bouvier_des_flandres
C:\Users\user\Documents\GitHub\find_breed\dog_breed_dataset\bouvier_des_flandres\n02106382_419.jpg,bouvier_des_flandres
C:\Users\user\Documents\GitHub\find_breed\dog_breed_dataset\bouvier_des_flandres\n02106382_442.jpg,bouvier_des_flandres
C:\Users\user\Documents\GitHub\find_breed\dog_breed_dataset\bouvier_des_flandres\n02106382_4421.jpg,bouvier_des_flandres
C:\Users\user\Documents\GitHub\find_breed\dog_breed_dataset\bouvier_des_flandres\n02106382_4469.jpg,bouvier_des_flandres
C:\Users\user\Documents\GitHub\find_breed\dog_breed_dataset\bouvier_des_flandres\n02106382_4503.jpg,bouvier_des_flandres
C:\Users\user\Documents\GitHub\find_breed\dog_breed_dataset\bouvier_des_flandres\n02106382_4609.jpg,bouvier_des_flandres
C:\Users\user\Documents\GitHub\find_breed\dog_breed_dataset\bouvier_des_flandres\n02106382_4629.jpg,bouvier_des_flandres
C:\Users\user\Documents\GitHub\find_breed\dog_breed_dataset\bouvier_des_flandres\n02106382_4671.jpg,bouvier_des_flandres
C:\Users\user\Documents\GitHub\find_breed\dog_breed_dataset\bouvier_des_flandres\n02106382_472.jpg,bouvier_des_flandres
C:\Users\user\Documents\GitHub\find_breed\dog_breed_dataset\bouvier_des_flandres\n02106382_4789.jpg,bouvier_des_flandres
C:\Users\user\Documents\GitHub\find_breed\dog_breed_dataset\bouvier_des_flandres\n02106382_501.jpg,bouvier_des_flandres
C:\Users\user\Documents\GitHub\find_breed\dog_breed_dataset\bouvier_des_flandres\n02106382_590.jpg,bouvier_des_flandres
C:\Users\user\Documents\GitHub\find_breed\dog_breed_dataset\bouvier_des_flandres\n02106382_680.jpg,bouvier_des_flandres
C:\Users\user\Documents\GitHub\find_breed\dog_breed_dataset\bouvier_des_flandres\n02106382_709.jpg,bouvier_des_flandres
C:\Users\user\Documents\GitHub\find_breed\dog_breed_dataset\bouvier_des_flandres\n02106382_748.jpg,bouvier_des_flandres
C:\Users\user\Documents\GitHub\find_breed\dog_breed_dataset\bouvier_des_flandres\n02106382_752.jpg,bouvier_des_flandres
C:\Users\user\Documents\GitHub\find_breed\dog_breed_dataset\bouvier_des_flandres\n02106382_759.jpg,bouvier_des_flandres
C:\Users\user\Documents\GitHub\find_breed\dog_breed_dataset\bouvier_des_flandres\n02106382_787.jpg,bouvier_des_flandres
C:\Users\user\Documents\GitHub\find_breed\dog_breed_dataset\bouvier_des_flandres\n02106382_829.jpg,bouvier_des_flandres
C:\Users\user\Documents\GitHub\find_breed\dog_breed_dataset\bouvier_des_flandres\n02106382_886.jpg,bouvier_des_flandres
C:\Users\user\Documents\GitHub\find_breed\dog_breed_dataset\boxer\n02108089_11807.jpg,boxer
C:\Users\user\Documents\GitHub\find_breed\dog_breed_dataset\boxer\n02108089_1353.jpg,boxer
C:\Users\user\Documents\GitHub\find_breed\dog_breed_dataset\boxer\n02108089_14112.jpg,boxer
C:\Users\user\Documents\GitHub\find_breed\dog_breed_dataset\boxer\n02108089_2653.jpg,boxer
C:\Users\user\Documents\GitHub\find_breed\dog_breed_dataset\boxer\n02108089_3236.jpg,boxer
C:\Users\user\Documents\GitHub\find_breed\dog_breed_dataset\boxer\n02108089_3412.jpg,boxer
C:\Users\user\Documents\GitHub\find_breed\dog_breed_dataset\boxer\n02108089_530.jpg,boxer
C:\Users\user\Documents\GitHub\find_breed\dog_breed_dataset\boxer\n02108089_5599.jpg,boxer
C:\Users\user\Documents\GitHub\find_breed\dog_breed_dataset\boxer\n02108089_5977.jpg,boxer
C:\Users\user\Documents\GitHub\find_breed\dog_breed_dataset\boxer\n02108089_931.jpg,boxer
C:\Users\user\Documents\GitHub\find_breed\dog_breed_dataset\brabancon_griffon\n02112706_106.jpg,brabancon_griffon
C:\Users\user\Documents\GitHub\find_breed\dog_breed_dataset\brabancon_griffon\n02112706_1072.jpg,brabancon_griffon
C:\Users\user\Documents\GitHub\find_breed\dog_breed_dataset\brabancon_griffon\n02112706_1102.jpg,brabancon_griffon
C:\Users\user\Documents\GitHub\find_breed\dog_breed_dataset\brabancon_griffon\n02112706_1145.jpg,brabancon_griffon
C:\Users\user\Documents\GitHub\find_breed\dog_breed_dataset\brabancon_griffon\n02112706_1165.jpg,brabancon_griffon
C:\Users\user\Documents\GitHub\find_breed\dog_breed_dataset\brabancon_griffon\n02112706_1180.jpg,brabancon_griffon
C:\Users\user\Documents\GitHub\find_breed\dog_breed_dataset\brabancon_griffon\n02112706_1237.jpg,brabancon_griffon
C:\Users\user\Documents\GitHub\find_breed\dog_breed_dataset\brabancon_griffon\n02112706_1251.jpg,brabancon_griffon
C:\Users\user\Documents\GitHub\find_breed\dog_breed_dataset\brabancon_griffon\n02112706_1418.jpg,brabancon_griffon
C:\Users\user\Documents\GitHub\find_breed\dog_breed_dataset\brabancon_griffon\n02112706_1419.jpg,brabancon_griffon
C:\Users\user\Documents\GitHub\find_breed\dog_breed_dataset\brabancon_griffon\n02112706_1453.jpg,brabancon_griffon
C:\Users\user\Documents\GitHub\find_breed\dog_breed_dataset\brabancon_griffon\n02112706_154.jpg,brabancon_griffon
C:\Users\user\Documents\GitHub\find_breed\dog_breed_dataset\brabancon_griffon\n02112706_16.jpg,brabancon_griffon
C:\Users\user\Documents\GitHub\find_breed\dog_breed_dataset\brabancon_griffon\n02112706_1700.jpg,brabancon_griffon
C:\Users\user\Documents\GitHub\find_breed\dog_breed_dataset\brabancon_griffon\n02112706_1805.jpg,brabancon_griffon
C:\Users\user\Documents\GitHub\find_breed\dog_breed_dataset\brabancon_griffon\n02112706_1862.jpg,brabancon_griffon
C:\Users\user\Documents\GitHub\find_breed\dog_breed_dataset\brabancon_griffon\n02112706_1869.jpg,brabancon_griffon
C:\Users\user\Documents\GitHub\find_breed\dog_breed_dataset\brabancon_griffon\n02112706_1899.jpg,brabancon_griffon
C:\Users\user\Documents\GitHub\find_breed\dog_breed_dataset\brabancon_griffon\n02112706_2123.jpg,brabancon_griffon
C:\Users\user\Documents\GitHub\find_breed\dog_breed_dataset\brabancon_griffon\n02112706_2155.jpg,brabancon_griffon
C:\Users\user\Documents\GitHub\find_breed\dog_breed_dataset\brabancon_griffon\n02112706_220.jpg,brabancon_griffon
C:\Users\user\Documents\GitHub\find_breed\dog_breed_dataset\brabancon_griffon\n02112706_223.jpg,brabancon_griffon
C:\Users\user\Documents\GitHub\find_breed\dog_breed_dataset\brabancon_griffon\n02112706_2269.jpg,brabancon_griffon
C:\Users\user\Documents\GitHub\find_breed\dog_breed_dataset\brabancon_griffon\n02112706_2391.jpg,brabancon_griffon
C:\Users\user\Documents\GitHub\find_breed\dog_breed_dataset\brabancon_griffon\n02112706_2441.jpg,brabancon_griffon
C:\Users\user\Documents\GitHub\find_breed\dog_breed_dataset\brabancon_griffon\n02112706_350.jpg,brabancon_griffon
C:\Users\user\Documents\GitHub\find_breed\dog_breed_dataset\brabancon_griffon\n02112706_360.jpg,brabancon_griffon
C:\Users\user\Documents\GitHub\find_breed\dog_breed_dataset\brabancon_griffon\n02112706_442.jpg,brabancon_griffon
C:\Users\user\Documents\GitHub\find_breed\dog_breed_dataset\brabancon_griffon\n02112706_473.jpg,brabancon_griffon
C:\Users\user\Documents\GitHub\find_breed\dog_breed_dataset\brabancon_griffon\n02112706_663.jpg,brabancon_griffon
C:\Users\user\Documents\GitHub\find_breed\dog_breed_dataset\brabancon_griffon\n02112706_762.jpg,brabancon_griffon
C:\Users\user\Documents\GitHub\find_breed\dog_breed_dataset\briard\n02105251_2317.jpg,briard
C:\Users\user\Documents\GitHub\find_breed\dog_breed_dataset\briard\n02105251_2439.jpg,briard
C:\Users\user\Documents\GitHub\find_breed\dog_breed_dataset\briard\n02105251_2656.jpg,briard
C:\Users\user\Documents\GitHub\find_breed\dog_breed_dataset\briard\n02105251_3265.jpg,briard
C:\Users\user\Documents\GitHub\find_breed\dog_breed_dataset\briard\n02105251_3407.jpg,briard
C:\Users\user\Documents\GitHub\find_breed\dog_breed_dataset\briard\n02105251_3436.jpg,briard
C:\Users\user\Documents\GitHub\find_breed\dog_breed_dataset\briard\n02105251_3729.jpg,briard
C:\Users\user\Documents\GitHub\find_breed\dog_breed_dataset\briard\n02105251_5065.jpg,briard
C:\Users\user\Documents\GitHub\find_breed\dog_breed_dataset\briard\n02105251_5408.jpg,briard
C:\Users\user\Documents\GitHub\find_breed\dog_breed_dataset\briard\n02105251_5775.jpg,briard
C:\Users\user\Documents\GitHub\find_breed\dog_breed_dataset\briard\n02105251_5864.jpg,briard
C:\Users\user\Documents\GitHub\find_breed\dog_breed_dataset\briard\n02105251_6366.jpg,briard
C:\Users\user\Documents\GitHub\find_breed\dog_breed_dataset\briard\n02105251_673.jpg,briard
C:\Users\user\Documents\GitHub\find_breed\dog_breed_dataset\briard\n02105251_6883.jpg,briard
C:\Users\user\Documents\GitHub\find_breed\dog_breed_dataset\briard\n02105251_7056.jpg,briard
C:\Users\user\Documents\GitHub\find_breed\dog_breed_dataset\briard\n02105251_7058.jpg,briard
C:\Users\user\Documents\GitHub\find_breed\dog_breed_dataset\briard\n02105251_7233.jpg,briard
C:\Users\user\Documents\GitHub\find_breed\dog_breed_dataset\briard\n02105251_7723.jpg,briard
C:\Users\user\Documents\GitHub\find_breed\dog_breed_dataset\briard\n02105251_7797.jpg,briard
C:\Users\user\Documents\GitHub\find_breed\dog_breed_dataset\briard\n02105251_8075.jpg,briard
C:\Users\user\Documents\GitHub\find_breed\dog_breed_dataset\briard\n02105251_8384.jpg,briard
C:\Users\user\Documents\GitHub\find_breed\dog_breed_dataset\briard\n02105251_8543.jpg,briard
C:\Users\user\Documents\GitHub\find_breed\dog_breed_dataset\briard\n02105251_8570.jpg,briard
C:\Users\user\Documents\GitHub\find_breed\dog_breed_dataset\briard\n02105251_8629.jpg,briard
C:\Users\user\Documents\GitHub\find_breed\dog_breed_dataset\briard\n02105251_8870.jpg,briard
C:\Users\user\Documents\GitHub\find_breed\dog_breed_dataset\briard\n02105251_8930.jpg,briard
C:\Users\user\Documents\GitHub\find_breed\dog_breed_dataset\brittany_spaniel\n02101388_10348.jpg,brittany_spaniel
C:\Users\user\Documents\GitHub\find_breed\dog_breed_dataset\brittany_spaniel\n02101388_1262.jpg,brittany_spaniel
C:\Users\user\Documents\GitHub\find_breed\dog_breed_dataset\brittany_spaniel\n02101388_2076.jpg,brittany_spaniel
C:\Users\user\Documents\GitHub\find_breed\dog_breed_dataset\brittany_spaniel\n02101388_2142.jpg,brittany_spaniel
C:\Users\user\Documents\GitHub\find_breed\dog_breed_dataset\brittany_spaniel\n02101388_2522.jpg,brittany_spaniel
C:\Users\user\Documents\GitHub\find_breed\dog_breed_dataset\brittany_spaniel\n02101388_3497.jpg,brittany_spaniel
C:\Users\user\Documents\GitHub\find_breed\dog_breed_dataset\brittany_spaniel\n02101388_3518.jpg,brittany_spaniel
C:\Users\user\Documents\GitHub\find_breed\dog_breed_dataset\brittany_spaniel\n02101388_3697.jpg,brittany_spaniel
C:\Users\user\Documents\GitHub\find_breed\dog_breed_dataset\brittany_spaniel\n02101388_4333.jpg,brittany_spaniel
C:\Users\user\Documents\GitHub\find_breed\dog_breed_dataset\brittany_spaniel\n02101388_4358.jpg,brittany_spaniel
C:\Users\user\Documents\GitHub\find_breed\dog_breed_dataset\brittany_spaniel\n02101388_4422.jpg,brittany_spaniel
C:\Users\user\Documents\GitHub\find_breed\dog_breed_dataset\brittany_spaniel\n02101388_4632.jpg,brittany_spaniel
C:\Users\user\Documents\GitHub\find_breed\dog_breed_dataset\brittany_spaniel\n02101388_5395.jpg,brittany_spaniel
C:\Users\user\Documents\GitHub\find_breed\dog_breed_dataset\brittany_spaniel\n02101388_5512.jpg,brittany_spaniel
C:\Users\user\Documents\GitHub\find_breed\dog_breed_dataset\brittany_spaniel\n02101388_560.jpg,brittany_spaniel
C:\Users\user\Documents\GitHub\find_breed\dog_breed_dataset\brittany_spaniel\n02101388_6377.jpg,brittany_spaniel
C:\Users\user\Documents\GitHub\find_breed\dog_breed_dataset\brittany_spaniel\n02101388_990.jpg,brittany_spaniel
C:\Users\user\Documents\GitHub\find_breed\dog_breed_dataset\bull_mastiff\n02108422_158.jpg,bull_mastiff
C:\Users\user\Documents\GitHub\find_breed\dog_breed_dataset\bull_mastiff\n02108422_1836.jpg,bull_mastiff
C:\Users\user\Documents\GitHub\find_breed\dog_breed_dataset\bull_mastiff\n02108422_2052.jpg,bull_mastiff
C:\Users\user\Documents\GitHub\find_breed\dog_breed_dataset\bull_mastiff\n02108422_2867.jpg,bull_mastiff
C:\Users\user\Documents\GitHub\find_breed\dog_breed_dataset\bull_mastiff\n02108422_3976.jpg,bull_mastiff
C:\Users\user\Documents\GitHub\find_breed\dog_breed_dataset\bull_mastiff\n02108422_4445.jpg,bull_mastiff
C:\Users\user\Documents\GitHub\find_breed\dog_breed_dataset\bull_mastiff\n02108422_4454.jpg,bull_mastiff
C:\Users\user\Documents\GitHub\find_breed\dog_breed_dataset\bull_mastiff\n02108422_668.jpg,bull_mastiff
C:\Users\user\Documents\GitHub\find_breed\dog_breed_dataset\cairn\n02096177_10483.jpg,cairn
C:\Users\user\Documents\GitHub\find_breed\dog_breed_dataset\cairn\n02096177_11547.jpg,cairn
C:\Users\user\Documents\GitHub\find_breed\dog_breed_dataset\cairn\n02096177_13155.jpg,cairn
C:\Users\user\Documents\GitHub\find_breed\dog_breed_dataset\cairn\n02096177_1385.jpg,cairn
C:\Users\user\Documents\GitHub\find_breed\dog_breed_dataset\cairn\n02096177_143.jpg,cairn
C:\Users\user\Documents\GitHub\find_breed\dog_breed_dataset\cairn\n02096177_1710.jpg,cairn
C:\Users\user\Documents\GitHub\find_breed\dog_breed_dataset\cairn\n02096177_1870.jpg,cairn
C:\Users\user\Documents\GitHub\find_breed\dog_breed_dataset\cairn\n02096177_1889.jpg,cairn
C:\Users\user\Documents\GitHub\find_breed\dog_breed_dataset\cairn\n02096177_1913.jpg,cairn
C:\Users\user\Documents\GitHub\find_breed\dog_breed_dataset\cairn\n02096177_2263.jpg,cairn
C:\Users\user\Documents\GitHub\find_breed\dog_breed_dataset\cairn\n02096177_244.jpg,cairn
C:\Users\user\Documents\GitHub\find_breed\dog_breed_dataset\cairn\n02096177_2463.jpg,cairn
C:\Users\user\Documents\GitHub\find_breed\dog_breed_dataset\cairn\n02096177_2695.jpg,cairn
C:\Users\user\Documents\GitHub\find_breed\dog_breed_dataset\cairn\n02096177_3476.jpg,cairn
C:\Users\user\Documents\GitHub\find_breed\dog_breed_dataset\cairn\n02096177_5225.jpg,cairn
C:\Users\user\Documents\GitHub\find_breed\dog_breed_dataset\cairn\n02096177_579.jpg,cairn
C:\Users\user\Documents\GitHub\find_breed\dog_breed_dataset\cairn\n02096177_580.jpg,cairn
C:\Users\user\Documents\GitHub\find_breed\dog_breed_dataset\cairn\n02096177_622.jpg,cairn
C:\Users\user\Documents\GitHub\find_breed\dog_breed_dataset\cairn\n02096177_7617.jpg,cairn
C:\Users\user\Documents\GitHub\find_breed\dog_breed_dataset\cairn\n02096177_7717.jpg,cairn
C:\Users\user\Documents\GitHub\find_breed\dog_breed_dataset\cairn\n02096177_790.jpg,cairn
C:\Users\user\Documents\GitHub\find_breed\dog_breed_dataset\cairn\n02096177_9208.jpg,cairn
C:\Users\user\Documents\GitHub\find_breed\dog_breed_dataset\cairn\n02096177_9365.jpg,cairn
C:\Users\user\Documents\GitHub\find_breed\dog_breed_dataset\cane_carso\tsinghua_n132720.jpg,cane_carso
C:\Users\user\Documents\GitHub\find_breed\dog_breed_dataset\cane_carso\tsinghua_n132726.jpg,cane_carso
C:\Users\user\Documents\GitHub\find_breed\dog_breed_dataset\cane_carso\tsinghua_n132729.jpg,cane_carso
C:\Users\user\Documents\GitHub\find_breed\dog_breed_dataset\cane_carso\tsinghua_n132735.jpg,cane_carso
C:\Users\user\Documents\GitHub\find_breed\dog_breed_dataset\cane_carso\tsinghua_n132737.jpg,cane_carso
C:\Users\user\Documents\GitHub\find_breed\dog_breed_dataset\cane_carso\tsinghua_n132746.jpg,cane_carso
C:\Users\user\Documents\GitHub\find_breed\dog_breed_dataset\cane_carso\tsinghua_n132762.jpg,cane_carso
C:\Users\user\Documents\GitHub\find_breed\dog_breed_dataset\cane_carso\tsinghua_n132764.jpg,cane_carso
C:\Users\user\Documents\GitHub\find_breed\dog_breed_dataset\cane_carso\tsinghua_n132783.jpg,cane_carso
C:\Users\user\Documents\GitHub\find_breed\dog_breed_dataset\cane_carso\tsinghua_n132788.jpg,cane_carso
C:\Users\user\Documents\GitHub\find_breed\dog_breed_dataset\cane_carso\tsinghua_n132789.jpg,cane_carso
C:\Users\user\Documents\GitHub\find_breed\dog_breed_dataset\cane_carso\tsinghua_n132793.jpg,cane_carso
C:\Users\user\Documents\GitHub\find_breed\dog_breed_dataset\cane_carso\tsinghua_n132796.jpg,cane_carso
C:\Users\user\Documents\GitHub\find_breed\dog_breed_dataset\cane_carso\tsinghua_n132805.jpg,cane_carso
C:\Users\user\Documents\GitHub\find_breed\dog_breed_dataset\cane_carso\tsinghua_n132818.jpg,cane_carso
C:\Users\user\Documents\GitHub\find_breed\dog_breed_dataset\cane_carso\tsinghua_n132821.jpg,cane_carso
C:\Users\user\Documents\GitHub\find_breed\dog_breed_dataset\cane_carso\tsinghua_n132822.jpg,cane_carso
C:\Users\user\Documents\GitHub\find_breed\dog_breed_dataset\cane_carso\tsinghua_n132842.jpg,cane_carso
C:\Users\user\Documents\GitHub\find_breed\dog_breed_dataset\cane_carso\tsinghua_n132846.jpg,cane_carso
C:\Users\user\Documents\GitHub\find_breed\dog_breed_dataset\cane_carso\tsinghua_n132851.jpg,cane_carso
C:\Users\user\Documents\GitHub\find_breed\dog_breed_dataset\cane_carso\tsinghua_n132853.jpg,cane_carso
C:\Users\user\Documents\GitHub\find_breed\dog_breed_dataset\cane_carso\tsinghua_n132862.jpg,cane_carso
C:\Users\user\Documents\GitHub\find_breed\dog_breed_dataset\cane_carso\tsinghua_n132863.jpg,cane_carso
C:\Users\user\Documents\GitHub\find_breed\dog_breed_dataset\cane_carso\tsinghua_n132865.jpg,cane_carso
C:\Users\user\Documents\GitHub\find_breed\dog_breed_dataset\cane_carso\tsinghua_n132866.jpg,cane_carso
C:\Users\user\Documents\GitHub\find_breed\dog_breed_dataset\cane_carso\tsinghua_n132881.jpg,cane_carso
C:\Users\user\Documents\GitHub\find_breed\dog_breed_dataset\cane_carso\tsinghua_n132914.jpg,cane_carso
C:\Users\user\Documents\GitHub\find_breed\dog_breed_dataset\cane_carso\tsinghua_n132916.jpg,cane_carso
C:\Users\user\Documents\GitHub\find_breed\dog_breed_dataset\chesapeake_bay_retriever\n02099849_1115.jpg,chesapeake_bay_retriever
C:\Users\user\Documents\GitHub\find_breed\dog_breed_dataset\chesapeake_bay_retriever\n02099849_1157.jpg,chesapeake_bay_retriever
C:\Users\user\Documents\GitHub\find_breed\dog_breed_dataset\chesapeake_bay_retriever\n02099849_1472.jpg,chesapeake_bay_retriever
C:\Users\user\Documents\GitHub\find_breed\dog_breed_dataset\chesapeake_bay_retriever\n02099849_1776.jpg,chesapeake_bay_retriever
C:\Users\user\Documents\GitHub\find_breed\dog_breed_dataset\chesapeake_bay_retriever\n02099849_2133.jpg,chesapeake_bay_retriever
C:\Users\user\Documents\GitHub\find_breed\dog_breed_dataset\chesapeake_bay_retriever\n02099849_2416.jpg,chesapeake_bay_retriever
C:\Users\user\Documents\GitHub\find_breed\dog_breed_dataset\chesapeake_bay_retriever\n02099849_253.jpg,chesapeake_bay_retriever
C:\Users\user\Documents\GitHub\find_breed\dog_breed_dataset\chesapeake_bay_retriever\n02099849_2612.jpg,chesapeake_bay_retriever
C:\Users\user\Documents\GitHub\find_breed\dog_breed_dataset\chesapeake_bay_retriever\n02099849_264.jpg,chesapeake_bay_retriever
C:\Users\user\Documents\GitHub\find_breed\dog_breed_dataset\chesapeake_bay_retriever\n02099849_2847.jpg,chesapeake_bay_retriever
C:\Users\user\Documents\GitHub\find_breed\dog_breed_dataset\chesapeake_bay_retriever\n02099849_3207.jpg,chesapeake_bay_retriever
C:\Users\user\Documents\GitHub\find_breed\dog_breed_dataset\chesapeake_bay_retriever\n02099849_4215.jpg,chesapeake_bay_retriever
C:\Users\user\Documents\GitHub\find_breed\dog_breed_dataset\chesapeake_bay_retriever\n02099849_4322.jpg,chesapeake_bay_retriever
C:\Users\user\Documents\GitHub\find_breed\dog_breed_dataset\chesapeake_bay_retriever\n02099849_4498.jpg,chesapeake_bay_retriever
C:\Users\user\Documents\GitHub\find_breed\dog_breed_dataset\chesapeake_bay_retriever\n02099849_4549.jpg,chesapeake_bay_retriever
C:\Users\user\Documents\GitHub\find_breed\dog_breed_dataset\chesapeake_bay_retriever\n02099849_4677.jpg,chesapeake_bay_retriever
C:\Users\user\Documents\GitHub\find_breed\dog_breed_dataset\chesapeake_bay_retriever\n02099849_501.jpg,chesapeake_bay_retriever
C:\Users\user\Documents\GitHub\find_breed\dog_breed_dataset\chesapeake_bay_retriever\n02099849_927.jpg,chesapeake_bay_retriever
C:\Users\user\Documents\GitHub\find_breed\dog_breed_dataset\chihuahua\chihuahua89.jpg,chihuahua
C:\Users\user\Documents\GitHub\find_breed\dog_breed_dataset\chihuahua\chihuahua91.jpg,chihuahua
C:\Users\user\Documents\GitHub\find_breed\dog_breed_dataset\chihuahua\n02085620_11238.jpg,chihuahua
C:\Users\user\Documents\GitHub\find_breed\dog_breed_dataset\chihuahua\n02085620_11337.jpg,chihuahua
C:\Users\user\Documents\GitHub\find_breed\dog_breed_dataset\chihuahua\n02085620_13383.jpg,chihuahua
C:\Users\user\Documents\GitHub\find_breed\dog_breed_dataset\chihuahua\n02085620_1569.jpg,chihuahua
C:\Users\user\Documents\GitHub\find_breed\dog_breed_dataset\chihuahua\n02085620_1816.jpg,chihuahua
C:\Users\user\Documents\GitHub\find_breed\dog_breed_dataset\chihuahua\n02085620_2937.jpg,chihuahua
C:\Users\user\Documents\GitHub\find_breed\dog_breed_dataset\chihuahua\n02085620_3402.jpg,chihuahua
C:\Users\user\Documents\GitHub\find_breed\dog_breed_dataset\chihuahua\n02085620_3593.jpg,chihuahua
C:\Users\user\Documents\GitHub\find_breed\dog_breed_dataset\chihuahua\n02085620_4572.jpg,chihuahua
C:\Users\user\Documents\GitHub\find_breed\dog_breed_dataset\chihuahua\n02085620_4602.jpg,chihuahua
C:\Users\user\Documents\GitHub\find_breed\dog_breed_dataset\chihuahua\n02085620_4980.jpg,chihuahua
C:\Users\user\Documents\GitHub\find_breed\dog_breed_dataset\chihuahua\n02085620_575.jpg,chihuahua
C:\Users\user\Documents\GitHub\find_breed\dog_breed_dataset\chihuahua\n02085620_588.jpg,chihuahua
C:\Users\user\Documents\GitHub\find_breed\dog_breed_dataset\chihuahua\n02085620_6399.jpg,chihuahua
C:\Users\user\Documents\GitHub\find_breed\dog_breed_dataset\chihuahua\n02085620_735.jpg,chihuahua
C:\Users\user\Documents\GitHub\find_breed\dog_breed_dataset\chihuahua\n02085620_8585.jpg,chihuahua
C:\Users\user\Documents\GitHub\find_breed\dog_breed_dataset\chihuahua\n02085620_8611.jpg,chihuahua
C:\Users\user\Documents\GitHub\find_breed\dog_breed_dataset\chinese_crested_dog\tsinghua_n127702.jpg,chinese_crested_dog
C:\Users\user\Documents\GitHub\find_breed\dog_breed_dataset\chinese_crested_dog\tsinghua_n127705.jpg,chinese_crested_dog
C:\Users\user\Documents\GitHub\find_breed\dog_breed_dataset\chinese_crested_dog\tsinghua_n127706.jpg,chinese_crested_dog
C:\Users\user\Documents\GitHub\find_breed\dog_breed_dataset\chinese_crested_dog\tsinghua_n127708.jpg,chinese_crested_dog
C:\Users\user\Documents\GitHub\find_breed\dog_breed_dataset\chinese_crested_dog\tsinghua_n127711.jpg,chinese_crested_dog
C:\Users\user\Documents\GitHub\find_breed\dog_breed_dataset\chinese_crested_dog\tsinghua_n127713.jpg,chinese_crested_dog
C:\Users\user\Documents\GitHub\find_breed\dog_breed_dataset\chinese_crested_dog\tsinghua_n127717.jpg,chinese_crested_dog
C:\Users\user\Documents\GitHub\find_breed\dog_breed_dataset\chinese_crested_dog\tsinghua_n127718.jpg,chinese_crested_dog
C:\Users\user\Documents\GitHub\find_breed\dog_breed_dataset\chinese_crested_dog\tsinghua_n127723.jpg,chinese_crested_dog
C:\Users\user\Documents\GitHub\find_breed\dog_breed_dataset\chinese_crested_dog\tsinghua_n127725.jpg,chinese_crested_dog
C:\Users\user\Documents\GitHub\find_breed\dog_breed_dataset\chinese_crested_dog\tsinghua_n127728.jpg,chinese_crested_dog
C:\Users\user\Documents\GitHub\find_breed\dog_breed_dataset\chinese_crested_dog\tsinghua_n127734.jpg,chinese_crested_dog
C:\Users\user\Documents\GitHub\find_breed\dog_breed_dataset\chinese_crested_dog\tsinghua_n127754.jpg,chinese_crested_dog
C:\Users\user\Documents\GitHub\find_breed\dog_breed_dataset\chinese_crested_dog\tsinghua_n127759.jpg,chinese_crested_dog
C:\Users\user\Documents\GitHub\find_breed\dog_breed_dataset\chinese_crested_dog\tsinghua_n127771.jpg,chinese_crested_dog
C:\Users\user\Documents\GitHub\find_breed\dog_breed_dataset\chinese_crested_dog\tsinghua_n127772.jpg,chinese_crested_dog
C:\Users\user\Documents\GitHub\find_breed\dog_breed_dataset\chinese_crested_dog\tsinghua_n127774.jpg,chinese_crested_dog
C:\Users\user\Documents\GitHub\find_breed\dog_breed_dataset\chinese_crested_dog\tsinghua_n127784.jpg,chinese_crested_dog
C:\Users\user\Documents\GitHub\find_breed\dog_breed_dataset\chinese_crested_dog\tsinghua_n127790.jpg,chinese_crested_dog
C:\Users\user\Documents\GitHub\find_breed\dog_breed_dataset\chinese_crested_dog\tsinghua_n127795.jpg,chinese_crested_dog
C:\Users\user\Documents\GitHub\find_breed\dog_breed_dataset\chinese_crested_dog\tsinghua_n127798.jpg,chinese_crested_dog
C:\Users\user\Documents\GitHub\find_breed\dog_breed_dataset\chinese_crested_dog\tsinghua_n127804.jpg,chinese_crested_dog
C:\Users\user\Documents\GitHub\find_breed\dog_breed_dataset\chinese_crested_dog\tsinghua_n127806.jpg,chinese_crested_dog
C:\Users\user\Documents\GitHub\find_breed\dog_breed_dataset\chinese_crested_dog\tsinghua_n127810.jpg,chinese_crested_dog
C:\Users\user\Documents\GitHub\find_breed\dog_breed_dataset\chinese_crested_dog\tsinghua_n127813.jpg,chinese_crested_dog
C:\Users\user\Documents\GitHub\find_breed\dog_breed_dataset\chinese_crested_dog\tsinghua_n127816.jpg,chinese_crested_dog
C:\Users\user\Documents\GitHub\find_breed\dog_breed_dataset\chinese_crested_dog\tsinghua_n127817.jpg,chinese_crested_dog
C:\Users\user\Documents\GitHub\find_breed\dog_breed_dataset\chinese_crested_dog\tsinghua_n127822.jpg,chinese_crested_dog
C:\Users\user\Documents\GitHub\find_breed\dog_breed_dataset\chinese_crested_dog\tsinghua_n127825.jpg,chinese_crested_dog
C:\Users\user\Documents\GitHub\find_breed\dog_breed_dataset\chinese_crested_dog\tsinghua_n127834.jpg,chinese_crested_dog
C:\Users\user\Documents\GitHub\find_breed\dog_breed_dataset\chinese_crested_dog\tsinghua_n127837.jpg,chinese_crested_dog
C:\Users\user\Documents\GitHub\find_breed\dog_breed_dataset\chinese_crested_dog\tsinghua_n127838.jpg,chinese_crested_dog
C:\Users\user\Documents\GitHub\find_breed\dog_breed_dataset\chinese_crested_dog\tsinghua_n127839.jpg,chinese_crested_dog
C:\Users\user\Documents\GitHub\find_breed\dog_breed_dataset\chinese_crested_dog\tsinghua_n127846.jpg,chinese_crested_dog
C:\Users\user\Documents\GitHub\find_breed\dog_breed_dataset\chinese_crested_dog\tsinghua_n127848.jpg,chinese_crested_dog
C:\Users\user\Documents\GitHub\find_breed\dog_breed_dataset\chinese_crested_dog\tsinghua_n127855.jpg,chinese_crested_dog
C:\Users\user\Documents\GitHub\find_breed\dog_breed_dataset\chinese_crested_dog\tsinghua_n127859.jpg,chinese_crested_dog
C:\Users\user\Documents\GitHub\find_breed\dog_breed_dataset\chinese_crested_dog\tsinghua_n127865.jpg,chinese_crested_dog
C:\Users\user\Documents\GitHub\find_breed\dog_breed_dataset\chinese_crested_dog\tsinghua_n127867.jpg,chinese_crested_dog
C:\Users\user\Documents\GitHub\find_breed\dog_breed_dataset\chinese_crested_dog\tsinghua_n127871.jpg,chinese_crested_dog
C:\Users\user\Documents\GitHub\find_breed\dog_breed_dataset\chinese_crested_dog\tsinghua_n127872.jpg,chinese_crested_dog
C:\Users\user\Documents\GitHub\find_breed\dog_breed_dataset\chinese_crested_dog\tsinghua_n127879.jpg,chinese_crested_dog
C:\Users\user\Documents\GitHub\find_breed\dog_breed_dataset\chinese_crested_dog\tsinghua_n127886.jpg,chinese_crested_dog
C:\Users\user\Documents\GitHub\find_breed\dog_breed_dataset\chinese_crested_dog\tsinghua_n127887.jpg,chinese_crested_dog
C:\Users\user\Documents\GitHub\find_breed\dog_breed_dataset\chinese_crested_dog\tsinghua_n127896.jpg,chinese_crested_dog
C:\Users\user\Documents\GitHub\find_breed\dog_breed_dataset\chow\n02112137_1015.jpg,chow
C:\Users\user\Documents\GitHub\find_breed\dog_breed_dataset\chow\n02112137_10430.jpg,chow
C:\Users\user\Documents\GitHub\find_breed\dog_breed_dataset\chow\n02112137_10457.jpg,chow
C:\Users\user\Documents\GitHub\find_breed\dog_breed_dataset\chow\n02112137_10731.jpg,chow
C:\Users\user\Documents\GitHub\find_breed\dog_breed_dataset\chow\n02112137_11273.jpg,chow
C:\Users\user\Documents\GitHub\find_breed\dog_breed_dataset\chow\n02112137_11472.jpg,chow
C:\Users\user\Documents\GitHub\find_breed\dog_breed_dataset\chow\n02112137_11549.jpg,chow
C:\Users\user\Documents\GitHub\find_breed\dog_breed_dataset\chow\n02112137_11927.jpg,chow
C:\Users\user\Documents\GitHub\find_breed\dog_breed_dataset\chow\n02112137_12579.jpg,chow
C:\Users\user\Documents\GitHub\find_breed\dog_breed_dataset\chow\n02112137_13075.jpg,chow
C:\Users\user\Documents\GitHub\find_breed\dog_breed_dataset\chow\n02112137_13415.jpg,chow
C:\Users\user\Documents\GitHub\find_breed\dog_breed_dataset\chow\n02112137_14448.jpg,chow
C:\Users\user\Documents\GitHub\find_breed\dog_breed_dataset\chow\n02112137_14881.jpg,chow
C:\Users\user\Documents\GitHub\find_breed\dog_breed_dataset\chow\n02112137_15770.jpg,chow
C:\Users\user\Documents\GitHub\find_breed\dog_breed_dataset\chow\n02112137_16109.jpg,chow
C:\Users\user\Documents\GitHub\find_breed\dog_breed_dataset\chow\n02112137_16354.jpg,chow
C:\Users\user\Documents\GitHub\find_breed\dog_breed_dataset\chow\n02112137_16520.jpg,chow
C:\Users\user\Documents\GitHub\find_breed\dog_breed_dataset\chow\n02112137_16817.jpg,chow
C:\Users\user\Documents\GitHub\find_breed\dog_breed_dataset\chow\n02112137_17437.jpg,chow
C:\Users\user\Documents\GitHub\find_breed\dog_breed_dataset\chow\n02112137_18174.jpg,chow
C:\Users\user\Documents\GitHub\find_breed\dog_breed_dataset\chow\n02112137_1976.jpg,chow
C:\Users\user\Documents\GitHub\find_breed\dog_breed_dataset\chow\n02112137_2028.jpg,chow
C:\Users\user\Documents\GitHub\find_breed\dog_breed_dataset\chow\n02112137_2106.jpg,chow
C:\Users\user\Documents\GitHub\find_breed\dog_breed_dataset\chow\n02112137_2453.jpg,chow
C:\Users\user\Documents\GitHub\find_breed\dog_breed_dataset\chow\n02112137_2521.jpg,chow
C:\Users\user\Documents\GitHub\find_breed\dog_breed_dataset\chow\n02112137_2664.jpg,chow
C:\Users\user\Documents\GitHub\find_breed\dog_breed_dataset\chow\n02112137_2724.jpg,chow
C:\Users\user\Documents\GitHub\find_breed\dog_breed_dataset\chow\n02112137_2809.jpg,chow
C:\Users\user\Documents\GitHub\find_breed\dog_breed_dataset\chow\n02112137_2825.jpg,chow
C:\Users\user\Documents\GitHub\find_breed\dog_breed_dataset\chow\n02112137_2850.jpg,chow
C:\Users\user\Documents\GitHub\find_breed\dog_breed_dataset\chow\n02112137_2947.jpg,chow
C:\Users\user\Documents\GitHub\find_breed\dog_breed_dataset\chow\n02112137_3237.jpg,chow
C:\Users\user\Documents\GitHub\find_breed\dog_breed_dataset\chow\n02112137_3439.jpg,chow
C:\Users\user\Documents\GitHub\find_breed\dog_breed_dataset\chow\n02112137_3484.jpg,chow
C:\Users\user\Documents\GitHub\find_breed\dog_breed_dataset\chow\n02112137_3706.jpg,chow
C:\Users\user\Documents\GitHub\find_breed\dog_breed_dataset\chow\n02112137_4650.jpg,chow
C:\Users\user\Documents\GitHub\find_breed\dog_breed_dataset\chow\n02112137_5022.jpg,chow
C:\Users\user\Documents\GitHub\find_breed\dog_breed_dataset\chow\n02112137_517.jpg,chow
C:\Users\user\Documents\GitHub\find_breed\dog_breed_dataset\chow\n02112137_5240.jpg,chow
C:\Users\user\Documents\GitHub\find_breed\dog_breed_dataset\chow\n02112137_5420.jpg,chow
C:\Users\user\Documents\GitHub\find_breed\dog_breed_dataset\chow\n02112137_5548.jpg,chow
C:\Users\user\Documents\GitHub\find_breed\dog_breed_dataset\chow\n02112137_6160.jpg,chow
C:\Users\user\Documents\GitHub\find_breed\dog_breed_dataset\chow\n02112137_6458.jpg,chow
C:\Users\user\Documents\GitHub\find_breed\dog_breed_dataset\chow\n02112137_6506.jpg,chow
C:\Users\user\Documents\GitHub\find_breed\dog_breed_dataset\chow\n02112137_6627.jpg,chow
C:\Users\user\Documents\GitHub\find_breed\dog_breed_dataset\chow\n02112137_6808.jpg,chow
C:\Users\user\Documents\GitHub\find_breed\dog_breed_dataset\chow\n02112137_6857.jpg,chow
C:\Users\user\Documents\GitHub\find_breed\dog_breed_dataset\chow\n02112137_7302.jpg,chow
C:\Users\user\Documents\GitHub\find_breed\dog_breed_dataset\chow\n02112137_7428.jpg,chow
C:\Users\user\Documents\GitHub\find_breed\dog_breed_dataset\chow\n02112137_7616.jpg,chow
C:\Users\user\Documents\GitHub\find_breed\dog_breed_dataset\chow\n02112137_7645.jpg,chow
C:\Users\user\Documents\GitHub\find_breed\dog_breed_dataset\chow\n02112137_7988.jpg,chow
C:\Users\user\Documents\GitHub\find_breed\dog_breed_dataset\chow\n02112137_8212.jpg,chow
C:\Users\user\Documents\GitHub\find_breed\dog_breed_dataset\chow\n02112137_8983.jpg,chow
C:\Users\user\Documents\GitHub\find_breed\dog_breed_dataset\chow\n02112137_9280.jpg,chow
C:\Users\user\Documents\GitHub\find_breed\dog_breed_dataset\chow\n02112137_9708.jpg,chow
C:\Users\user\Documents\GitHub\find_breed\dog_breed_dataset\clumber\n02101556_129.jpg,clumber
C:\Users\user\Documents\GitHub\find_breed\dog_breed_dataset\clumber\n02101556_2003.jpg,clumber
C:\Users\user\Documents\GitHub\find_breed\dog_breed_dataset\clumber\n02101556_3122.jpg,clumber
C:\Users\user\Documents\GitHub\find_breed\dog_breed_dataset\clumber\n02101556_3556.jpg,clumber
C:\Users\user\Documents\GitHub\find_breed\dog_breed_dataset\clumber\n02101556_3660.jpg,clumber
C:\Users\user\Documents\GitHub\find_breed\dog_breed_dataset\clumber\n02101556_3690.jpg,clumber
C:\Users\user\Documents\GitHub\find_breed\dog_breed_dataset\clumber\n02101556_3878.jpg,clumber
C:\Users\user\Documents\GitHub\find_breed\dog_breed_dataset\clumber\n02101556_3901.jpg,clumber
C:\Users\user\Documents\GitHub\find_breed\dog_breed_dataset\clumber\n02101556_4028.jpg,clumber
C:\Users\user\Documents\GitHub\find_breed\dog_breed_dataset\clumber\n02101556_4039.jpg,clumber
C:\Users\user\Documents\GitHub\find_breed\dog_breed_dataset\clumber\n02101556_488.jpg,clumber
C:\Users\user\Documents\GitHub\find_breed\dog_breed_dataset\clumber\n02101556_4965.jpg,clumber
C:\Users\user\Documents\GitHub\find_breed\dog_breed_dataset\clumber\n02101556_4994.jpg,clumber
C:\Users\user\Documents\GitHub\find_breed\dog_breed_dataset\clumber\n02101556_5137.jpg,clumber
C:\Users\user\Documents\GitHub\find_breed\dog_breed_dataset\clumber\n02101556_5167.jpg,clumber
C:\Users\user\Documents\GitHub\find_breed\dog_breed_dataset\clumber\n02101556_5195.jpg,clumber
C:\Users\user\Documents\GitHub\find_breed\dog_breed_dataset\clumber\n02101556_5252.jpg,clumber
C:\Users\user\Documents\GitHub\find_breed\dog_breed_dataset\clumber\n02101556_5405.jpg,clumber
C:\Users\user\Documents\GitHub\find_breed\dog_breed_dataset\clumber\n02101556_577.jpg,clumber
C:\Users\user\Documents\GitHub\find_breed\dog_breed_dataset\clumber\n02101556_6037.jpg,clumber
C:\Users\user\Documents\GitHub\find_breed\dog_breed_dataset\clumber\n02101556_7295.jpg,clumber
C:\Users\user\Documents\GitHub\find_breed\dog_breed_dataset\clumber\n02101556_7574.jpg,clumber
C:\Users\user\Documents\GitHub\find_breed\dog_breed_dataset\clumber\n02101556_7677.jpg,clumber
C:\Users\user\Documents\GitHub\find_breed\dog_breed_dataset\clumber\n02101556_8148.jpg,clumber
C:\Users\user\Documents\GitHub\find_breed\dog_breed_dataset\clumber\n02101556_9.jpg,clumber
C:\Users\user\Documents\GitHub\find_breed\dog_breed_dataset\cocker_spaniel\n02102318_11648.jpg,cocker_spaniel
C:\Users\user\Documents\GitHub\find_breed\dog_breed_dataset\cocker_spaniel\n02102318_14111.jpg,cocker_spaniel
C:\Users\user\Documents\GitHub\find_breed\dog_breed_dataset\cocker_spaniel\n02102318_1458.jpg,cocker_spaniel
C:\Users\user\Documents\GitHub\find_breed\dog_breed_dataset\cocker_spaniel\n02102318_1754.jpg,cocker_spaniel
C:\Users\user\Documents\GitHub\find_breed\dog_breed_dataset\cocker_spaniel\n02102318_422.jpg,cocker_spaniel
C:\Users\user\Documents\GitHub\find_breed\dog_breed_dataset\cocker_spaniel\n02102318_7000.jpg,cocker_spaniel
C:\Users\user\Documents\GitHub\find_breed\dog_breed_dataset\cocker_spaniel\n02102318_89.jpg,cocker_spaniel
C:\Users\user\Documents\GitHub\find_breed\dog_breed_dataset\collie\n02106030_1005.jpg,collie
C:\Users\user\Documents\GitHub\find_breed\dog_breed_dataset\collie\n02106030_10459.jpg,collie
C:\Users\user\Documents\GitHub\find_breed\dog_breed_dataset\collie\n02106030_12714.jpg,collie
C:\Users\user\Documents\GitHub\find_breed\dog_breed_dataset\collie\n02106030_13834.jpg,collie
C:\Users\user\Documents\GitHub\find_breed\dog_breed_dataset\collie\n02106030_15577.jpg,collie
C:\Users\user\Documents\GitHub\find_breed\dog_breed_dataset\collie\n02106030_16509.jpg,collie
C:\Users\user\Documents\GitHub\find_breed\dog_breed_dataset\collie\n02106030_16671.jpg,collie
C:\Users\user\Documents\GitHub\find_breed\dog_breed_dataset\collie\n02106030_17255.jpg,collie
C:\Users\user\Documents\GitHub\find_breed\dog_breed_dataset\collie\n02106030_17733.jpg,collie
C:\Users\user\Documents\GitHub\find_breed\dog_breed_dataset\collie\n02106030_17906.jpg,collie
C:\Users\user\Documents\GitHub\find_breed\dog_breed_dataset\collie\n02106030_356.jpg,collie
C:\Users\user\Documents\GitHub\find_breed\dog_breed_dataset\collie\n02106030_5915.jpg,collie
C:\Users\user\Documents\GitHub\find_breed\dog_breed_dataset\collie\n02106030_6409.jpg,collie
C:\Users\user\Documents\GitHub\find_breed\dog_breed_dataset\collie\n02106030_6620.jpg,collie
C:\Users\user\Documents\GitHub\find_breed\dog_breed_dataset\collie\n02106030_7689.jpg,collie
C:\Users\user\Documents\GitHub\find_breed\dog_breed_dataset\collie\n02106030_7863.jpg,collie
C:\Users\user\Documents\GitHub\find_breed\dog_breed_dataset\corgi\corgi32.jpg,corgi
C:\Users\user\Documents\GitHub\find_breed\dog_breed_dataset\corgi\corgi50.jpg,corgi
C:\Users\user\Documents\GitHub\find_breed\dog_breed_dataset\corgi\corgi54.jpg,corgi
C:\Users\user\Documents\GitHub\find_breed\dog_breed_dataset\corgi\corgi68.jpg,corgi
C:\Users\user\Documents\GitHub\find_breed\dog_breed_dataset\corgi\n02113023_4782.jpg,corgi
C:\Users\user\Documents\GitHub\find_breed\dog_breed_dataset\corgi\n02113023_5122.jpg,corgi
C:\Users\user\Documents\GitHub\find_breed\dog_breed_dataset\corgi\n02113023_6161.jpg,corgi
C:\Users\user\Documents\GitHub\find_breed\dog_breed_dataset\corgi\n02113023_7914.jpg,corgi
C:\Users\user\Documents\GitHub\find_breed\dog_breed_dataset\corgi\n02113023_856.jpg,corgi
C:\Users\user\Documents\GitHub\find_breed\dog_breed_dataset\corgi\n02113023_8891.jpg,corgi
C:\Users\user\Documents\GitHub\find_breed\dog_breed_dataset\corgi\n02113186_10416.jpg,corgi
C:\Users\user\Documents\GitHub\find_breed\dog_breed_dataset\corgi\n02113186_10475.jpg,corgi
C:\Users\user\Documents\GitHub\find_breed\dog_breed_dataset\corgi\n02113186_12316.jpg,corgi
C:\Users\user\Documents\GitHub\find_breed\dog_breed_dataset\corgi\n02113186_12793.jpg,corgi
C:\Users\user\Documents\GitHub\find_breed\dog_breed_dataset\corgi\n02113186_13333.jpg,corgi
C:\Users\user\Documents\GitHub\find_breed\dog_breed_dataset\corgi\n02113186_2499.jpg,corgi
C:\Users\user\Documents\GitHub\find_breed\dog_breed_dataset\corgi\n02113186_2982.jpg,corgi
C:\Users\user\Documents\GitHub\find_breed\dog_breed_dataset\corgi\n02113186_6608.jpg,corgi
C:\Users\user\Documents\GitHub\find_breed\dog_breed_dataset\corgi\n02113186_8794.jpg,corgi
C:\Users\user\Documents\GitHub\find_breed\dog_breed_dataset\corgi\n02113186_9207.jpg,corgi
C:\Users\user\Documents\GitHub\find_breed\dog_breed_dataset\corgi\n02113186_9902.jpg,corgi
C:\Users\user\Documents\GitHub\find_breed\dog_breed_dataset\curly_coated_retriever\n02099429_1068.jpg,curly_coated_retriever
C:\Users\user\Documents\GitHub\find_breed\dog_breed_dataset\curly_coated_retriever\n02099429_1122.jpg,curly_coated_retriever
C:\Users\user\Documents\GitHub\find_breed\dog_breed_dataset\curly_coated_retriever\n02099429_1150.jpg,curly_coated_retriever
C:\Users\user\Documents\GitHub\find_breed\dog_breed_dataset\curly_coated_retriever\n02099429_1178.jpg,curly_coated_retriever
C:\Users\user\Documents\GitHub\find_breed\dog_breed_dataset\curly_coated_retriever\n02099429_1234.jpg,curly_coated_retriever
C:\Users\user\Documents\GitHub\find_breed\dog_breed_dataset\curly_coated_retriever\n02099429_1236.jpg,curly_coated_retriever
C:\Users\user\Documents\GitHub\find_breed\dog_breed_dataset\curly_coated_retriever\n02099429_1239.jpg,curly_coated_retriever
C:\Users\user\Documents\GitHub\find_breed\dog_breed_dataset\curly_coated_retriever\n02099429_1259.jpg,curly_coated_retriever
C:\Users\user\Documents\GitHub\find_breed\dog_breed_dataset\curly_coated_retriever\n02099429_1304.jpg,curly_coated_retriever
C:\Users\user\Documents\GitHub\find_breed\dog_breed_dataset\curly_coated_retriever\n02099429_1328.jpg,curly_coated_retriever
C:\Users\user\Documents\GitHub\find_breed\dog_breed_dataset\curly_coated_retriever\n02099429_1412.jpg,curly_coated_retriever
C:\Users\user\Documents\GitHub\find_breed\dog_breed_dataset\curly_coated_retriever\n02099429_1433.jpg,curly_coated_retriever
C:\Users\user\Documents\GitHub\find_breed\dog_breed_dataset\curly_coated_retriever\n02099429_1465.jpg,curly_coated_retriever
C:\Users\user\Documents\GitHub\find_breed\dog_breed_dataset\curly_coated_retriever\n02099429_1472.jpg,curly_coated_retriever
C:\Users\user\Documents\GitHub\find_breed\dog_breed_dataset\curly_coated_retriever\n02099429_1504.jpg,curly_coated_retriever
C:\Users\user\Documents\GitHub\find_breed\dog_breed_dataset\curly_coated_retriever\n02099429_159.jpg,curly_coated_retriever
C:\Users\user\Documents\GitHub\find_breed\dog_breed_dataset\curly_coated_retriever\n02099429_1627.jpg,curly_coated_retriever
C:\Users\user\Documents\GitHub\find_breed\dog_breed_dataset\curly_coated_retriever\n02099429_1744.jpg,curly_coated_retriever
C:\Users\user\Documents\GitHub\find_breed\dog_breed_dataset\curly_coated_retriever\n02099429_1758.jpg,curly_coated_retriever
C:\Users\user\Documents\GitHub\find_breed\dog_breed_dataset\curly_coated_retriever\n02099429_1773.jpg,curly_coated_retriever
C:\Users\user\Documents\GitHub\find_breed\dog_breed_dataset\curly_coated_retriever\n02099429_1793.jpg,curly_coated_retriever
C:\Users\user\Documents\GitHub\find_breed\dog_breed_dataset\curly_coated_retriever\n02099429_1804.jpg,curly_coated_retriever
C:\Users\user\Documents\GitHub\find_breed\dog_breed_dataset\curly_coated_retriever\n02099429_1950.jpg,curly_coated_retriever
C:\Users\user\Documents\GitHub\find_breed\dog_breed_dataset\curly_coated_retriever\n02099429_2122.jpg,curly_coated_retriever
C:\Users\user\Documents\GitHub\find_breed\dog_breed_dataset\curly_coated_retriever\n02099429_2149.jpg,curly_coated_retriever
C:\Users\user\Documents\GitHub\find_breed\dog_breed_dataset\curly_coated_retriever\n02099429_2170.jpg,curly_coated_retriever
C:\Users\user\Documents\GitHub\find_breed\dog_breed_dataset\curly_coated_retriever\n02099429_2186.jpg,curly_coated_retriever
C:\Users\user\Documents\GitHub\find_breed\dog_breed_dataset\curly_coated_retriever\n02099429_2227.jpg,curly_coated_retriever
C:\Users\user\Documents\GitHub\find_breed\dog_breed_dataset\curly_coated_retriever\n02099429_2236.jpg,curly_coated_retriever
C:\Users\user\Documents\GitHub\find_breed\dog_breed_dataset\curly_coated_retriever\n02099429_2263.jpg,curly_coated_retriever
C:\Users\user\Documents\GitHub\find_breed\dog_breed_dataset\curly_coated_retriever\n02099429_227.jpg,curly_coated_retriever
C:\Users\user\Documents\GitHub\find_breed\dog_breed_dataset\curly_coated_retriever\n02099429_2281.jpg,curly_coated_retriever
C:\Users\user\Documents\GitHub\find_breed\dog_breed_dataset\curly_coated_retriever\n02099429_2287.jpg,curly_coated_retriever
C:\Users\user\Documents\GitHub\find_breed\dog_breed_dataset\curly_coated_retriever\n02099429_2335.jpg,curly_coated_retriever
C:\Users\user\Documents\GitHub\find_breed\dog_breed_dataset\curly_coated_retriever\n02099429_2374.jpg,curly_coated_retriever
C:\Users\user\Documents\GitHub\find_breed\dog_breed_dataset\curly_coated_retriever\n02099429_2392.jpg,curly_coated_retriever
C:\Users\user\Documents\GitHub\find_breed\dog_breed_dataset\curly_coated_retriever\n02099429_249.jpg,curly_coated_retriever
C:\Users\user\Documents\GitHub\find_breed\dog_breed_dataset\curly_coated_retriever\n02099429_2504.jpg,curly_coated_retriever
C:\Users\user\Documents\GitHub\find_breed\dog_breed_dataset\curly_coated_retriever\n02099429_2559.jpg,curly_coated_retriever
C:\Users\user\Documents\GitHub\find_breed\dog_breed_dataset\curly_coated_retriever\n02099429_2650.jpg,curly_coated_retriever
C:\Users\user\Documents\GitHub\find_breed\dog_breed_dataset\curly_coated_retriever\n02099429_2698.jpg,curly_coated_retriever
C:\Users\user\Documents\GitHub\find_breed\dog_breed_dataset\curly_coated_retriever\n02099429_2699.jpg,curly_coated_retriever
C:\Users\user\Documents\GitHub\find_breed\dog_breed_dataset\curly_coated_retriever\n02099429_2733.jpg,curly_coated_retriever
C:\Users\user\Documents\GitHub\find_breed\dog_breed_dataset\curly_coated_retriever\n02099429_2767.jpg,curly_coated_retriever
C:\Users\user\Documents\GitHub\find_breed\dog_breed_dataset\curly_coated_retriever\n02099429_282.jpg,curly_coated_retriever
C:\Users\user\Documents\GitHub\find_breed\dog_breed_dataset\curly_coated_retriever\n02099429_2936.jpg,curly_coated_retriever
C:\Users\user\Documents\GitHub\find_breed\dog_breed_dataset\curly_coated_retriever\n02099429_3026.jpg,curly_coated_retriever
C:\Users\user\Documents\GitHub\find_breed\dog_breed_dataset\curly_coated_retriever\n02099429_3033.jpg,curly_coated_retriever
C:\Users\user\Documents\GitHub\find_breed\dog_breed_dataset\curly_coated_retriever\n02099429_3103.jpg,curly_coated_retriever
C:\Users\user\Documents\GitHub\find_breed\dog_breed_dataset\curly_coated_retriever\n02099429_3159.jpg,curly_coated_retriever
C:\Users\user\Documents\GitHub\find_breed\dog_breed_dataset\curly_coated_retriever\n02099429_3191.jpg,curly_coated_retriever
C:\Users\user\Documents\GitHub\find_breed\dog_breed_dataset\curly_coated_retriever\n02099429_3194.jpg,curly_coated_retriever
C:\Users\user\Documents\GitHub\find_breed\dog_breed_dataset\curly_coated_retriever\n02099429_3513.jpg,curly_coated_retriever
C:\Users\user\Documents\GitHub\find_breed\dog_breed_dataset\curly_coated_retriever\n02099429_3516.jpg,curly_coated_retriever
C:\Users\user\Documents\GitHub\find_breed\dog_breed_dataset\curly_coated_retriever\n02099429_355.jpg,curly_coated_retriever
C:\Users\user\Documents\GitHub\find_breed\dog_breed_dataset\curly_coated_retriever\n02099429_363.jpg,curly_coated_retriever
C:\Users\user\Documents\GitHub\find_breed\dog_breed_dataset\curly_coated_retriever\n02099429_398.jpg,curly_coated_retriever
C:\Users\user\Documents\GitHub\find_breed\dog_breed_dataset\curly_coated_retriever\n02099429_402.jpg,curly_coated_retriever
C:\Users\user\Documents\GitHub\find_breed\dog_breed_dataset\curly_coated_retriever\n02099429_448.jpg,curly_coated_retriever
C:\Users\user\Documents\GitHub\find_breed\dog_breed_dataset\curly_coated_retriever\n02099429_458.jpg,curly_coated_retriever
C:\Users\user\Documents\GitHub\find_breed\dog_breed_dataset\curly_coated_retriever\n02099429_569.jpg,curly_coated_retriever
C:\Users\user\Documents\GitHub\find_breed\dog_breed_dataset\curly_coated_retriever\n02099429_618.jpg,curly_coated_retriever
C:\Users\user\Documents\GitHub\find_breed\dog_breed_dataset\curly_coated_retriever\n02099429_68.jpg,curly_coated_retriever
C:\Users\user\Documents\GitHub\find_breed\dog_breed_dataset\curly_coated_retriever\n02099429_745.jpg,curly_coated_retriever
C:\Users\user\Documents\GitHub\find_breed\dog_breed_dataset\curly_coated_retriever\n02099429_814.jpg,curly_coated_retriever
C:\Users\user\Documents\GitHub\find_breed\dog_breed_dataset\curly_coated_retriever\n02099429_878.jpg,curly_coated_retriever
C:\Users\user\Documents\GitHub\find_breed\dog_breed_dataset\curly_coated_retriever\n02099429_896.jpg,curly_coated_retriever
C:\Users\user\Documents\GitHub\find_breed\dog_breed_dataset\curly_coated_retriever\n02099429_915.jpg,curly_coated_retriever
C:\Users\user\Documents\GitHub\find_breed\dog_breed_dataset\curly_coated_retriever\n02099429_946.jpg,curly_coated_retriever
C:\Users\user\Documents\GitHub\find_breed\dog_breed_dataset\curly_coated_retriever\n02099429_961.jpg,curly_coated_retriever
C:\Users\user\Documents\GitHub\find_breed\dog_breed_dataset\dachshund\dach72.jpg,dachshund
C:\Users\user\Documents\GitHub\find_breed\dog_breed_dataset\dachshund\dach74.jpg,dachshund
C:\Users\user\Documents\GitHub\find_breed\dog_breed_dataset\dachshund\dach79.jpg,dachshund
C:\Users\user\Documents\GitHub\find_breed\dog_breed_dataset\dandie_dinmont\n02096437_1070.jpg,dandie_dinmont
C:\Users\user\Documents\GitHub\find_breed\dog_breed_dataset\dandie_dinmont\n02096437_1129.jpg,dandie_dinmont
C:\Users\user\Documents\GitHub\find_breed\dog_breed_dataset\dandie_dinmont\n02096437_1320.jpg,dandie_dinmont
C:\Users\user\Documents\GitHub\find_breed\dog_breed_dataset\dandie_dinmont\n02096437_1456.jpg,dandie_dinmont
C:\Users\user\Documents\GitHub\find_breed\dog_breed_dataset\dandie_dinmont\n02096437_1511.jpg,dandie_dinmont
C:\Users\user\Documents\GitHub\find_breed\dog_breed_dataset\dandie_dinmont\n02096437_1532.jpg,dandie_dinmont
C:\Users\user\Documents\GitHub\find_breed\dog_breed_dataset\dandie_dinmont\n02096437_1551.jpg,dandie_dinmont
C:\Users\user\Documents\GitHub\find_breed\dog_breed_dataset\dandie_dinmont\n02096437_1653.jpg,dandie_dinmont
C:\Users\user\Documents\GitHub\find_breed\dog_breed_dataset\dandie_dinmont\n02096437_1668.jpg,dandie_dinmont
C:\Users\user\Documents\GitHub\find_breed\dog_breed_dataset\dandie_dinmont\n02096437_1891.jpg,dandie_dinmont
C:\Users\user\Documents\GitHub\find_breed\dog_breed_dataset\dandie_dinmont\n02096437_1900.jpg,dandie_dinmont
C:\Users\user\Documents\GitHub\find_breed\dog_breed_dataset\dandie_dinmont\n02096437_2117.jpg,dandie_dinmont
C:\Users\user\Documents\GitHub\find_breed\dog_breed_dataset\dandie_dinmont\n02096437_2470.jpg,dandie_dinmont
C:\Users\user\Documents\GitHub\find_breed\dog_breed_dataset\dandie_dinmont\n02096437_2480.jpg,dandie_dinmont
C:\Users\user\Documents\GitHub\find_breed\dog_breed_dataset\dandie_dinmont\n02096437_2580.jpg,dandie_dinmont
C:\Users\user\Documents\GitHub\find_breed\dog_breed_dataset\dandie_dinmont\n02096437_2617.jpg,dandie_dinmont
C:\Users\user\Documents\GitHub\find_breed\dog_breed_dataset\dandie_dinmont\n02096437_2639.jpg,dandie_dinmont
C:\Users\user\Documents\GitHub\find_breed\dog_breed_dataset\dandie_dinmont\n02096437_311.jpg,dandie_dinmont
C:\Users\user\Documents\GitHub\find_breed\dog_breed_dataset\dandie_dinmont\n02096437_3112.jpg,dandie_dinmont
C:\Users\user\Documents\GitHub\find_breed\dog_breed_dataset\dandie_dinmont\n02096437_3195.jpg,dandie_dinmont
C:\Users\user\Documents\GitHub\find_breed\dog_breed_dataset\dandie_dinmont\n02096437_3560.jpg,dandie_dinmont
C:\Users\user\Documents\GitHub\find_breed\dog_breed_dataset\dandie_dinmont\n02096437_3603.jpg,dandie_dinmont
C:\Users\user\Documents\GitHub\find_breed\dog_breed_dataset\dandie_dinmont\n02096437_3847.jpg,dandie_dinmont
C:\Users\user\Documents\GitHub\find_breed\dog_breed_dataset\dandie_dinmont\n02096437_3860.jpg,dandie_dinmont
C:\Users\user\Documents\GitHub\find_breed\dog_breed_dataset\dandie_dinmont\n02096437_3974.jpg,dandie_dinmont
C:\Users\user\Documents\GitHub\find_breed\dog_breed_dataset\dandie_dinmont\n02096437_3982.jpg,dandie_dinmont
C:\Users\user\Documents\GitHub\find_breed\dog_breed_dataset\dandie_dinmont\n02096437_3985.jpg,dandie_dinmont
C:\Users\user\Documents\GitHub\find_breed\dog_breed_dataset\dandie_dinmont\n02096437_4300.jpg,dandie_dinmont
C:\Users\user\Documents\GitHub\find_breed\dog_breed_dataset\dandie_dinmont\n02096437_4416.jpg,dandie_dinmont
C:\Users\user\Documents\GitHub\find_breed\dog_breed_dataset\dandie_dinmont\n02096437_4435.jpg,dandie_dinmont
C:\Users\user\Documents\GitHub\find_breed\dog_breed_dataset\dandie_dinmont\n02096437_4466.jpg,dandie_dinmont
C:\Users\user\Documents\GitHub\find_breed\dog_breed_dataset\dandie_dinmont\n02096437_473.jpg,dandie_dinmont
C:\Users\user\Documents\GitHub\find_breed\dog_breed_dataset\dandie_dinmont\n02096437_536.jpg,dandie_dinmont
C:\Users\user\Documents\GitHub\find_breed\dog_breed_dataset\dandie_dinmont\n02096437_599.jpg,dandie_dinmont
C:\Users\user\Documents\GitHub\find_breed\dog_breed_dataset\dandie_dinmont\n02096437_643.jpg,dandie_dinmont
C:\Users\user\Documents\GitHub\find_breed\dog_breed_dataset\dandie_dinmont\n02096437_956.jpg,dandie_dinmont
C:\Users\user\Documents\GitHub\find_breed\dog_breed_dataset\dhole\n02115913_1066.jpg,dhole
C:\Users\user\Documents\GitHub\find_breed\dog_breed_dataset\dhole\n02115913_1142.jpg,dhole
C:\Users\user\Documents\GitHub\find_breed\dog_breed_dataset\dhole\n02115913_1213.jpg,dhole
C:\Users\user\Documents\GitHub\find_breed\dog_breed_dataset\dhole\n02115913_1224.jpg,dhole
C:\Users\user\Documents\GitHub\find_breed\dog_breed_dataset\dhole\n02115913_1233.jpg,dhole
C:\Users\user\Documents\GitHub\find_breed\dog_breed_dataset\dhole\n02115913_1332.jpg,dhole
C:\Users\user\Documents\GitHub\find_breed\dog_breed_dataset\dhole\n02115913_1334.jpg,dhole
C:\Users\user\Documents\GitHub\find_breed\dog_breed_dataset\dhole\n02115913_1352.jpg,dhole
C:\Users\user\Documents\GitHub\find_breed\dog_breed_dataset\dhole\n02115913_139.jpg,dhole
C:\Users\user\Documents\GitHub\find_breed\dog_breed_dataset\dhole\n02115913_1449.jpg,dhole
C:\Users\user\Documents\GitHub\find_breed\dog_breed_dataset\dhole\n02115913_1493.jpg,dhole
C:\Users\user\Documents\GitHub\find_breed\dog_breed_dataset\dhole\n02115913_1522.jpg,dhole
C:\Users\user\Documents\GitHub\find_breed\dog_breed_dataset\dhole\n02115913_1578.jpg,dhole
C:\Users\user\Documents\GitHub\find_breed\dog_breed_dataset\dhole\n02115913_1631.jpg,dhole
C:\Users\user\Documents\GitHub\find_breed\dog_breed_dataset\dhole\n02115913_1682.jpg,dhole
C:\Users\user\Documents\GitHub\find_breed\dog_breed_dataset\dhole\n02115913_1688.jpg,dhole
C:\Users\user\Documents\GitHub\find_breed\dog_breed_dataset\dhole\n02115913_1744.jpg,dhole
C:\Users\user\Documents\GitHub\find_breed\dog_breed_dataset\dhole\n02115913_1772.jpg,dhole
C:\Users\user\Documents\GitHub\find_breed\dog_breed_dataset\dhole\n02115913_1830.jpg,dhole
C:\Users\user\Documents\GitHub\find_breed\dog_breed_dataset\dhole\n02115913_1963.jpg,dhole
C:\Users\user\Documents\GitHub\find_breed\dog_breed_dataset\dhole\n02115913_1979.jpg,dhole
C:\Users\user\Documents\GitHub\find_breed\dog_breed_dataset\dhole\n02115913_2005.jpg,dhole
C:\Users\user\Documents\GitHub\find_breed\dog_breed_dataset\dhole\n02115913_2014.jpg,dhole
C:\Users\user\Documents\GitHub\find_breed\dog_breed_dataset\dhole\n02115913_2029.jpg,dhole
C:\Users\user\Documents\GitHub\find_breed\dog_breed_dataset\dhole\n02115913_2259.jpg,dhole
C:\Users\user\Documents\GitHub\find_breed\dog_breed_dataset\dhole\n02115913_2264.jpg,dhole
C:\Users\user\Documents\GitHub\find_breed\dog_breed_dataset\dhole\n02115913_2325.jpg,dhole
C:\Users\user\Documents\GitHub\find_breed\dog_breed_dataset\dhole\n02115913_2412.jpg,dhole
C:\Users\user\Documents\GitHub\find_breed\dog_breed_dataset\dhole\n02115913_2414.jpg,dhole
C:\Users\user\Documents\GitHub\find_breed\dog_breed_dataset\dhole\n02115913_25.jpg,dhole
C:\Users\user\Documents\GitHub\find_breed\dog_breed_dataset\dhole\n02115913_250.jpg,dhole
C:\Users\user\Documents\GitHub\find_breed\dog_breed_dataset\dhole\n02115913_2520.jpg,dhole
C:\Users\user\Documents\GitHub\find_breed\dog_breed_dataset\dhole\n02115913_2524.jpg,dhole
C:\Users\user\Documents\GitHub\find_breed\dog_breed_dataset\dhole\n02115913_253.jpg,dhole
C:\Users\user\Documents\GitHub\find_breed\dog_breed_dataset\dhole\n02115913_2542.jpg,dhole
C:\Users\user\Documents\GitHub\find_breed\dog_breed_dataset\dhole\n02115913_2579.jpg,dhole
C:\Users\user\Documents\GitHub\find_breed\dog_breed_dataset\dhole\n02115913_262.jpg,dhole
C:\Users\user\Documents\GitHub\find_breed\dog_breed_dataset\dhole\n02115913_2841.jpg,dhole
C:\Users\user\Documents\GitHub\find_breed\dog_breed_dataset\dhole\n02115913_2895.jpg,dhole
C:\Users\user\Documents\GitHub\find_breed\dog_breed_dataset\dhole\n02115913_3010.jpg,dhole
C:\Users\user\Documents\GitHub\find_breed\dog_breed_dataset\dhole\n02115913_311.jpg,dhole
C:\Users\user\Documents\GitHub\find_breed\dog_breed_dataset\dhole\n02115913_312.jpg,dhole
C:\Users\user\Documents\GitHub\find_breed\dog_breed_dataset\dhole\n02115913_3229.jpg,dhole
C:\Users\user\Documents\GitHub\find_breed\dog_breed_dataset\dhole\n02115913_3313.jpg,dhole
C:\Users\user\Documents\GitHub\find_breed\dog_breed_dataset\dhole\n02115913_3529.jpg,dhole
C:\Users\user\Documents\GitHub\find_breed\dog_breed_dataset\dhole\n02115913_3601.jpg,dhole
C:\Users\user\Documents\GitHub\find_breed\dog_breed_dataset\dhole\n02115913_3647.jpg,dhole
C:\Users\user\Documents\GitHub\find_breed\dog_breed_dataset\dhole\n02115913_3740.jpg,dhole
C:\Users\user\Documents\GitHub\find_breed\dog_breed_dataset\dhole\n02115913_3743.jpg,dhole
C:\Users\user\Documents\GitHub\find_breed\dog_breed_dataset\dhole\n02115913_38.jpg,dhole
C:\Users\user\Documents\GitHub\find_breed\dog_breed_dataset\dhole\n02115913_3842.jpg,dhole
C:\Users\user\Documents\GitHub\find_breed\dog_breed_dataset\dhole\n02115913_3850.jpg,dhole
C:\Users\user\Documents\GitHub\find_breed\dog_breed_dataset\dhole\n02115913_3854.jpg,dhole
C:\Users\user\Documents\GitHub\find_breed\dog_breed_dataset\dhole\n02115913_3863.jpg,dhole
C:\Users\user\Documents\GitHub\find_breed\dog_breed_dataset\dhole\n02115913_3878.jpg,dhole
C:\Users\user\Documents\GitHub\find_breed\dog_breed_dataset\dhole\n02115913_3994.jpg,dhole
C:\Users\user\Documents\GitHub\find_breed\dog_breed_dataset\dhole\n02115913_4025.jpg,dhole
C:\Users\user\Documents\GitHub\find_breed\dog_breed_dataset\dhole\n02115913_4032.jpg,dhole
C:\Users\user\Documents\GitHub\find_breed\dog_breed_dataset\dhole\n02115913_4055.jpg,dhole
C:\Users\user\Documents\GitHub\find_breed\dog_breed_dataset\dhole\n02115913_4059.jpg,dhole
C:\Users\user\Documents\GitHub\find_breed\dog_breed_dataset\dhole\n02115913_4082.jpg,dhole
C:\Users\user\Documents\GitHub\find_breed\dog_breed_dataset\dhole\n02115913_4110.jpg,dhole
C:\Users\user\Documents\GitHub\find_breed\dog_breed_dataset\dhole\n02115913_4117.jpg,dhole
C:\Users\user\Documents\GitHub\find_breed\dog_breed_dataset\dhole\n02115913_4128.jpg,dhole
C:\Users\user\Documents\GitHub\find_breed\dog_breed_dataset\dhole\n02115913_4129.jpg,dhole
C:\Users\user\Documents\GitHub\find_breed\dog_breed_dataset\dhole\n02115913_4144.jpg,dhole
C:\Users\user\Documents\GitHub\find_breed\dog_breed_dataset\dhole\n02115913_4188.jpg,dhole
C:\Users\user\Documents\GitHub\find_breed\dog_breed_dataset\dhole\n02115913_4266.jpg,dhole
C:\Users\user\Documents\GitHub\find_breed\dog_breed_dataset\dhole\n02115913_4273.jpg,dhole
C:\Users\user\Documents\GitHub\find_breed\dog_breed_dataset\dhole\n02115913_4320.jpg,dhole
C:\Users\user\Documents\GitHub\find_breed\dog_breed_dataset\dhole\n02115913_4336.jpg,dhole
C:\Users\user\Documents\GitHub\find_breed\dog_breed_dataset\dhole\n02115913_44.jpg,dhole
C:\Users\user\Documents\GitHub\find_breed\dog_breed_dataset\dhole\n02115913_4542.jpg,dhole
C:\Users\user\Documents\GitHub\find_breed\dog_breed_dataset\dhole\n02115913_5392.jpg,dhole
C:\Users\user\Documents\GitHub\find_breed\dog_breed_dataset\dhole\n02115913_5469.jpg,dhole
C:\Users\user\Documents\GitHub\find_breed\dog_breed_dataset\dhole\n02115913_5593.jpg,dhole
C:\Users\user\Documents\GitHub\find_breed\dog_breed_dataset\dhole\n02115913_564.jpg,dhole
C:\Users\user\Documents\GitHub\find_breed\dog_breed_dataset\dhole\n02115913_593.jpg,dhole
C:\Users\user\Documents\GitHub\find_breed\dog_breed_dataset\dhole\n02115913_612.jpg,dhole
C:\Users\user\Documents\GitHub\find_breed\dog_breed_dataset\dhole\n02115913_614.jpg,dhole
C:\Users\user\Documents\GitHub\find_breed\dog_breed_dataset\dhole\n02115913_676.jpg,dhole
C:\Users\user\Documents\GitHub\find_breed\dog_breed_dataset\dhole\n02115913_678.jpg,dhole
C:\Users\user\Documents\GitHub\find_breed\dog_breed_dataset\dhole\n02115913_90.jpg,dhole
C:\Users\user\Documents\GitHub\find_breed\dog_breed_dataset\dingo\n02115641_10395.jpg,dingo
C:\Users\user\Documents\GitHub\find_breed\dog_breed_dataset\dingo\n02115641_10570.jpg,dingo
C:\Users\user\Documents\GitHub\find_breed\dog_breed_dataset\dingo\n02115641_10604.jpg,dingo
C:\Users\user\Documents\GitHub\find_breed\dog_breed_dataset\dingo\n02115641_11604.jpg,dingo
C:\Users\user\Documents\GitHub\find_breed\dog_breed_dataset\dingo\n02115641_12148.jpg,dingo
C:\Users\user\Documents\GitHub\find_breed\dog_breed_dataset\dingo\n02115641_12981.jpg,dingo
C:\Users\user\Documents\GitHub\find_breed\dog_breed_dataset\dingo\n02115641_14084.jpg,dingo
C:\Users\user\Documents\GitHub\find_breed\dog_breed_dataset\dingo\n02115641_14495.jpg,dingo
C:\Users\user\Documents\GitHub\find_breed\dog_breed_dataset\dingo\n02115641_1969.jpg,dingo
C:\Users\user\Documents\GitHub\find_breed\dog_breed_dataset\dingo\n02115641_2424.jpg,dingo
C:\Users\user\Documents\GitHub\find_breed\dog_breed_dataset\dingo\n02115641_2701.jpg,dingo
C:\Users\user\Documents\GitHub\find_breed\dog_breed_dataset\dingo\n02115641_2788.jpg,dingo
C:\Users\user\Documents\GitHub\find_breed\dog_breed_dataset\dingo\n02115641_2871.jpg,dingo
C:\Users\user\Documents\GitHub\find_breed\dog_breed_dataset\dingo\n02115641_3110.jpg,dingo
C:\Users\user\Documents\GitHub\find_breed\dog_breed_dataset\dingo\n02115641_3360.jpg,dingo
C:\Users\user\Documents\GitHub\find_breed\dog_breed_dataset\dingo\n02115641_4677.jpg,dingo
C:\Users\user\Documents\GitHub\find_breed\dog_breed_dataset\dingo\n02115641_4737.jpg,dingo
C:\Users\user\Documents\GitHub\find_breed\dog_breed_dataset\dingo\n02115641_4951.jpg,dingo
C:\Users\user\Documents\GitHub\find_breed\dog_breed_dataset\dingo\n02115641_5178.jpg,dingo
C:\Users\user\Documents\GitHub\find_breed\dog_breed_dataset\dingo\n02115641_5320.jpg,dingo
C:\Users\user\Documents\GitHub\find_breed\dog_breed_dataset\dingo\n02115641_5823.jpg,dingo
C:\Users\user\Documents\GitHub\find_breed\dog_breed_dataset\dingo\n02115641_592.jpg,dingo
C:\Users\user\Documents\GitHub\find_breed\dog_breed_dataset\dingo\n02115641_6250.jpg,dingo
C:\Users\user\Documents\GitHub\find_breed\dog_breed_dataset\dingo\n02115641_6509.jpg,dingo
C:\Users\user\Documents\GitHub\find_breed\dog_breed_dataset\dingo\n02115641_6577.jpg,dingo
C:\Users\user\Documents\GitHub\find_breed\dog_breed_dataset\dingo\n02115641_6627.jpg,dingo
C:\Users\user\Documents\GitHub\find_breed\dog_breed_dataset\dingo\n02115641_6707.jpg,dingo
C:\Users\user\Documents\GitHub\find_breed\dog_breed_dataset\dingo\n02115641_6716.jpg,dingo
C:\Users\user\Documents\GitHub\find_breed\dog_breed_dataset\dingo\n02115641_7071.jpg,dingo
C:\Users\user\Documents\GitHub\find_breed\dog_breed_dataset\dingo\n02115641_7106.jpg,dingo
C:\Users\user\Documents\GitHub\find_breed\dog_breed_dataset\dingo\n02115641_7119.jpg,dingo
C:\Users\user\Documents\GitHub\find_breed\dog_breed_dataset\dingo\n02115641_7158.jpg,dingo
C:\Users\user\Documents\GitHub\find_breed\dog_breed_dataset\dingo\n02115641_7620.jpg,dingo
C:\Users\user\Documents\GitHub\find_breed\dog_breed_dataset\dingo\n02115641_8463.jpg,dingo
C:\Users\user\Documents\GitHub\find_breed\dog_breed_dataset\dingo\n02115641_8578.jpg,dingo
C:\Users\user\Documents\GitHub\find_breed\dog_breed_dataset\dingo\n02115641_877.jpg,dingo
C:\Users\user\Documents\GitHub\find_breed\dog_breed_dataset\dingo\n02115641_9065.jpg,dingo
C:\Users\user\Documents\GitHub\find_breed\dog_breed_dataset\dingo\n02115641_9110.jpg,dingo
C:\Users\user\Documents\GitHub\find_breed\dog_breed_dataset\dingo\n02115641_925.jpg,dingo
C:\Users\user\Documents\GitHub\find_breed\dog_breed_dataset\dingo\n02115641_9348.jpg,dingo
C:\Users\user\Documents\GitHub\find_breed\dog_breed_dataset\dingo\n02115641_9675.jpg,dingo
C:\Users\user\Documents\GitHub\find_breed\dog_breed_dataset\dingo\n02115641_970.jpg,dingo
C:\Users\user\Documents\GitHub\find_breed\dog_breed_dataset\dingo\n02115641_9763.jpg,dingo
C:\Users\user\Documents\GitHub\find_breed\dog_breed_dataset\dingo\n02115641_9977.jpg,dingo
C:\Users\user\Documents\GitHub\find_breed\dog_breed_dataset\doberman\n02107142_10009.jpg,doberman
C:\Users\user\Documents\GitHub\find_breed\dog_breed_dataset\doberman\n02107142_11042.jpg,doberman
C:\Users\user\Documents\GitHub\find_breed\dog_breed_dataset\doberman\n02107142_11717.jpg,doberman
C:\Users\user\Documents\GitHub\find_breed\dog_breed_dataset\doberman\n02107142_11757.jpg,doberman
C:\Users\user\Documents\GitHub\find_breed\dog_breed_dataset\doberman\n02107142_12182.jpg,doberman
C:\Users\user\Documents\GitHub\find_breed\dog_breed_dataset\doberman\n02107142_12191.jpg,doberman
C:\Users\user\Documents\GitHub\find_breed\dog_breed_dataset\doberman\n02107142_1306.jpg,doberman
C:\Users\user\Documents\GitHub\find_breed\dog_breed_dataset\doberman\n02107142_13483.jpg,doberman
C:\Users\user\Documents\GitHub\find_breed\dog_breed_dataset\doberman\n02107142_13677.jpg,doberman
C:\Users\user\Documents\GitHub\find_breed\dog_breed_dataset\doberman\n02107142_15377.jpg,doberman
C:\Users\user\Documents\GitHub\find_breed\dog_breed_dataset\doberman\n02107142_15810.jpg,doberman
C:\Users\user\Documents\GitHub\find_breed\dog_breed_dataset\doberman\n02107142_18020.jpg,doberman
C:\Users\user\Documents\GitHub\find_breed\dog_breed_dataset\doberman\n02107142_2153.jpg,doberman
C:\Users\user\Documents\GitHub\find_breed\dog_breed_dataset\doberman\n02107142_2213.jpg,doberman
C:\Users\user\Documents\GitHub\find_breed\dog_breed_dataset\doberman\n02107142_2314.jpg,doberman
C:\Users\user\Documents\GitHub\find_breed\dog_breed_dataset\doberman\n02107142_278.jpg,doberman
C:\Users\user\Documents\GitHub\find_breed\dog_breed_dataset\doberman\n02107142_3094.jpg,doberman
C:\Users\user\Documents\GitHub\find_breed\dog_breed_dataset\doberman\n02107142_3171.jpg,doberman
C:\Users\user\Documents\GitHub\find_breed\dog_breed_dataset\doberman\n02107142_385.jpg,doberman
C:\Users\user\Documents\GitHub\find_breed\dog_breed_dataset\doberman\n02107142_4314.jpg,doberman
C:\Users\user\Documents\GitHub\find_breed\dog_breed_dataset\doberman\n02107142_4462.jpg,doberman
C:\Users\user\Documents\GitHub\find_breed\dog_breed_dataset\doberman\n02107142_4663.jpg,doberman
C:\Users\user\Documents\GitHub\find_breed\dog_breed_dataset\doberman\n02107142_4725.jpg,doberman
C:\Users\user\Documents\GitHub\find_breed\dog_breed_dataset\doberman\n02107142_5166.jpg,doberman
C:\Users\user\Documents\GitHub\find_breed\dog_breed_dataset\doberman\n02107142_534.jpg,doberman
C:\Users\user\Documents\GitHub\find_breed\dog_breed_dataset\doberman\n02107142_5517.jpg,doberman
C:\Users\user\Documents\GitHub\find_breed\dog_breed_dataset\doberman\n02107142_6395.jpg,doberman
C:\Users\user\Documents\GitHub\find_breed\dog_breed_dataset\doberman\n02107142_6816.jpg,doberman
C:\Users\user\Documents\GitHub\find_breed\dog_breed_dataset\doberman\n02107142_699.jpg,doberman
C:\Users\user\Documents\GitHub\find_breed\dog_breed_dataset\doberman\n02107142_7238.jpg,doberman
C:\Users\user\Documents\GitHub\find_breed\dog_breed_dataset\doberman\n02107142_7300.jpg,doberman
C:\Users\user\Documents\GitHub\find_breed\dog_breed_dataset\doberman\n02107142_7459.jpg,doberman
C:\Users\user\Documents\GitHub\find_breed\dog_breed_dataset\doberman\n02107142_8834.jpg,doberman
C:\Users\user\Documents\GitHub\find_breed\dog_breed_dataset\doberman\n02107142_9379.jpg,doberman
C:\Users\user\Documents\GitHub\find_breed\dog_breed_dataset\doberman\n02107142_9621.jpg,doberman
C:\Users\user\Documents\GitHub\find_breed\dog_breed_dataset\doberman\n02107142_9772.jpg,doberman
C:\Users\user\Documents\GitHub\find_breed\dog_breed_dataset\english_cocker_spaniel\oxford_english_cocker_spaniel_106.jpg,english_cocker_spaniel
C:\Users\user\Documents\GitHub\find_breed\dog_breed_dataset\english_cocker_spaniel\oxford_english_cocker_spaniel_115.jpg,english_cocker_spaniel
C:\Users\user\Documents\GitHub\find_breed\dog_breed_dataset\english_cocker_spaniel\oxford_english_cocker_spaniel_141.jpg,english_cocker_spaniel
C:\Users\user\Documents\GitHub\find_breed\dog_breed_dataset\english_foxhound\n02089973_1249.jpg,english_foxhound
C:\Users\user\Documents\GitHub\find_breed\dog_breed_dataset\english_foxhound\n02089973_1260.jpg,english_foxhound
C:\Users\user\Documents\GitHub\find_breed\dog_breed_dataset\english_foxhound\n02089973_1312.jpg,english_foxhound
C:\Users\user\Documents\GitHub\find_breed\dog_breed_dataset\english_foxhound\n02089973_1701.jpg,english_foxhound
C:\Users\user\Documents\GitHub\find_breed\dog_breed_dataset\english_foxhound\n02089973_1877.jpg,english_foxhound
C:\Users\user\Documents\GitHub\find_breed\dog_breed_dataset\english_foxhound\n02089973_2054.jpg,english_foxhound
C:\Users\user\Documents\GitHub\find_breed\dog_breed_dataset\english_foxhound\n02089973_208.jpg,english_foxhound
C:\Users\user\Documents\GitHub\find_breed\dog_breed_dataset\english_foxhound\n02089973_2397.jpg,english_foxhound
C:\Users\user\Documents\GitHub\find_breed\dog_breed_dataset\english_foxhound\n02089973_2500.jpg,english_foxhound
C:\Users\user\Documents\GitHub\find_breed\dog_breed_dataset\english_foxhound\n02089973_2599.jpg,english_foxhound
C:\Users\user\Documents\GitHub\find_breed\dog_breed_dataset\english_foxhound\n02089973_2633.jpg,english_foxhound
C:\Users\user\Documents\GitHub\find_breed\dog_breed_dataset\english_foxhound\n02089973_270.jpg,english_foxhound
C:\Users\user\Documents\GitHub\find_breed\dog_breed_dataset\english_foxhound\n02089973_2781.jpg,english_foxhound
C:\Users\user\Documents\GitHub\find_breed\dog_breed_dataset\english_foxhound\n02089973_3055.jpg,english_foxhound
C:\Users\user\Documents\GitHub\find_breed\dog_breed_dataset\english_foxhound\n02089973_3089.jpg,english_foxhound
C:\Users\user\Documents\GitHub\find_breed\dog_breed_dataset\english_foxhound\n02089973_3159.jpg,english_foxhound
C:\Users\user\Documents\GitHub\find_breed\dog_breed_dataset\english_foxhound\n02089973_3160.jpg,english_foxhound
C:\Users\user\Documents\GitHub\find_breed\dog_breed_dataset\english_foxhound\n02089973_3454.jpg,english_foxhound
C:\Users\user\Documents\GitHub\find_breed\dog_breed_dataset\english_foxhound\n02089973_3604.jpg,english_foxhound
C:\Users\user\Documents\GitHub\find_breed\dog_breed_dataset\english_foxhound\n02089973_3647.jpg,english_foxhound
C:\Users\user\Documents\GitHub\find_breed\dog_breed_dataset\english_foxhound\n02089973_3688.jpg,english_foxhound
C:\Users\user\Documents\GitHub\find_breed\dog_breed_dataset\english_foxhound\n02089973_4010.jpg,english_foxhound
C:\Users\user\Documents\GitHub\find_breed\dog_breed_dataset\english_foxhound\n02089973_4084.jpg,english_foxhound
C:\Users\user\Documents\GitHub\find_breed\dog_breed_dataset\english_foxhound\n02089973_569.jpg,english_foxhound
C:\Users\user\Documents\GitHub\find_breed\dog_breed_dataset\english_foxhound\n02089973_809.jpg,english_foxhound
C:\Users\user\Documents\GitHub\find_breed\dog_breed_dataset\english_foxhound\n02089973_97.jpg,english_foxhound
C:\Users\user\Documents\GitHub\find_breed\dog_breed_dataset\english_setter\n02100735_10188.jpg,english_setter
C:\Users\user\Documents\GitHub\find_breed\dog_breed_dataset\english_setter\n02100735_1388.jpg,english_setter
C:\Users\user\Documents\GitHub\find_breed\dog_breed_dataset\english_setter\n02100735_2086.jpg,english_setter
C:\Users\user\Documents\GitHub\find_breed\dog_breed_dataset\english_setter\n02100735_2145.jpg,english_setter
C:\Users\user\Documents\GitHub\find_breed\dog_breed_dataset\english_setter\n02100735_2684.jpg,english_setter
C:\Users\user\Documents\GitHub\find_breed\dog_breed_dataset\english_setter\n02100735_292.jpg,english_setter
C:\Users\user\Documents\GitHub\find_breed\dog_breed_dataset\english_setter\n02100735_3923.jpg,english_setter
C:\Users\user\Documents\GitHub\find_breed\dog_breed_dataset\english_setter\n02100735_4.jpg,english_setter
C:\Users\user\Documents\GitHub\find_breed\dog_breed_dataset\english_setter\n02100735_4531.jpg,english_setter
C:\Users\user\Documents\GitHub\find_breed\dog_breed_dataset\english_setter\n02100735_4540.jpg,english_setter
C:\Users\user\Documents\GitHub\find_breed\dog_breed_dataset\english_setter\n02100735_4857.jpg,english_setter
C:\Users\user\Documents\GitHub\find_breed\dog_breed_dataset\english_setter\n02100735_5265.jpg,english_setter
C:\Users\user\Documents\GitHub\find_breed\dog_breed_dataset\english_setter\n02100735_568.jpg,english_setter
C:\Users\user\Documents\GitHub\find_breed\dog_breed_dataset\english_setter\n02100735_5988.jpg,english_setter
C:\Users\user\Documents\GitHub\find_breed\dog_breed_dataset\english_setter\n02100735_6658.jpg,english_setter
C:\Users\user\Documents\GitHub\find_breed\dog_breed_dataset\english_setter\n02100735_6660.jpg,english_setter
C:\Users\user\Documents\GitHub\find_breed\dog_breed_dataset\english_setter\n02100735_6707.jpg,english_setter
C:\Users\user\Documents\GitHub\find_breed\dog_breed_dataset\english_setter\n02100735_7054.jpg,english_setter
C:\Users\user\Documents\GitHub\find_breed\dog_breed_dataset\english_springer\n02102040_265.jpg,english_springer
C:\Users\user\Documents\GitHub\find_breed\dog_breed_dataset\english_springer\n02102040_4256.jpg,english_springer
C:\Users\user\Documents\GitHub\find_breed\dog_breed_dataset\entlebucher\n02108000_1225.jpg,entlebucher
C:\Users\user\Documents\GitHub\find_breed\dog_breed_dataset\entlebucher\n02108000_1274.jpg,entlebucher
C:\Users\user\Documents\GitHub\find_breed\dog_breed_dataset\entlebucher\n02108000_143.jpg,entlebucher
C:\Users\user\Documents\GitHub\find_breed\dog_breed_dataset\entlebucher\n02108000_1468.jpg,entlebucher
C:\Users\user\Documents\GitHub\find_breed\dog_breed_dataset\entlebucher\n02108000_1574.jpg,entlebucher
C:\Users\user\Documents\GitHub\find_breed\dog_breed_dataset\entlebucher\n02108000_1844.jpg,entlebucher
C:\Users\user\Documents\GitHub\find_breed\dog_breed_dataset\entlebucher\n02108000_2163.jpg,entlebucher
C:\Users\user\Documents\GitHub\find_breed\dog_breed_dataset\entlebucher\n02108000_2172.jpg,entlebucher
C:\Users\user\Documents\GitHub\find_breed\dog_breed_dataset\entlebucher\n02108000_2264.jpg,entlebucher
C:\Users\user\Documents\GitHub\find_breed\dog_breed_dataset\entlebucher\n02108000_2573.jpg,entlebucher
C:\Users\user\Documents\GitHub\find_breed\dog_breed_dataset\entlebucher\n02108000_2987.jpg,entlebucher
C:\Users\user\Documents\GitHub\find_breed\dog_breed_dataset\entlebucher\n02108000_3002.jpg,entlebucher
C:\Users\user\Documents\GitHub\find_breed\dog_breed_dataset\entlebucher\n02108000_3109.jpg,entlebucher
C:\Users\user\Documents\GitHub\find_breed\dog_breed_dataset\entlebucher\n02108000_3306.jpg,entlebucher
C:\Users\user\Documents\GitHub\find_breed\dog_breed_dataset\entlebucher\n02108000_3497.jpg,entlebucher
C:\Users\user\Documents\GitHub\find_breed\dog_breed_dataset\entlebucher\n02108000_352.jpg,entlebucher
C:\Users\user\Documents\GitHub\find_breed\dog_breed_dataset\entlebucher\n02108000_3594.jpg,entlebucher
C:\Users\user\Documents\GitHub\find_breed\dog_breed_dataset\entlebucher\n02108000_3601.jpg,entlebucher
C:\Users\user\Documents\GitHub\find_breed\dog_breed_dataset\entlebucher\n02108000_3636.jpg,entlebucher
C:\Users\user\Documents\GitHub\find_breed\dog_breed_dataset\entlebucher\n02108000_364.jpg,entlebucher
C:\Users\user\Documents\GitHub\find_breed\dog_breed_dataset\entlebucher\n02108000_398.jpg,entlebucher
C:\Users\user\Documents\GitHub\find_breed\dog_breed_dataset\eskimo_dog\n02109961_12993.jpg,eskimo_dog
C:\Users\user\Documents\GitHub\find_breed\dog_breed_dataset\eskimo_dog\n02109961_135.jpg,eskimo_dog
C:\Users\user\Documents\GitHub\find_breed\dog_breed_dataset\eskimo_dog\n02109961_1351.jpg,eskimo_dog
C:\Users\user\Documents\GitHub\find_breed\dog_breed_dataset\eskimo_dog\n02109961_16095.jpg,eskimo_dog
C:\Users\user\Documents\GitHub\find_breed\dog_breed_dataset\eskimo_dog\n02109961_16491.jpg,eskimo_dog
C:\Users\user\Documents\GitHub\find_breed\dog_breed_dataset\eskimo_dog\n02109961_16718.jpg,eskimo_dog
C:\Users\user\Documents\GitHub\find_breed\dog_breed_dataset\eskimo_dog\n02109961_1678.jpg,eskimo_dog
C:\Users\user\Documents\GitHub\find_breed\dog_breed_dataset\eskimo_dog\n02109961_17006.jpg,eskimo_dog
C:\Users\user\Documents\GitHub\find_breed\dog_breed_dataset\eskimo_dog\n02109961_18527.jpg,eskimo_dog
C:\Users\user\Documents\GitHub\find_breed\dog_breed_dataset\eskimo_dog\n02109961_19358.jpg,eskimo_dog
C:\Users\user\Documents\GitHub\find_breed\dog_breed_dataset\eskimo_dog\n02109961_20002.jpg,eskimo_dog
C:\Users\user\Documents\GitHub\find_breed\dog_breed_dataset\eskimo_dog\n02109961_21096.jpg,eskimo_dog
C:\Users\user\Documents\GitHub\find_breed\dog_breed_dataset\eskimo_dog\n02109961_2599.jpg,eskimo_dog
C:\Users\user\Documents\GitHub\find_breed\dog_breed_dataset\eskimo_dog\n02109961_2727.jpg,eskimo_dog
C:\Users\user\Documents\GitHub\find_breed\dog_breed_dataset\eskimo_dog\n02109961_2832.jpg,eskimo_dog
C:\Users\user\Documents\GitHub\find_breed\dog_breed_dataset\eskimo_dog\n02109961_3479.jpg,eskimo_dog
C:\Users\user\Documents\GitHub\find_breed\dog_breed_dataset\eskimo_dog\n02109961_391.jpg,eskimo_dog
C:\Users\user\Documents\GitHub\find_breed\dog_breed_dataset\eskimo_dog\n02109961_4157.jpg,eskimo_dog
C:\Users\user\Documents\GitHub\find_breed\dog_breed_dataset\eskimo_dog\n02109961_4451.jpg,eskimo_dog
C:\Users\user\Documents\GitHub\find_breed\dog_breed_dataset\eskimo_dog\n02109961_4619.jpg,eskimo_dog
C:\Users\user\Documents\GitHub\find_breed\dog_breed_dataset\eskimo_dog\n02109961_467.jpg,eskimo_dog
C:\Users\user\Documents\GitHub\find_breed\dog_breed_dataset\eskimo_dog\n02109961_5732.jpg,eskimo_dog
C:\Users\user\Documents\GitHub\find_breed\dog_breed_dataset\eskimo_dog\n02109961_5924.jpg,eskimo_dog
C:\Users\user\Documents\GitHub\find_breed\dog_breed_dataset\eskimo_dog\n02109961_623.jpg,eskimo_dog
C:\Users\user\Documents\GitHub\find_breed\dog_breed_dataset\eskimo_dog\n02109961_6290.jpg,eskimo_dog
C:\Users\user\Documents\GitHub\find_breed\dog_breed_dataset\eskimo_dog\n02109961_658.jpg,eskimo_dog
C:\Users\user\Documents\GitHub\find_breed\dog_breed_dataset\eskimo_dog\n02109961_6880.jpg,eskimo_dog
C:\Users\user\Documents\GitHub\find_breed\dog_breed_dataset\eskimo_dog\n02109961_7861.jpg,eskimo_dog
C:\Users\user\Documents\GitHub\find_breed\dog_breed_dataset\eskimo_dog\n02109961_8295.jpg,eskimo_dog
C:\Users\user\Documents\GitHub\find_breed\dog_breed_dataset\eskimo_dog\n02109961_8353.jpg,eskimo_dog
C:\Users\user\Documents\GitHub\find_breed\dog_breed_dataset\eskimo_dog\n02109961_8835.jpg,eskimo_dog
C:\Users\user\Documents\GitHub\find_breed\dog_breed_dataset\eskimo_dog\n02109961_930.jpg,eskimo_dog
C:\Users\user\Documents\GitHub\find_breed\dog_breed_dataset\fila_braziliero\tsinghua_n112635.jpg,fila_braziliero
C:\Users\user\Documents\GitHub\find_breed\dog_breed_dataset\fila_braziliero\tsinghua_n112637.jpg,fila_braziliero
C:\Users\user\Documents\GitHub\find_breed\dog_breed_dataset\fila_braziliero\tsinghua_n112656.jpg,fila_braziliero
C:\Users\user\Documents\GitHub\find_breed\dog_breed_dataset\fila_braziliero\tsinghua_n112657.jpg,fila_braziliero
C:\Users\user\Documents\GitHub\find_breed\dog_breed_dataset\fila_braziliero\tsinghua_n112663.jpg,fila_braziliero
C:\Users\user\Documents\GitHub\find_breed\dog_breed_dataset\fila_braziliero\tsinghua_n112673.jpg,fila_braziliero
C:\Users\user\Documents\GitHub\find_breed\dog_breed_dataset\fila_braziliero\tsinghua_n112689.jpg,fila_braziliero
C:\Users\user\Documents\GitHub\find_breed\dog_breed_dataset\fila_braziliero\tsinghua_n112690.jpg,fila_braziliero
C:\Users\user\Documents\GitHub\find_breed\dog_breed_dataset\fila_braziliero\tsinghua_n112692.jpg,fila_braziliero
C:\Users\user\Documents\GitHub\find_breed\dog_breed_dataset\fila_braziliero\tsinghua_n112699.jpg,fila_braziliero
C:\Users\user\Documents\GitHub\find_breed\dog_breed_dataset\fila_braziliero\tsinghua_n112701.jpg,fila_braziliero
C:\Users\user\Documents\GitHub\find_breed\dog_breed_dataset\fila_braziliero\tsinghua_n112705.jpg,fila_braziliero
C:\Users\user\Documents\GitHub\find_breed\dog_breed_dataset\fila_braziliero\tsinghua_n112708.jpg,fila_braziliero
C:\Users\user\Documents\GitHub\find_breed\dog_breed_dataset\fila_braziliero\tsinghua_n112710.jpg,fila_braziliero
C:\Users\user\Documents\GitHub\find_breed\dog_breed_dataset\fila_braziliero\tsinghua_n112719.jpg,fila_braziliero
C:\Users\user\Documents\GitHub\find_breed\dog_breed_dataset\fila_braziliero\tsinghua_n112720.jpg,fila_braziliero
C:\Users\user\Documents\GitHub\find_breed\dog_breed_dataset\fila_braziliero\tsinghua_n112724.jpg,fila_braziliero
C:\Users\user\Documents\GitHub\find_breed\dog_breed_dataset\fila_braziliero\tsinghua_n112728.jpg,fila_braziliero
C:\Users\user\Documents\GitHub\find_breed\dog_breed_dataset\fila_braziliero\tsinghua_n112733.jpg,fila_braziliero
C:\Users\user\Documents\GitHub\find_breed\dog_breed_dataset\fila_braziliero\tsinghua_n112734.jpg,fila_braziliero
C:\Users\user\Documents\GitHub\find_breed\dog_breed_dataset\fila_braziliero\tsinghua_n112743.jpg,fila_braziliero
C:\Users\user\Documents\GitHub\find_breed\dog_breed_dataset\fila_braziliero\tsinghua_n112750.jpg,fila_braziliero
C:\Users\user\Documents\GitHub\find_breed\dog_breed_dataset\fila_braziliero\tsinghua_n112757.jpg,fila_braziliero
C:\Users\user\Documents\GitHub\find_breed\dog_breed_dataset\fila_braziliero\tsinghua_n112769.jpg,fila_braziliero
C:\Users\user\Documents\GitHub\find_breed\dog_breed_dataset\fila_braziliero\tsinghua_n112775.jpg,fila_braziliero
C:\Users\user\Documents\GitHub\find_breed\dog_breed_dataset\fila_braziliero\tsinghua_n112786.jpg,fila_braziliero
C:\Users\user\Documents\GitHub\find_breed\dog_breed_dataset\fila_braziliero\tsinghua_n112793.jpg,fila_braziliero
C:\Users\user\Documents\GitHub\find_breed\dog_breed_dataset\fila_braziliero\tsinghua_n112798.jpg,fila_braziliero
C:\Users\user\Documents\GitHub\find_breed\dog_breed_dataset\fila_braziliero\tsinghua_n112803.jpg,fila_braziliero
C:\Users\user\Documents\GitHub\find_breed\dog_breed_dataset\fila_braziliero\tsinghua_n112817.jpeg,fila_braziliero
C:\Users\user\Documents\GitHub\find_breed\dog_breed_dataset\fila_braziliero\tsinghua_n112818.jpeg,fila_braziliero
C:\Users\user\Documents\GitHub\find_breed\dog_breed_dataset\fila_braziliero\tsinghua_n112823.jpeg,fila_braziliero
C:\Users\user\Documents\GitHub\find_breed\dog_breed_dataset\flat_coated_retriever\n02099267_1069.jpg,flat_coated_retriever
C:\Users\user\Documents\GitHub\find_breed\dog_breed_dataset\flat_coated_retriever\n02099267_1451.jpg,flat_coated_retriever
C:\Users\user\Documents\GitHub\find_breed\dog_breed_dataset\flat_coated_retriever\n02099267_1909.jpg,flat_coated_retriever
C:\Users\user\Documents\GitHub\find_breed\dog_breed_dataset\flat_coated_retriever\n02099267_2284.jpg,flat_coated_retriever
C:\Users\user\Documents\GitHub\find_breed\dog_breed_dataset\flat_coated_retriever\n02099267_2314.jpg,flat_coated_retriever
C:\Users\user\Documents\GitHub\find_breed\dog_breed_dataset\flat_coated_retriever\n02099267_2379.jpg,flat_coated_retriever
C:\Users\user\Documents\GitHub\find_breed\dog_breed_dataset\flat_coated_retriever\n02099267_2427.jpg,flat_coated_retriever
C:\Users\user\Documents\GitHub\find_breed\dog_breed_dataset\flat_coated_retriever\n02099267_2447.jpg,flat_coated_retriever
C:\Users\user\Documents\GitHub\find_breed\dog_breed_dataset\flat_coated_retriever\n02099267_2630.jpg,flat_coated_retriever
C:\Users\user\Documents\GitHub\find_breed\dog_breed_dataset\flat_coated_retriever\n02099267_2786.jpg,flat_coated_retriever
C:\Users\user\Documents\GitHub\find_breed\dog_breed_dataset\flat_coated_retriever\n02099267_3097.jpg,flat_coated_retriever
C:\Users\user\Documents\GitHub\find_breed\dog_breed_dataset\flat_coated_retriever\n02099267_3185.jpg,flat_coated_retriever
C:\Users\user\Documents\GitHub\find_breed\dog_breed_dataset\flat_coated_retriever\n02099267_3255.jpg,flat_coated_retriever
C:\Users\user\Documents\GitHub\find_breed\dog_breed_dataset\flat_coated_retriever\n02099267_3431.jpg,flat_coated_retriever
C:\Users\user\Documents\GitHub\find_breed\dog_breed_dataset\flat_coated_retriever\n02099267_3433.jpg,flat_coated_retriever
C:\Users\user\Documents\GitHub\find_breed\dog_breed_dataset\flat_coated_retriever\n02099267_3494.jpg,flat_coated_retriever
C:\Users\user\Documents\GitHub\find_breed\dog_breed_dataset\flat_coated_retriever\n02099267_353.jpg,flat_coated_retriever
C:\Users\user\Documents\GitHub\find_breed\dog_breed_dataset\flat_coated_retriever\n02099267_375.jpg,flat_coated_retriever
C:\Users\user\Documents\GitHub\find_breed\dog_breed_dataset\flat_coated_retriever\n02099267_3768.jpg,flat_coated_retriever
C:\Users\user\Documents\GitHub\find_breed\dog_breed_dataset\flat_coated_retriever\n02099267_3948.jpg,flat_coated_retriever
C:\Users\user\Documents\GitHub\find_breed\dog_breed_dataset\flat_coated_retriever\n02099267_3965.jpg,flat_coated_retriever
C:\Users\user\Documents\GitHub\find_breed\dog_breed_dataset\flat_coated_retriever\n02099267_40.jpg,flat_coated_retriever
C:\Users\user\Documents\GitHub\find_breed\dog_breed_dataset\flat_coated_retriever\n02099267_4236.jpg,flat_coated_retriever
C:\Users\user\Documents\GitHub\find_breed\dog_breed_dataset\flat_coated_retriever\n02099267_4331.jpg,flat_coated_retriever
C:\Users\user\Documents\GitHub\find_breed\dog_breed_dataset\flat_coated_retriever\n02099267_443.jpg,flat_coated_retriever
C:\Users\user\Documents\GitHub\find_breed\dog_breed_dataset\flat_coated_retriever\n02099267_4494.jpg,flat_coated_retriever
C:\Users\user\Documents\GitHub\find_breed\dog_breed_dataset\flat_coated_retriever\n02099267_4525.jpg,flat_coated_retriever
C:\Users\user\Documents\GitHub\find_breed\dog_breed_dataset\flat_coated_retriever\n02099267_4681.jpg,flat_coated_retriever
C:\Users\user\Documents\GitHub\find_breed\dog_breed_dataset\flat_coated_retriever\n02099267_5155.jpg,flat_coated_retriever
C:\Users\user\Documents\GitHub\find_breed\dog_breed_dataset\flat_coated_retriever\n02099267_5427.jpg,flat_coated_retriever
C:\Users\user\Documents\GitHub\find_breed\dog_breed_dataset\flat_coated_retriever\n02099267_5552.jpg,flat_coated_retriever
C:\Users\user\Documents\GitHub\find_breed\dog_breed_dataset\flat_coated_retriever\n02099267_566.jpg,flat_coated_retriever
C:\Users\user\Documents\GitHub\find_breed\dog_breed_dataset\flat_coated_retriever\n02099267_580.jpg,flat_coated_retriever
C:\Users\user\Documents\GitHub\find_breed\dog_breed_dataset\flat_coated_retriever\n02099267_706.jpg,flat_coated_retriever
C:\Users\user\Documents\GitHub\find_breed\dog_breed_dataset\flat_coated_retriever\n02099267_720.jpg,flat_coated_retriever
C:\Users\user\Documents\GitHub\find_breed\dog_breed_dataset\flat_coated_retriever\n02099267_731.jpg,flat_coated_retriever
C:\Users\user\Documents\GitHub\find_breed\dog_breed_dataset\flat_coated_retriever\n02099267_862.jpg,flat_coated_retriever
C:\Users\user\Documents\GitHub\find_breed\dog_breed_dataset\flat_coated_retriever\n02099267_882.jpg,flat_coated_retriever
C:\Users\user\Documents\GitHub\find_breed\dog_breed_dataset\flat_coated_retriever\n02099267_921.jpg,flat_coated_retriever
C:\Users\user\Documents\GitHub\find_breed\dog_breed_dataset\flat_coated_retriever\n02099267_979.jpg,flat_coated_retriever
C:\Users\user\Documents\GitHub\find_breed\dog_breed_dataset\french_bulldog\n02108915_11653.jpg,french_bulldog
C:\Users\user\Documents\GitHub\find_breed\dog_breed_dataset\french_bulldog\n02108915_1188.jpg,french_bulldog
C:\Users\user\Documents\GitHub\find_breed\dog_breed_dataset\french_bulldog\n02108915_1612.jpg,french_bulldog
C:\Users\user\Documents\GitHub\find_breed\dog_breed_dataset\french_bulldog\n02108915_1911.jpg,french_bulldog
C:\Users\user\Documents\GitHub\find_breed\dog_breed_dataset\french_bulldog\n02108915_2756.jpg,french_bulldog
C:\Users\user\Documents\GitHub\find_breed\dog_breed_dataset\french_bulldog\n02108915_3464.jpg,french_bulldog
C:\Users\user\Documents\GitHub\find_breed\dog_breed_dataset\french_bulldog\n02108915_4477.jpg,french_bulldog
C:\Users\user\Documents\GitHub\find_breed\dog_breed_dataset\french_bulldog\n02108915_623.jpg,french_bulldog
C:\Users\user\Documents\GitHub\find_breed\dog_breed_dataset\french_bulldog\n02108915_6462.jpg,french_bulldog
C:\Users\user\Documents\GitHub\find_breed\dog_breed_dataset\french_bulldog\n02108915_656.jpg,french_bulldog
C:\Users\user\Documents\GitHub\find_breed\dog_breed_dataset\french_bulldog\n02108915_716.jpg,french_bulldog
C:\Users\user\Documents\GitHub\find_breed\dog_breed_dataset\french_bulldog\n02108915_7266.jpg,french_bulldog
C:\Users\user\Documents\GitHub\find_breed\dog_breed_dataset\german_shepherd\n02106662_10338.jpg,german_shepherd
C:\Users\user\Documents\GitHub\find_breed\dog_breed_dataset\german_shepherd\n02106662_10552.jpg,german_shepherd
C:\Users\user\Documents\GitHub\find_breed\dog_breed_dataset\german_shepherd\n02106662_10715.jpg,german_shepherd
C:\Users\user\Documents\GitHub\find_breed\dog_breed_dataset\german_shepherd\n02106662_18113.jpg,german_shepherd
C:\Users\user\Documents\GitHub\find_breed\dog_breed_dataset\german_shepherd\n02106662_19720.jpg,german_shepherd
C:\Users\user\Documents\GitHub\find_breed\dog_breed_dataset\german_shepherd\n02106662_21348.jpg,german_shepherd
C:\Users\user\Documents\GitHub\find_breed\dog_breed_dataset\german_shepherd\n02106662_23360.jpg,german_shepherd
C:\Users\user\Documents\GitHub\find_breed\dog_breed_dataset\german_shepherd\n02106662_23996.jpg,german_shepherd
C:\Users\user\Documents\GitHub\find_breed\dog_breed_dataset\german_shepherd\n02106662_24786.jpg,german_shepherd
C:\Users\user\Documents\GitHub\find_breed\dog_breed_dataset\german_shepherd\n02106662_27186.jpg,german_shepherd
C:\Users\user\Documents\GitHub\find_breed\dog_breed_dataset\german_shepherd\n02106662_2740.jpg,german_shepherd
C:\Users\user\Documents\GitHub\find_breed\dog_breed_dataset\german_shepherd\n02106662_4201.jpg,german_shepherd
C:\Users\user\Documents\GitHub\find_breed\dog_breed_dataset\german_shepherd\n02106662_5169.jpg,german_shepherd
C:\Users\user\Documents\GitHub\find_breed\dog_breed_dataset\german_shepherd\n02106662_662.jpg,german_shepherd
C:\Users\user\Documents\GitHub\find_breed\dog_breed_dataset\german_shepherd\n02106662_684.jpg,german_shepherd
C:\Users\user\Documents\GitHub\find_breed\dog_breed_dataset\german_shepherd\n02106662_7313.jpg,german_shepherd
C:\Users\user\Documents\GitHub\find_breed\dog_breed_dataset\german_short_haired_pointer\n02100236_1828.jpg,german_short_haired_pointer
C:\Users\user\Documents\GitHub\find_breed\dog_breed_dataset\german_short_haired_pointer\n02100236_1875.jpg,german_short_haired_pointer
C:\Users\user\Documents\GitHub\find_breed\dog_breed_dataset\german_short_haired_pointer\n02100236_1941.jpg,german_short_haired_pointer
C:\Users\user\Documents\GitHub\find_breed\dog_breed_dataset\german_short_haired_pointer\n02100236_2003.jpg,german_short_haired_pointer
C:\Users\user\Documents\GitHub\find_breed\dog_breed_dataset\german_short_haired_pointer\n02100236_2392.jpg,german_short_haired_pointer
C:\Users\user\Documents\GitHub\find_breed\dog_breed_dataset\german_short_haired_pointer\n02100236_2824.jpg,german_short_haired_pointer
C:\Users\user\Documents\GitHub\find_breed\dog_breed_dataset\german_short_haired_pointer\n02100236_2893.jpg,german_short_haired_pointer
C:\Users\user\Documents\GitHub\find_breed\dog_breed_dataset\german_short_haired_pointer\n02100236_311.jpg,german_short_haired_pointer
C:\Users\user\Documents\GitHub\find_breed\dog_breed_dataset\german_short_haired_pointer\n02100236_3134.jpg,german_short_haired_pointer
C:\Users\user\Documents\GitHub\find_breed\dog_breed_dataset\german_short_haired_pointer\n02100236_3683.jpg,german_short_haired_pointer
C:\Users\user\Documents\GitHub\find_breed\dog_breed_dataset\german_short_haired_pointer\n02100236_4181.jpg,german_short_haired_pointer
C:\Users\user\Documents\GitHub\find_breed\dog_breed_dataset\german_short_haired_pointer\n02100236_4379.jpg,german_short_haired_pointer
C:\Users\user\Documents\GitHub\find_breed\dog_breed_dataset\german_short_haired_pointer\n02100236_4508.jpg,german_short_haired_pointer
C:\Users\user\Documents\GitHub\find_breed\dog_breed_dataset\german_short_haired_pointer\n02100236_4556.jpg,german_short_haired_pointer
C:\Users\user\Documents\GitHub\find_breed\dog_breed_dataset\german_short_haired_pointer\n02100236_4723.jpg,german_short_haired_pointer
C:\Users\user\Documents\GitHub\find_breed\dog_breed_dataset\german_short_haired_pointer\n02100236_4755.jpg,german_short_haired_pointer
C:\Users\user\Documents\GitHub\find_breed\dog_breed_dataset\german_short_haired_pointer\n02100236_505.jpg,german_short_haired_pointer
C:\Users\user\Documents\GitHub\find_breed\dog_breed_dataset\german_short_haired_pointer\n02100236_521.jpg,german_short_haired_pointer
C:\Users\user\Documents\GitHub\find_breed\dog_breed_dataset\german_short_haired_pointer\n02100236_5505.jpg,german_short_haired_pointer
C:\Users\user\Documents\GitHub\find_breed\dog_breed_dataset\german_short_haired_pointer\n02100236_5671.jpg,german_short_haired_pointer
C:\Users\user\Documents\GitHub\find_breed\dog_breed_dataset\german_short_haired_pointer\n02100236_615.jpg,german_short_haired_pointer
C:\Users\user\Documents\GitHub\find_breed\dog_breed_dataset\german_short_haired_pointer\n02100236_619.jpg,german_short_haired_pointer
C:\Users\user\Documents\GitHub\find_breed\dog_breed_dataset\german_short_haired_pointer\n02100236_965.jpg,german_short_haired_pointer
C:\Users\user\Documents\GitHub\find_breed\dog_breed_dataset\giant_schnauzer\n02097130_1070.jpg,giant_schnauzer
C:\Users\user\Documents\GitHub\find_breed\dog_breed_dataset\giant_schnauzer\n02097130_1119.jpg,giant_schnauzer
C:\Users\user\Documents\GitHub\find_breed\dog_breed_dataset\giant_schnauzer\n02097130_1159.jpg,giant_schnauzer
C:\Users\user\Documents\GitHub\find_breed\dog_breed_dataset\giant_schnauzer\n02097130_1235.jpg,giant_schnauzer
C:\Users\user\Documents\GitHub\find_breed\dog_breed_dataset\giant_schnauzer\n02097130_1254.jpg,giant_schnauzer
C:\Users\user\Documents\GitHub\find_breed\dog_breed_dataset\giant_schnauzer\n02097130_1649.jpg,giant_schnauzer
C:\Users\user\Documents\GitHub\find_breed\dog_breed_dataset\giant_schnauzer\n02097130_1653.jpg,giant_schnauzer
C:\Users\user\Documents\GitHub\find_breed\dog_breed_dataset\giant_schnauzer\n02097130_1822.jpg,giant_schnauzer
C:\Users\user\Documents\GitHub\find_breed\dog_breed_dataset\giant_schnauzer\n02097130_2135.jpg,giant_schnauzer
C:\Users\user\Documents\GitHub\find_breed\dog_breed_dataset\giant_schnauzer\n02097130_2487.jpg,giant_schnauzer
C:\Users\user\Documents\GitHub\find_breed\dog_breed_dataset\giant_schnauzer\n02097130_2751.jpg,giant_schnauzer
C:\Users\user\Documents\GitHub\find_breed\dog_breed_dataset\giant_schnauzer\n02097130_2866.jpg,giant_schnauzer
C:\Users\user\Documents\GitHub\find_breed\dog_breed_dataset\giant_schnauzer\n02097130_2907.jpg,giant_schnauzer
C:\Users\user\Documents\GitHub\find_breed\dog_breed_dataset\giant_schnauzer\n02097130_2942.jpg,giant_schnauzer
C:\Users\user\Documents\GitHub\find_breed\dog_breed_dataset\giant_schnauzer\n02097130_3005.jpg,giant_schnauzer
C:\Users\user\Documents\GitHub\find_breed\dog_breed_dataset\giant_schnauzer\n02097130_3046.jpg,giant_schnauzer
C:\Users\user\Documents\GitHub\find_breed\dog_breed_dataset\giant_schnauzer\n02097130_3396.jpg,giant_schnauzer
C:\Users\user\Documents\GitHub\find_breed\dog_breed_dataset\giant_schnauzer\n02097130_3452.jpg,giant_schnauzer
C:\Users\user\Documents\GitHub\find_breed\dog_breed_dataset\giant_schnauzer\n02097130_3615.jpg,giant_schnauzer
C:\Users\user\Documents\GitHub\find_breed\dog_breed_dataset\giant_schnauzer\n02097130_3628.jpg,giant_schnauzer
C:\Users\user\Documents\GitHub\find_breed\dog_breed_dataset\giant_schnauzer\n02097130_4050.jpg,giant_schnauzer
C:\Users\user\Documents\GitHub\find_breed\dog_breed_dataset\giant_schnauzer\n02097130_4236.jpg,giant_schnauzer
C:\Users\user\Documents\GitHub\find_breed\dog_breed_dataset\giant_schnauzer\n02097130_4292.jpg,giant_schnauzer
C:\Users\user\Documents\GitHub\find_breed\dog_breed_dataset\giant_schnauzer\n02097130_4336.jpg,giant_schnauzer
C:\Users\user\Documents\GitHub\find_breed\dog_breed_dataset\giant_schnauzer\n02097130_4467.jpg,giant_schnauzer
C:\Users\user\Documents\GitHub\find_breed\dog_breed_dataset\giant_schnauzer\n02097130_4518.jpg,giant_schnauzer
C:\Users\user\Documents\GitHub\find_breed\dog_breed_dataset\giant_schnauzer\n02097130_5117.jpg,giant_schnauzer
C:\Users\user\Documents\GitHub\find_breed\dog_breed_dataset\giant_schnauzer\n02097130_5432.jpg,giant_schnauzer
C:\Users\user\Documents\GitHub\find_breed\dog_breed_dataset\giant_schnauzer\n02097130_5453.jpg,giant_schnauzer
C:\Users\user\Documents\GitHub\find_breed\dog_breed_dataset\giant_schnauzer\n02097130_5560.jpg,giant_schnauzer
C:\Users\user\Documents\GitHub\find_breed\dog_breed_dataset\giant_schnauzer\n02097130_5609.jpg,giant_schnauzer
C:\Users\user\Documents\GitHub\find_breed\dog_breed_dataset\giant_schnauzer\n02097130_5675.jpg,giant_schnauzer
C:\Users\user\Documents\GitHub\find_breed\dog_breed_dataset\giant_schnauzer\n02097130_5708.jpg,giant_schnauzer
C:\Users\user\Documents\GitHub\find_breed\dog_breed_dataset\giant_schnauzer\n02097130_572.jpg,giant_schnauzer
C:\Users\user\Documents\GitHub\find_breed\dog_breed_dataset\giant_schnauzer\n02097130_5882.jpg,giant_schnauzer
C:\Users\user\Documents\GitHub\find_breed\dog_breed_dataset\giant_schnauzer\n02097130_5907.jpg,giant_schnauzer
C:\Users\user\Documents\GitHub\find_breed\dog_breed_dataset\giant_schnauzer\n02097130_857.jpg,giant_schnauzer
C:\Users\user\Documents\GitHub\find_breed\dog_breed_dataset\giant_schnauzer\n02097130_864.jpg,giant_schnauzer
C:\Users\user\Documents\GitHub\find_breed\dog_breed_dataset\giant_schnauzer\n02097130_982.jpg,giant_schnauzer
C:\Users\user\Documents\GitHub\find_breed\dog_breed_dataset\golden_retriever\gr10.jpg,golden_retriever
C:\Users\user\Documents\GitHub\find_breed\dog_breed_dataset\golden_retriever\gr55.jpg,golden_retriever
C:\Users\user\Documents\GitHub\find_breed\dog_breed_dataset\golden_retriever\gr58.jpg,golden_retriever
C:\Users\user\Documents\GitHub\find_breed\dog_breed_dataset\golden_retriever\gr76.jpg,golden_retriever
C:\Users\user\Documents\GitHub\find_breed\dog_breed_dataset\golden_retriever\gr77.jpg,golden_retriever
C:\Users\user\Documents\GitHub\find_breed\dog_breed_dataset\golden_retriever\gr79.jpg,golden_retriever
C:\Users\user\Documents\GitHub\find_breed\dog_breed_dataset\golden_retriever\gr84.jpg,golden_retriever
C:\Users\user\Documents\GitHub\find_breed\dog_breed_dataset\golden_retriever\gr91.jpg,golden_retriever
C:\Users\user\Documents\GitHub\find_breed\dog_breed_dataset\golden_retriever\gr93.jpg,golden_retriever
C:\Users\user\Documents\GitHub\find_breed\dog_breed_dataset\golden_retriever\n02099601_118.jpg,golden_retriever
C:\Users\user\Documents\GitHub\find_breed\dog_breed_dataset\golden_retriever\n02099601_124.jpg,golden_retriever
C:\Users\user\Documents\GitHub\find_breed\dog_breed_dataset\golden_retriever\n02099601_308.jpg,golden_retriever
C:\Users\user\Documents\GitHub\find_breed\dog_breed_dataset\golden_retriever\n02099601_5679.jpg,golden_retriever
C:\Users\user\Documents\GitHub\find_breed\dog_breed_dataset\golden_retriever\n02099601_70.jpg,golden_retriever
C:\Users\user\Documents\GitHub\find_breed\dog_breed_dataset\gordon_setter\n02101006_1126.jpg,gordon_setter
C:\Users\user\Documents\GitHub\find_breed\dog_breed_dataset\gordon_setter\n02101006_1205.jpg,gordon_setter
C:\Users\user\Documents\GitHub\find_breed\dog_breed_dataset\gordon_setter\n02101006_1249.jpg,gordon_setter
C:\Users\user\Documents\GitHub\find_breed\dog_breed_dataset\gordon_setter\n02101006_1389.jpg,gordon_setter
C:\Users\user\Documents\GitHub\find_breed\dog_breed_dataset\gordon_setter\n02101006_18.jpg,gordon_setter
C:\Users\user\Documents\GitHub\find_breed\dog_breed_dataset\gordon_setter\n02101006_1888.jpg,gordon_setter
C:\Users\user\Documents\GitHub\find_breed\dog_breed_dataset\gordon_setter\n02101006_1918.jpg,gordon_setter
C:\Users\user\Documents\GitHub\find_breed\dog_breed_dataset\gordon_setter\n02101006_2113.jpg,gordon_setter
C:\Users\user\Documents\GitHub\find_breed\dog_breed_dataset\gordon_setter\n02101006_228.jpg,gordon_setter
C:\Users\user\Documents\GitHub\find_breed\dog_breed_dataset\gordon_setter\n02101006_2316.jpg,gordon_setter
C:\Users\user\Documents\GitHub\find_breed\dog_breed_dataset\gordon_setter\n02101006_2468.jpg,gordon_setter
C:\Users\user\Documents\GitHub\find_breed\dog_breed_dataset\gordon_setter\n02101006_2703.jpg,gordon_setter
C:\Users\user\Documents\GitHub\find_breed\dog_breed_dataset\gordon_setter\n02101006_2776.jpg,gordon_setter
C:\Users\user\Documents\GitHub\find_breed\dog_breed_dataset\gordon_setter\n02101006_2794.jpg,gordon_setter
C:\Users\user\Documents\GitHub\find_breed\dog_breed_dataset\gordon_setter\n02101006_2918.jpg,gordon_setter
C:\Users\user\Documents\GitHub\find_breed\dog_breed_dataset\gordon_setter\n02101006_296.jpg,gordon_setter
C:\Users\user\Documents\GitHub\find_breed\dog_breed_dataset\gordon_setter\n02101006_3422.jpg,gordon_setter
C:\Users\user\Documents\GitHub\find_breed\dog_breed_dataset\gordon_setter\n02101006_4253.jpg,gordon_setter
C:\Users\user\Documents\GitHub\find_breed\dog_breed_dataset\gordon_setter\n02101006_4271.jpg,gordon_setter
C:\Users\user\Documents\GitHub\find_breed\dog_breed_dataset\gordon_setter\n02101006_4988.jpg,gordon_setter
C:\Users\user\Documents\GitHub\find_breed\dog_breed_dataset\gordon_setter\n02101006_6126.jpg,gordon_setter
C:\Users\user\Documents\GitHub\find_breed\dog_breed_dataset\gordon_setter\n02101006_615.jpg,gordon_setter
C:\Users\user\Documents\GitHub\find_breed\dog_breed_dataset\gordon_setter\n02101006_6342.jpg,gordon_setter
C:\Users\user\Documents\GitHub\find_breed\dog_breed_dataset\gordon_setter\n02101006_6949.jpg,gordon_setter
C:\Users\user\Documents\GitHub\find_breed\dog_breed_dataset\gordon_setter\n02101006_709.jpg,gordon_setter
C:\Users\user\Documents\GitHub\find_breed\dog_breed_dataset\gordon_setter\n02101006_714.jpg,gordon_setter
C:\Users\user\Documents\GitHub\find_breed\dog_breed_dataset\gordon_setter\n02101006_7867.jpg,gordon_setter
C:\Users\user\Documents\GitHub\find_breed\dog_breed_dataset\gordon_setter\n02101006_795.jpg,gordon_setter
C:\Users\user\Documents\GitHub\find_breed\dog_breed_dataset\great_dane\n02109047_11178.jpg,great_dane
C:\Users\user\Documents\GitHub\find_breed\dog_breed_dataset\great_dane\n02109047_12085.jpg,great_dane
C:\Users\user\Documents\GitHub\find_breed\dog_breed_dataset\great_dane\n02109047_12678.jpg,great_dane
C:\Users\user\Documents\GitHub\find_breed\dog_breed_dataset\great_dane\n02109047_12966.jpg,great_dane
C:\Users\user\Documents\GitHub\find_breed\dog_breed_dataset\great_dane\n02109047_13072.jpg,great_dane
C:\Users\user\Documents\GitHub\find_breed\dog_breed_dataset\great_dane\n02109047_1371.jpg,great_dane
C:\Users\user\Documents\GitHub\find_breed\dog_breed_dataset\great_dane\n02109047_13730.jpg,great_dane
C:\Users\user\Documents\GitHub\find_breed\dog_breed_dataset\great_dane\n02109047_1659.jpg,great_dane
C:\Users\user\Documents\GitHub\find_breed\dog_breed_dataset\great_dane\n02109047_1672.jpg,great_dane
C:\Users\user\Documents\GitHub\find_breed\dog_breed_dataset\great_dane\n02109047_17050.jpg,great_dane
C:\Users\user\Documents\GitHub\find_breed\dog_breed_dataset\great_dane\n02109047_1813.jpg,great_dane
C:\Users\user\Documents\GitHub\find_breed\dog_breed_dataset\great_dane\n02109047_21567.jpg,great_dane
C:\Users\user\Documents\GitHub\find_breed\dog_breed_dataset\great_dane\n02109047_22413.jpg,great_dane
C:\Users\user\Documents\GitHub\find_breed\dog_breed_dataset\great_dane\n02109047_22955.jpg,great_dane
C:\Users\user\Documents\GitHub\find_breed\dog_breed_dataset\great_dane\n02109047_23058.jpg,great_dane
C:\Users\user\Documents\GitHub\find_breed\dog_breed_dataset\great_dane\n02109047_24258.jpg,great_dane
C:\Users\user\Documents\GitHub\find_breed\dog_breed_dataset\great_dane\n02109047_24340.jpg,great_dane
C:\Users\user\Documents\GitHub\find_breed\dog_breed_dataset\great_dane\n02109047_24710.jpg,great_dane
C:\Users\user\Documents\GitHub\find_breed\dog_breed_dataset\great_dane\n02109047_25779.jpg,great_dane
C:\Users\user\Documents\GitHub\find_breed\dog_breed_dataset\great_dane\n02109047_26134.jpg,great_dane
C:\Users\user\Documents\GitHub\find_breed\dog_breed_dataset\great_dane\n02109047_28208.jpg,great_dane
C:\Users\user\Documents\GitHub\find_breed\dog_breed_dataset\great_dane\n02109047_30923.jpg,great_dane
C:\Users\user\Documents\GitHub\find_breed\dog_breed_dataset\great_dane\n02109047_31117.jpg,great_dane
C:\Users\user\Documents\GitHub\find_breed\dog_breed_dataset\great_dane\n02109047_31830.jpg,great_dane
C:\Users\user\Documents\GitHub\find_breed\dog_breed_dataset\great_dane\n02109047_33029.jpg,great_dane
C:\Users\user\Documents\GitHub\find_breed\dog_breed_dataset\great_dane\n02109047_33047.jpg,great_dane
C:\Users\user\Documents\GitHub\find_breed\dog_breed_dataset\great_dane\n02109047_33588.jpg,great_dane
C:\Users\user\Documents\GitHub\find_breed\dog_breed_dataset\great_dane\n02109047_33651.jpg,great_dane
C:\Users\user\Documents\GitHub\find_breed\dog_breed_dataset\great_dane\n02109047_34102.jpg,great_dane
C:\Users\user\Documents\GitHub\find_breed\dog_breed_dataset\great_dane\n02109047_34148.jpg,great_dane
C:\Users\user\Documents\GitHub\find_breed\dog_breed_dataset\great_dane\n02109047_34175.jpg,great_dane
C:\Users\user\Documents\GitHub\find_breed\dog_breed_dataset\great_dane\n02109047_4267.jpg,great_dane
C:\Users\user\Documents\GitHub\find_breed\dog_breed_dataset\great_dane\n02109047_5181.jpg,great_dane
C:\Users\user\Documents\GitHub\find_breed\dog_breed_dataset\great_dane\n02109047_5618.jpg,great_dane
C:\Users\user\Documents\GitHub\find_breed\dog_breed_dataset\great_dane\n02109047_6265.jpg,great_dane
C:\Users\user\Documents\GitHub\find_breed\dog_breed_dataset\great_dane\n02109047_888.jpg,great_dane
C:\Users\user\Documents\GitHub\find_breed\dog_breed_dataset\great_dane\n02109047_9164.jpg,great_dane
C:\Users\user\Documents\GitHub\find_breed\dog_breed_dataset\great_pyrenees\n02111500_1031.jpg,great_pyrenees
C:\Users\user\Documents\GitHub\find_breed\dog_breed_dataset\great_pyrenees\n02111500_1048.jpg,great_pyrenees
C:\Users\user\Documents\GitHub\find_breed\dog_breed_dataset\great_pyrenees\n02111500_1097.jpg,great_pyrenees
C:\Users\user\Documents\GitHub\find_breed\dog_breed_dataset\great_pyrenees\n02111500_198.jpg,great_pyrenees
C:\Users\user\Documents\GitHub\find_breed\dog_breed_dataset\great_pyrenees\n02111500_2018.jpg,great_pyrenees
C:\Users\user\Documents\GitHub\find_breed\dog_breed_dataset\great_pyrenees\n02111500_205.jpg,great_pyrenees
C:\Users\user\Documents\GitHub\find_breed\dog_breed_dataset\great_pyrenees\n02111500_241.jpg,great_pyrenees
C:\Users\user\Documents\GitHub\find_breed\dog_breed_dataset\great_pyrenees\n02111500_2491.jpg,great_pyrenees
C:\Users\user\Documents\GitHub\find_breed\dog_breed_dataset\great_pyrenees\n02111500_2522.jpg,great_pyrenees
C:\Users\user\Documents\GitHub\find_breed\dog_breed_dataset\great_pyrenees\n02111500_2668.jpg,great_pyrenees
C:\Users\user\Documents\GitHub\find_breed\dog_breed_dataset\great_pyrenees\n02111500_2747.jpg,great_pyrenees
C:\Users\user\Documents\GitHub\find_breed\dog_breed_dataset\great_pyrenees\n02111500_3254.jpg,great_pyrenees
C:\Users\user\Documents\GitHub\find_breed\dog_breed_dataset\great_pyrenees\n02111500_3306.jpg,great_pyrenees
C:\Users\user\Documents\GitHub\find_breed\dog_breed_dataset\great_pyrenees\n02111500_3548.jpg,great_pyrenees
C:\Users\user\Documents\GitHub\find_breed\dog_breed_dataset\great_pyrenees\n02111500_3672.jpg,great_pyrenees
C:\Users\user\Documents\GitHub\find_breed\dog_breed_dataset\great_pyrenees\n02111500_4104.jpg,great_pyrenees
C:\Users\user\Documents\GitHub\find_breed\dog_breed_dataset\great_pyrenees\n02111500_4636.jpg,great_pyrenees
C:\Users\user\Documents\GitHub\find_breed\dog_breed_dataset\great_pyrenees\n02111500_4731.jpg,great_pyrenees
C:\Users\user\Documents\GitHub\find_breed\dog_breed_dataset\great_pyrenees\n02111500_4851.jpg,great_pyrenees
C:\Users\user\Documents\GitHub\find_breed\dog_breed_dataset\great_pyrenees\n02111500_4854.jpg,great_pyrenees
C:\Users\user\Documents\GitHub\find_breed\dog_breed_dataset\great_pyrenees\n02111500_5059.jpg,great_pyrenees
C:\Users\user\Documents\GitHub\find_breed\dog_breed_dataset\great_pyrenees\n02111500_514.jpg,great_pyrenees
C:\Users\user\Documents\GitHub\find_breed\dog_breed_dataset\great_pyrenees\n02111500_5675.jpg,great_pyrenees
C:\Users\user\Documents\GitHub\find_breed\dog_breed_dataset\great_pyrenees\n02111500_577.jpg,great_pyrenees
C:\Users\user\Documents\GitHub\find_breed\dog_breed_dataset\great_pyrenees\n02111500_6045.jpg,great_pyrenees
C:\Users\user\Documents\GitHub\find_breed\dog_breed_dataset\great_pyrenees\n02111500_6289.jpg,great_pyrenees
C:\Users\user\Documents\GitHub\find_breed\dog_breed_dataset\great_pyrenees\n02111500_6338.jpg,great_pyrenees
C:\Users\user\Documents\GitHub\find_breed\dog_breed_dataset\great_pyrenees\n02111500_6401.jpg,great_pyrenees
C:\Users\user\Documents\GitHub\find_breed\dog_breed_dataset\great_pyrenees\n02111500_655.jpg,great_pyrenees
C:\Users\user\Documents\GitHub\find_breed\dog_breed_dataset\great_pyrenees\n02111500_6792.jpg,great_pyrenees
C:\Users\user\Documents\GitHub\find_breed\dog_breed_dataset\great_pyrenees\n02111500_6835.jpg,great_pyrenees
C:\Users\user\Documents\GitHub\find_breed\dog_breed_dataset\great_pyrenees\n02111500_7387.jpg,great_pyrenees
C:\Users\user\Documents\GitHub\find_breed\dog_breed_dataset\great_pyrenees\n02111500_7420.jpg,great_pyrenees
C:\Users\user\Documents\GitHub\find_breed\dog_breed_dataset\great_pyrenees\n02111500_767.jpg,great_pyrenees
C:\Users\user\Documents\GitHub\find_breed\dog_breed_dataset\great_pyrenees\n02111500_7987.jpg,great_pyrenees
C:\Users\user\Documents\GitHub\find_breed\dog_breed_dataset\great_pyrenees\n02111500_8042.jpg,great_pyrenees
C:\Users\user\Documents\GitHub\find_breed\dog_breed_dataset\great_pyrenees\n02111500_8166.jpg,great_pyrenees
C:\Users\user\Documents\GitHub\find_breed\dog_breed_dataset\great_pyrenees\n02111500_8319.jpg,great_pyrenees
C:\Users\user\Documents\GitHub\find_breed\dog_breed_dataset\great_pyrenees\n02111500_8397.jpg,great_pyrenees
C:\Users\user\Documents\GitHub\find_breed\dog_breed_dataset\great_pyrenees\n02111500_8610.jpg,great_pyrenees
C:\Users\user\Documents\GitHub\find_breed\dog_breed_dataset\great_pyrenees\n02111500_8721.jpg,great_pyrenees
C:\Users\user\Documents\GitHub\find_breed\dog_breed_dataset\great_pyrenees\n02111500_8729.jpg,great_pyrenees
C:\Users\user\Documents\GitHub\find_breed\dog_breed_dataset\great_pyrenees\n02111500_9000.jpg,great_pyrenees
C:\Users\user\Documents\GitHub\find_breed\dog_breed_dataset\great_pyrenees\n02111500_9015.jpg,great_pyrenees
C:\Users\user\Documents\GitHub\find_breed\dog_breed_dataset\great_pyrenees\n02111500_9018.jpg,great_pyrenees
C:\Users\user\Documents\GitHub\find_breed\dog_breed_dataset\great_pyrenees\n02111500_9298.jpg,great_pyrenees
C:\Users\user\Documents\GitHub\find_breed\dog_breed_dataset\greater_swiss_mountain_dog\n02107574_1126.jpg,greater_swiss_mountain_dog
C:\Users\user\Documents\GitHub\find_breed\dog_breed_dataset\greater_swiss_mountain_dog\n02107574_1174.jpg,greater_swiss_mountain_dog
C:\Users\user\Documents\GitHub\find_breed\dog_breed_dataset\greater_swiss_mountain_dog\n02107574_1467.jpg,greater_swiss_mountain_dog
C:\Users\user\Documents\GitHub\find_breed\dog_breed_dataset\greater_swiss_mountain_dog\n02107574_15.jpg,greater_swiss_mountain_dog
C:\Users\user\Documents\GitHub\find_breed\dog_breed_dataset\greater_swiss_mountain_dog\n02107574_753.jpg,greater_swiss_mountain_dog
C:\Users\user\Documents\GitHub\find_breed\dog_breed_dataset\greater_swiss_mountain_dog\n02107574_976.jpg,greater_swiss_mountain_dog
C:\Users\user\Documents\GitHub\find_breed\dog_breed_dataset\groenendael\n02105056_1067.jpg,groenendael
C:\Users\user\Documents\GitHub\find_breed\dog_breed_dataset\groenendael\n02105056_1071.jpg,groenendael
C:\Users\user\Documents\GitHub\find_breed\dog_breed_dataset\groenendael\n02105056_1294.jpg,groenendael
C:\Users\user\Documents\GitHub\find_breed\dog_breed_dataset\groenendael\n02105056_143.jpg,groenendael
C:\Users\user\Documents\GitHub\find_breed\dog_breed_dataset\groenendael\n02105056_1523.jpg,groenendael
C:\Users\user\Documents\GitHub\find_breed\dog_breed_dataset\groenendael\n02105056_1960.jpg,groenendael
C:\Users\user\Documents\GitHub\find_breed\dog_breed_dataset\groenendael\n02105056_2036.jpg,groenendael
C:\Users\user\Documents\GitHub\find_breed\dog_breed_dataset\groenendael\n02105056_2194.jpg,groenendael
C:\Users\user\Documents\GitHub\find_breed\dog_breed_dataset\groenendael\n02105056_2195.jpg,groenendael
C:\Users\user\Documents\GitHub\find_breed\dog_breed_dataset\groenendael\n02105056_2200.jpg,groenendael
C:\Users\user\Documents\GitHub\find_breed\dog_breed_dataset\groenendael\n02105056_2552.jpg,groenendael
C:\Users\user\Documents\GitHub\find_breed\dog_breed_dataset\groenendael\n02105056_2556.jpg,groenendael
C:\Users\user\Documents\GitHub\find_breed\dog_breed_dataset\groenendael\n02105056_26.jpg,groenendael
C:\Users\user\Documents\GitHub\find_breed\dog_breed_dataset\groenendael\n02105056_2639.jpg,groenendael
C:\Users\user\Documents\GitHub\find_breed\dog_breed_dataset\groenendael\n02105056_2649.jpg,groenendael
C:\Users\user\Documents\GitHub\find_breed\dog_breed_dataset\groenendael\n02105056_2678.jpg,groenendael
C:\Users\user\Documents\GitHub\find_breed\dog_breed_dataset\groenendael\n02105056_2685.jpg,groenendael
C:\Users\user\Documents\GitHub\find_breed\dog_breed_dataset\groenendael\n02105056_2802.jpg,groenendael
C:\Users\user\Documents\GitHub\find_breed\dog_breed_dataset\groenendael\n02105056_2894.jpg,groenendael
C:\Users\user\Documents\GitHub\find_breed\dog_breed_dataset\groenendael\n02105056_3107.jpg,groenendael
C:\Users\user\Documents\GitHub\find_breed\dog_breed_dataset\groenendael\n02105056_3294.jpg,groenendael
C:\Users\user\Documents\GitHub\find_breed\dog_breed_dataset\groenendael\n02105056_3348.jpg,groenendael
C:\Users\user\Documents\GitHub\find_breed\dog_breed_dataset\groenendael\n02105056_3394.jpg,groenendael
C:\Users\user\Documents\GitHub\find_breed\dog_breed_dataset\groenendael\n02105056_3530.jpg,groenendael
C:\Users\user\Documents\GitHub\find_breed\dog_breed_dataset\groenendael\n02105056_3640.jpg,groenendael
C:\Users\user\Documents\GitHub\find_breed\dog_breed_dataset\groenendael\n02105056_3666.jpg,groenendael
C:\Users\user\Documents\GitHub\find_breed\dog_breed_dataset\groenendael\n02105056_3741.jpg,groenendael
C:\Users\user\Documents\GitHub\find_breed\dog_breed_dataset\groenendael\n02105056_3754.jpg,groenendael
C:\Users\user\Documents\GitHub\find_breed\dog_breed_dataset\groenendael\n02105056_3896.jpg,groenendael
C:\Users\user\Documents\GitHub\find_breed\dog_breed_dataset\groenendael\n02105056_3908.jpg,groenendael
C:\Users\user\Documents\GitHub\find_breed\dog_breed_dataset\groenendael\n02105056_4066.jpg,groenendael
C:\Users\user\Documents\GitHub\find_breed\dog_breed_dataset\groenendael\n02105056_4102.jpg,groenendael
C:\Users\user\Documents\GitHub\find_breed\dog_breed_dataset\groenendael\n02105056_4139.jpg,groenendael
C:\Users\user\Documents\GitHub\find_breed\dog_breed_dataset\groenendael\n02105056_4205.jpg,groenendael
C:\Users\user\Documents\GitHub\find_breed\dog_breed_dataset\groenendael\n02105056_4283.jpg,groenendael
C:\Users\user\Documents\GitHub\find_breed\dog_breed_dataset\groenendael\n02105056_4361.jpg,groenendael
C:\Users\user\Documents\GitHub\find_breed\dog_breed_dataset\groenendael\n02105056_4407.jpg,groenendael
C:\Users\user\Documents\GitHub\find_breed\dog_breed_dataset\groenendael\n02105056_4486.jpg,groenendael
C:\Users\user\Documents\GitHub\find_breed\dog_breed_dataset\groenendael\n02105056_4533.jpg,groenendael
C:\Users\user\Documents\GitHub\find_breed\dog_breed_dataset\groenendael\n02105056_4591.jpg,groenendael
C:\Users\user\Documents\GitHub\find_breed\dog_breed_dataset\groenendael\n02105056_4631.jpg,groenendael
C:\Users\user\Documents\GitHub\find_breed\dog_breed_dataset\groenendael\n02105056_4640.jpg,groenendael
C:\Users\user\Documents\GitHub\find_breed\dog_breed_dataset\groenendael\n02105056_4713.jpg,groenendael
C:\Users\user\Documents\GitHub\find_breed\dog_breed_dataset\groenendael\n02105056_4766.jpg,groenendael
C:\Users\user\Documents\GitHub\find_breed\dog_breed_dataset\groenendael\n02105056_4787.jpg,groenendael
C:\Users\user\Documents\GitHub\find_breed\dog_breed_dataset\groenendael\n02105056_4842.jpg,groenendael
C:\Users\user\Documents\GitHub\find_breed\dog_breed_dataset\groenendael\n02105056_4846.jpg,groenendael
C:\Users\user\Documents\GitHub\find_breed\dog_breed_dataset\groenendael\n02105056_4904.jpg,groenendael
C:\Users\user\Documents\GitHub\find_breed\dog_breed_dataset\groenendael\n02105056_4956.jpg,groenendael
C:\Users\user\Documents\GitHub\find_breed\dog_breed_dataset\groenendael\n02105056_5193.jpg,groenendael
C:\Users\user\Documents\GitHub\find_breed\dog_breed_dataset\groenendael\n02105056_5212.jpg,groenendael
C:\Users\user\Documents\GitHub\find_breed\dog_breed_dataset\groenendael\n02105056_5365.jpg,groenendael
C:\Users\user\Documents\GitHub\find_breed\dog_breed_dataset\groenendael\n02105056_5371.jpg,groenendael
C:\Users\user\Documents\GitHub\find_breed\dog_breed_dataset\groenendael\n02105056_5638.jpg,groenendael
C:\Users\user\Documents\GitHub\find_breed\dog_breed_dataset\groenendael\n02105056_5757.jpg,groenendael
C:\Users\user\Documents\GitHub\find_breed\dog_breed_dataset\groenendael\n02105056_5869.jpg,groenendael
C:\Users\user\Documents\GitHub\find_breed\dog_breed_dataset\groenendael\n02105056_6024.jpg,groenendael
C:\Users\user\Documents\GitHub\find_breed\dog_breed_dataset\groenendael\n02105056_6038.jpg,groenendael
C:\Users\user\Documents\GitHub\find_breed\dog_breed_dataset\groenendael\n02105056_6127.jpg,groenendael
C:\Users\user\Documents\GitHub\find_breed\dog_breed_dataset\groenendael\n02105056_6474.jpg,groenendael
C:\Users\user\Documents\GitHub\find_breed\dog_breed_dataset\groenendael\n02105056_6523.jpg,groenendael
C:\Users\user\Documents\GitHub\find_breed\dog_breed_dataset\groenendael\n02105056_6567.jpg,groenendael
C:\Users\user\Documents\GitHub\find_breed\dog_breed_dataset\groenendael\n02105056_6596.jpg,groenendael
C:\Users\user\Documents\GitHub\find_breed\dog_breed_dataset\groenendael\n02105056_6600.jpg,groenendael
C:\Users\user\Documents\GitHub\find_breed\dog_breed_dataset\groenendael\n02105056_6614.jpg,groenendael
C:\Users\user\Documents\GitHub\find_breed\dog_breed_dataset\groenendael\n02105056_6639.jpg,groenendael
C:\Users\user\Documents\GitHub\find_breed\dog_breed_dataset\groenendael\n02105056_6790.jpg,groenendael
C:\Users\user\Documents\GitHub\find_breed\dog_breed_dataset\groenendael\n02105056_6827.jpg,groenendael
C:\Users\user\Documents\GitHub\find_breed\dog_breed_dataset\groenendael\n02105056_6899.jpg,groenendael
C:\Users\user\Documents\GitHub\find_breed\dog_breed_dataset\groenendael\n02105056_7068.jpg,groenendael
C:\Users\user\Documents\GitHub\find_breed\dog_breed_dataset\groenendael\n02105056_7112.jpg,groenendael
C:\Users\user\Documents\GitHub\find_breed\dog_breed_dataset\groenendael\n02105056_7314.jpg,groenendael
C:\Users\user\Documents\GitHub\find_breed\dog_breed_dataset\groenendael\n02105056_7381.jpg,groenendael
C:\Users\user\Documents\GitHub\find_breed\dog_breed_dataset\groenendael\n02105056_7407.jpg,groenendael
C:\Users\user\Documents\GitHub\find_breed\dog_breed_dataset\groenendael\n02105056_7435.jpg,groenendael
C:\Users\user\Documents\GitHub\find_breed\dog_breed_dataset\groenendael\n02105056_961.jpg,groenendael
C:\Users\user\Documents\GitHub\find_breed\dog_breed_dataset\havanese\oxford_havanese_122.jpg,havanese
C:\Users\user\Documents\GitHub\find_breed\dog_breed_dataset\havanese\oxford_havanese_16.jpg,havanese
C:\Users\user\Documents\GitHub\find_breed\dog_breed_dataset\havanese\oxford_havanese_166.jpg,havanese
C:\Users\user\Documents\GitHub\find_breed\dog_breed_dataset\ibizan_hound\n02091244_100.jpg,ibizan_hound
C:\Users\user\Documents\GitHub\find_breed\dog_breed_dataset\ibizan_hound\n02091244_1045.jpg,ibizan_hound
C:\Users\user\Documents\GitHub\find_breed\dog_breed_dataset\ibizan_hound\n02091244_1238.jpg,ibizan_hound
C:\Users\user\Documents\GitHub\find_breed\dog_breed_dataset\ibizan_hound\n02091244_1265.jpg,ibizan_hound
C:\Users\user\Documents\GitHub\find_breed\dog_breed_dataset\ibizan_hound\n02091244_156.jpg,ibizan_hound
C:\Users\user\Documents\GitHub\find_breed\dog_breed_dataset\ibizan_hound\n02091244_1714.jpg,ibizan_hound
C:\Users\user\Documents\GitHub\find_breed\dog_breed_dataset\ibizan_hound\n02091244_1948.jpg,ibizan_hound
C:\Users\user\Documents\GitHub\find_breed\dog_breed_dataset\ibizan_hound\n02091244_2132.jpg,ibizan_hound
C:\Users\user\Documents\GitHub\find_breed\dog_breed_dataset\ibizan_hound\n02091244_2207.jpg,ibizan_hound
C:\Users\user\Documents\GitHub\find_breed\dog_breed_dataset\ibizan_hound\n02091244_2407.jpg,ibizan_hound
C:\Users\user\Documents\GitHub\find_breed\dog_breed_dataset\ibizan_hound\n02091244_2464.jpg,ibizan_hound
C:\Users\user\Documents\GitHub\find_breed\dog_breed_dataset\ibizan_hound\n02091244_2512.jpg,ibizan_hound
C:\Users\user\Documents\GitHub\find_breed\dog_breed_dataset\ibizan_hound\n02091244_2542.jpg,ibizan_hound
C:\Users\user\Documents\GitHub\find_breed\dog_breed_dataset\ibizan_hound\n02091244_2653.jpg,ibizan_hound
C:\Users\user\Documents\GitHub\find_breed\dog_breed_dataset\ibizan_hound\n02091244_2709.jpg,ibizan_hound
C:\Users\user\Documents\GitHub\find_breed\dog_breed_dataset\ibizan_hound\n02091244_2742.jpg,ibizan_hound
C:\Users\user\Documents\GitHub\find_breed\dog_breed_dataset\ibizan_hound\n02091244_2747.jpg,ibizan_hound
C:\Users\user\Documents\GitHub\find_breed\dog_breed_dataset\ibizan_hound\n02091244_2782.jpg,ibizan_hound
C:\Users\user\Documents\GitHub\find_breed\dog_breed_dataset\ibizan_hound\n02091244_2871.jpg,ibizan_hound
C:\Users\user\Documents\GitHub\find_breed\dog_breed_dataset\ibizan_hound\n02091244_3042.jpg,ibizan_hound
C:\Users\user\Documents\GitHub\find_breed\dog_breed_dataset\ibizan_hound\n02091244_3153.jpg,ibizan_hound
C:\Users\user\Documents\GitHub\find_breed\dog_breed_dataset\ibizan_hound\n02091244_3157.jpg,ibizan_hound
C:\Users\user\Documents\GitHub\find_breed\dog_breed_dataset\ibizan_hound\n02091244_327.jpg,ibizan_hound
C:\Users\user\Documents\GitHub\find_breed\dog_breed_dataset\ibizan_hound\n02091244_3289.jpg,ibizan_hound
C:\Users\user\Documents\GitHub\find_breed\dog_breed_dataset\ibizan_hound\n02091244_3319.jpg,ibizan_hound
C:\Users\user\Documents\GitHub\find_breed\dog_breed_dataset\ibizan_hound\n02091244_3346.jpg,ibizan_hound
C:\Users\user\Documents\GitHub\find_breed\dog_breed_dataset\ibizan_hound\n02091244_3383.jpg,ibizan_hound
C:\Users\user\Documents\GitHub\find_breed\dog_breed_dataset\ibizan_hound\n02091244_3822.jpg,ibizan_hound
C:\Users\user\Documents\GitHub\find_breed\dog_breed_dataset\ibizan_hound\n02091244_3864.jpg,ibizan_hound
C:\Users\user\Documents\GitHub\find_breed\dog_breed_dataset\ibizan_hound\n02091244_387.jpg,ibizan_hound
C:\Users\user\Documents\GitHub\find_breed\dog_breed_dataset\ibizan_hound\n02091244_3911.jpg,ibizan_hound
C:\Users\user\Documents\GitHub\find_breed\dog_breed_dataset\ibizan_hound\n02091244_3921.jpg,ibizan_hound
C:\Users\user\Documents\GitHub\find_breed\dog_breed_dataset\ibizan_hound\n02091244_3939.jpg,ibizan_hound
C:\Users\user\Documents\GitHub\find_breed\dog_breed_dataset\ibizan_hound\n02091244_4015.jpg,ibizan_hound
C:\Users\user\Documents\GitHub\find_breed\dog_breed_dataset\ibizan_hound\n02091244_4031.jpg,ibizan_hound
C:\Users\user\Documents\GitHub\find_breed\dog_breed_dataset\ibizan_hound\n02091244_4033.jpg,ibizan_hound
C:\Users\user\Documents\GitHub\find_breed\dog_breed_dataset\ibizan_hound\n02091244_4177.jpg,ibizan_hound
C:\Users\user\Documents\GitHub\find_breed\dog_breed_dataset\ibizan_hound\n02091244_4242.jpg,ibizan_hound
C:\Users\user\Documents\GitHub\find_breed\dog_breed_dataset\ibizan_hound\n02091244_430.jpg,ibizan_hound
C:\Users\user\Documents\GitHub\find_breed\dog_breed_dataset\ibizan_hound\n02091244_4394.jpg,ibizan_hound
C:\Users\user\Documents\GitHub\find_breed\dog_breed_dataset\ibizan_hound\n02091244_440.jpg,ibizan_hound
C:\Users\user\Documents\GitHub\find_breed\dog_breed_dataset\ibizan_hound\n02091244_448.jpg,ibizan_hound
C:\Users\user\Documents\GitHub\find_breed\dog_breed_dataset\ibizan_hound\n02091244_4644.jpg,ibizan_hound
C:\Users\user\Documents\GitHub\find_breed\dog_breed_dataset\ibizan_hound\n02091244_4778.jpg,ibizan_hound
C:\Users\user\Documents\GitHub\find_breed\dog_breed_dataset\ibizan_hound\n02091244_486.jpg,ibizan_hound
C:\Users\user\Documents\GitHub\find_breed\dog_breed_dataset\ibizan_hound\n02091244_4885.jpg,ibizan_hound
C:\Users\user\Documents\GitHub\find_breed\dog_breed_dataset\ibizan_hound\n02091244_497.jpg,ibizan_hound
C:\Users\user\Documents\GitHub\find_breed\dog_breed_dataset\ibizan_hound\n02091244_5038.jpg,ibizan_hound
C:\Users\user\Documents\GitHub\find_breed\dog_breed_dataset\ibizan_hound\n02091244_530.jpg,ibizan_hound
C:\Users\user\Documents\GitHub\find_breed\dog_breed_dataset\ibizan_hound\n02091244_5517.jpg,ibizan_hound
C:\Users\user\Documents\GitHub\find_breed\dog_breed_dataset\ibizan_hound\n02091244_5718.jpg,ibizan_hound
C:\Users\user\Documents\GitHub\find_breed\dog_breed_dataset\ibizan_hound\n02091244_5769.jpg,ibizan_hound
C:\Users\user\Documents\GitHub\find_breed\dog_breed_dataset\ibizan_hound\n02091244_5774.jpg,ibizan_hound
C:\Users\user\Documents\GitHub\find_breed\dog_breed_dataset\ibizan_hound\n02091244_5818.jpg,ibizan_hound
C:\Users\user\Documents\GitHub\find_breed\dog_breed_dataset\ibizan_hound\n02091244_583.jpg,ibizan_hound
C:\Users\user\Documents\GitHub\find_breed\dog_breed_dataset\ibizan_hound\n02091244_589.jpg,ibizan_hound
C:\Users\user\Documents\GitHub\find_breed\dog_breed_dataset\ibizan_hound\n02091244_5989.jpg,ibizan_hound
C:\Users\user\Documents\GitHub\find_breed\dog_breed_dataset\ibizan_hound\n02091244_645.jpg,ibizan_hound
C:\Users\user\Documents\GitHub\find_breed\dog_breed_dataset\ibizan_hound\n02091244_716.jpg,ibizan_hound
C:\Users\user\Documents\GitHub\find_breed\dog_breed_dataset\ibizan_hound\n02091244_756.jpg,ibizan_hound
C:\Users\user\Documents\GitHub\find_breed\dog_breed_dataset\ibizan_hound\n02091244_873.jpg,ibizan_hound
C:\Users\user\Documents\GitHub\find_breed\dog_breed_dataset\ibizan_hound\n02091244_879.jpg,ibizan_hound
C:\Users\user\Documents\GitHub\find_breed\dog_breed_dataset\irish_setter\n02100877_1061.jpg,irish_setter
C:\Users\user\Documents\GitHub\find_breed\dog_breed_dataset\irish_setter\n02100877_1787.jpg,irish_setter
C:\Users\user\Documents\GitHub\find_breed\dog_breed_dataset\irish_setter\n02100877_185.jpg,irish_setter
C:\Users\user\Documents\GitHub\find_breed\dog_breed_dataset\irish_setter\n02100877_1913.jpg,irish_setter
C:\Users\user\Documents\GitHub\find_breed\dog_breed_dataset\irish_setter\n02100877_2283.jpg,irish_setter
C:\Users\user\Documents\GitHub\find_breed\dog_breed_dataset\irish_setter\n02100877_2588.jpg,irish_setter
C:\Users\user\Documents\GitHub\find_breed\dog_breed_dataset\irish_setter\n02100877_356.jpg,irish_setter
C:\Users\user\Documents\GitHub\find_breed\dog_breed_dataset\irish_setter\n02100877_4099.jpg,irish_setter
C:\Users\user\Documents\GitHub\find_breed\dog_breed_dataset\irish_setter\n02100877_4332.jpg,irish_setter
C:\Users\user\Documents\GitHub\find_breed\dog_breed_dataset\irish_setter\n02100877_4898.jpg,irish_setter
C:\Users\user\Documents\GitHub\find_breed\dog_breed_dataset\irish_setter\n02100877_5033.jpg,irish_setter
C:\Users\user\Documents\GitHub\find_breed\dog_breed_dataset\irish_setter\n02100877_5861.jpg,irish_setter
C:\Users\user\Documents\GitHub\find_breed\dog_breed_dataset\irish_setter\n02100877_5883.jpg,irish_setter
C:\Users\user\Documents\GitHub\find_breed\dog_breed_dataset\irish_setter\n02100877_6160.jpg,irish_setter
C:\Users\user\Documents\GitHub\find_breed\dog_breed_dataset\irish_setter\n02100877_7560.jpg,irish_setter
C:\Users\user\Documents\GitHub\find_breed\dog_breed_dataset\irish_terrier\n02093991_1038.jpg,irish_terrier
C:\Users\user\Documents\GitHub\find_breed\dog_breed_dataset\irish_terrier\n02093991_1282.jpg,irish_terrier
C:\Users\user\Documents\GitHub\find_breed\dog_breed_dataset\irish_terrier\n02093991_130.jpg,irish_terrier
C:\Users\user\Documents\GitHub\find_breed\dog_breed_dataset\irish_terrier\n02093991_1529.jpg,irish_terrier
C:\Users\user\Documents\GitHub\find_breed\dog_breed_dataset\irish_terrier\n02093991_168.jpg,irish_terrier
C:\Users\user\Documents\GitHub\find_breed\dog_breed_dataset\irish_terrier\n02093991_2005.jpg,irish_terrier
C:\Users\user\Documents\GitHub\find_breed\dog_breed_dataset\irish_terrier\n02093991_2716.jpg,irish_terrier
C:\Users\user\Documents\GitHub\find_breed\dog_breed_dataset\irish_terrier\n02093991_2725.jpg,irish_terrier
C:\Users\user\Documents\GitHub\find_breed\dog_breed_dataset\irish_terrier\n02093991_287.jpg,irish_terrier
C:\Users\user\Documents\GitHub\find_breed\dog_breed_dataset\irish_terrier\n02093991_2989.jpg,irish_terrier
C:\Users\user\Documents\GitHub\find_breed\dog_breed_dataset\irish_terrier\n02093991_2995.jpg,irish_terrier
C:\Users\user\Documents\GitHub\find_breed\dog_breed_dataset\irish_terrier\n02093991_3673.jpg,irish_terrier
C:\Users\user\Documents\GitHub\find_breed\dog_breed_dataset\irish_terrier\n02093991_3783.jpg,irish_terrier
C:\Users\user\Documents\GitHub\find_breed\dog_breed_dataset\irish_terrier\n02093991_403.jpg,irish_terrier
C:\Users\user\Documents\GitHub\find_breed\dog_breed_dataset\irish_terrier\n02093991_4052.jpg,irish_terrier
C:\Users\user\Documents\GitHub\find_breed\dog_breed_dataset\irish_terrier\n02093991_4171.jpg,irish_terrier
C:\Users\user\Documents\GitHub\find_breed\dog_breed_dataset\irish_terrier\n02093991_4441.jpg,irish_terrier
C:\Users\user\Documents\GitHub\find_breed\dog_breed_dataset\irish_terrier\n02093991_4449.jpg,irish_terrier
C:\Users\user\Documents\GitHub\find_breed\dog_breed_dataset\irish_terrier\n02093991_4490.jpg,irish_terrier
C:\Users\user\Documents\GitHub\find_breed\dog_breed_dataset\irish_terrier\n02093991_4678.jpg,irish_terrier
C:\Users\user\Documents\GitHub\find_breed\dog_breed_dataset\irish_terrier\n02093991_4791.jpg,irish_terrier
C:\Users\user\Documents\GitHub\find_breed\dog_breed_dataset\irish_terrier\n02093991_86.jpg,irish_terrier
C:\Users\user\Documents\GitHub\find_breed\dog_breed_dataset\irish_terrier\n02093991_877.jpg,irish_terrier
C:\Users\user\Documents\GitHub\find_breed\dog_breed_dataset\irish_terrier\n02093991_942.jpg,irish_terrier
C:\Users\user\Documents\GitHub\find_breed\dog_breed_dataset\irish_water_spaniel\n02102973_1037.jpg,irish_water_spaniel
C:\Users\user\Documents\GitHub\find_breed\dog_breed_dataset\irish_water_spaniel\n02102973_1142.jpg,irish_water_spaniel
C:\Users\user\Documents\GitHub\find_breed\dog_breed_dataset\irish_water_spaniel\n02102973_1200.jpg,irish_water_spaniel
C:\Users\user\Documents\GitHub\find_breed\dog_breed_dataset\irish_water_spaniel\n02102973_1254.jpg,irish_water_spaniel
C:\Users\user\Documents\GitHub\find_breed\dog_breed_dataset\irish_water_spaniel\n02102973_1318.jpg,irish_water_spaniel
C:\Users\user\Documents\GitHub\find_breed\dog_breed_dataset\irish_water_spaniel\n02102973_1377.jpg,irish_water_spaniel
C:\Users\user\Documents\GitHub\find_breed\dog_breed_dataset\irish_water_spaniel\n02102973_1409.jpg,irish_water_spaniel
C:\Users\user\Documents\GitHub\find_breed\dog_breed_dataset\irish_water_spaniel\n02102973_158.jpg,irish_water_spaniel
C:\Users\user\Documents\GitHub\find_breed\dog_breed_dataset\irish_water_spaniel\n02102973_1643.jpg,irish_water_spaniel
C:\Users\user\Documents\GitHub\find_breed\dog_breed_dataset\irish_water_spaniel\n02102973_1723.jpg,irish_water_spaniel
C:\Users\user\Documents\GitHub\find_breed\dog_breed_dataset\irish_water_spaniel\n02102973_1822.jpg,irish_water_spaniel
C:\Users\user\Documents\GitHub\find_breed\dog_breed_dataset\irish_water_spaniel\n02102973_1868.jpg,irish_water_spaniel
C:\Users\user\Documents\GitHub\find_breed\dog_breed_dataset\irish_water_spaniel\n02102973_1905.jpg,irish_water_spaniel
C:\Users\user\Documents\GitHub\find_breed\dog_breed_dataset\irish_water_spaniel\n02102973_2220.jpg,irish_water_spaniel
C:\Users\user\Documents\GitHub\find_breed\dog_breed_dataset\irish_water_spaniel\n02102973_2224.jpg,irish_water_spaniel
C:\Users\user\Documents\GitHub\find_breed\dog_breed_dataset\irish_water_spaniel\n02102973_2269.jpg,irish_water_spaniel
C:\Users\user\Documents\GitHub\find_breed\dog_breed_dataset\irish_water_spaniel\n02102973_2280.jpg,irish_water_spaniel
C:\Users\user\Documents\GitHub\find_breed\dog_breed_dataset\irish_water_spaniel\n02102973_2286.jpg,irish_water_spaniel
C:\Users\user\Documents\GitHub\find_breed\dog_breed_dataset\irish_water_spaniel\n02102973_2295.jpg,irish_water_spaniel
C:\Users\user\Documents\GitHub\find_breed\dog_breed_dataset\irish_water_spaniel\n02102973_23.jpg,irish_water_spaniel
C:\Users\user\Documents\GitHub\find_breed\dog_breed_dataset\irish_water_spaniel\n02102973_2442.jpg,irish_water_spaniel
C:\Users\user\Documents\GitHub\find_breed\dog_breed_dataset\irish_water_spaniel\n02102973_2449.jpg,irish_water_spaniel
C:\Users\user\Documents\GitHub\find_breed\dog_breed_dataset\irish_water_spaniel\n02102973_2451.jpg,irish_water_spaniel
C:\Users\user\Documents\GitHub\find_breed\dog_breed_dataset\irish_water_spaniel\n02102973_2453.jpg,irish_water_spaniel
C:\Users\user\Documents\GitHub\find_breed\dog_breed_dataset\irish_water_spaniel\n02102973_2569.jpg,irish_water_spaniel
C:\Users\user\Documents\GitHub\find_breed\dog_breed_dataset\irish_water_spaniel\n02102973_2579.jpg,irish_water_spaniel
C:\Users\user\Documents\GitHub\find_breed\dog_breed_dataset\irish_water_spaniel\n02102973_2642.jpg,irish_water_spaniel
C:\Users\user\Documents\GitHub\find_breed\dog_breed_dataset\irish_water_spaniel\n02102973_2645.jpg,irish_water_spaniel
C:\Users\user\Documents\GitHub\find_breed\dog_breed_dataset\irish_water_spaniel\n02102973_27.jpg,irish_water_spaniel
C:\Users\user\Documents\GitHub\find_breed\dog_breed_dataset\irish_water_spaniel\n02102973_2745.jpg,irish_water_spaniel
C:\Users\user\Documents\GitHub\find_breed\dog_breed_dataset\irish_water_spaniel\n02102973_2763.jpg,irish_water_spaniel
C:\Users\user\Documents\GitHub\find_breed\dog_breed_dataset\irish_water_spaniel\n02102973_2813.jpg,irish_water_spaniel
C:\Users\user\Documents\GitHub\find_breed\dog_breed_dataset\irish_water_spaniel\n02102973_2850.jpg,irish_water_spaniel
C:\Users\user\Documents\GitHub\find_breed\dog_breed_dataset\irish_water_spaniel\n02102973_2902.jpg,irish_water_spaniel
C:\Users\user\Documents\GitHub\find_breed\dog_breed_dataset\irish_water_spaniel\n02102973_2904.jpg,irish_water_spaniel
C:\Users\user\Documents\GitHub\find_breed\dog_breed_dataset\irish_water_spaniel\n02102973_3073.jpg,irish_water_spaniel
C:\Users\user\Documents\GitHub\find_breed\dog_breed_dataset\irish_water_spaniel\n02102973_3149.jpg,irish_water_spaniel
C:\Users\user\Documents\GitHub\find_breed\dog_breed_dataset\irish_water_spaniel\n02102973_3220.jpg,irish_water_spaniel
C:\Users\user\Documents\GitHub\find_breed\dog_breed_dataset\irish_water_spaniel\n02102973_3287.jpg,irish_water_spaniel
C:\Users\user\Documents\GitHub\find_breed\dog_breed_dataset\irish_water_spaniel\n02102973_3405.jpg,irish_water_spaniel
C:\Users\user\Documents\GitHub\find_breed\dog_breed_dataset\irish_water_spaniel\n02102973_3564.jpg,irish_water_spaniel
C:\Users\user\Documents\GitHub\find_breed\dog_breed_dataset\irish_water_spaniel\n02102973_3623.jpg,irish_water_spaniel
C:\Users\user\Documents\GitHub\find_breed\dog_breed_dataset\irish_water_spaniel\n02102973_3642.jpg,irish_water_spaniel
C:\Users\user\Documents\GitHub\find_breed\dog_breed_dataset\irish_water_spaniel\n02102973_3646.jpg,irish_water_spaniel
C:\Users\user\Documents\GitHub\find_breed\dog_breed_dataset\irish_water_spaniel\n02102973_377.jpg,irish_water_spaniel
C:\Users\user\Documents\GitHub\find_breed\dog_breed_dataset\irish_water_spaniel\n02102973_3792.jpg,irish_water_spaniel
C:\Users\user\Documents\GitHub\find_breed\dog_breed_dataset\irish_water_spaniel\n02102973_3844.jpg,irish_water_spaniel
C:\Users\user\Documents\GitHub\find_breed\dog_breed_dataset\irish_water_spaniel\n02102973_3933.jpg,irish_water_spaniel
C:\Users\user\Documents\GitHub\find_breed\dog_breed_dataset\irish_water_spaniel\n02102973_3978.jpg,irish_water_spaniel
C:\Users\user\Documents\GitHub\find_breed\dog_breed_dataset\irish_water_spaniel\n02102973_3999.jpg,irish_water_spaniel
C:\Users\user\Documents\GitHub\find_breed\dog_breed_dataset\irish_water_spaniel\n02102973_4169.jpg,irish_water_spaniel
C:\Users\user\Documents\GitHub\find_breed\dog_breed_dataset\irish_water_spaniel\n02102973_4253.jpg,irish_water_spaniel
C:\Users\user\Documents\GitHub\find_breed\dog_breed_dataset\irish_water_spaniel\n02102973_4459.jpg,irish_water_spaniel
C:\Users\user\Documents\GitHub\find_breed\dog_breed_dataset\irish_water_spaniel\n02102973_4464.jpg,irish_water_spaniel
C:\Users\user\Documents\GitHub\find_breed\dog_breed_dataset\irish_water_spaniel\n02102973_4469.jpg,irish_water_spaniel
C:\Users\user\Documents\GitHub\find_breed\dog_breed_dataset\irish_water_spaniel\n02102973_4490.jpg,irish_water_spaniel
C:\Users\user\Documents\GitHub\find_breed\dog_breed_dataset\irish_water_spaniel\n02102973_450.jpg,irish_water_spaniel
C:\Users\user\Documents\GitHub\find_breed\dog_breed_dataset\irish_water_spaniel\n02102973_4502.jpg,irish_water_spaniel
C:\Users\user\Documents\GitHub\find_breed\dog_breed_dataset\irish_water_spaniel\n02102973_4511.jpg,irish_water_spaniel
C:\Users\user\Documents\GitHub\find_breed\dog_breed_dataset\irish_water_spaniel\n02102973_4513.jpg,irish_water_spaniel
C:\Users\user\Documents\GitHub\find_breed\dog_breed_dataset\irish_water_spaniel\n02102973_457.jpg,irish_water_spaniel
C:\Users\user\Documents\GitHub\find_breed\dog_breed_dataset\irish_water_spaniel\n02102973_4764.jpg,irish_water_spaniel
C:\Users\user\Documents\GitHub\find_breed\dog_breed_dataset\irish_water_spaniel\n02102973_4794.jpg,irish_water_spaniel
C:\Users\user\Documents\GitHub\find_breed\dog_breed_dataset\irish_water_spaniel\n02102973_480.jpg,irish_water_spaniel
C:\Users\user\Documents\GitHub\find_breed\dog_breed_dataset\irish_water_spaniel\n02102973_4821.jpg,irish_water_spaniel
C:\Users\user\Documents\GitHub\find_breed\dog_breed_dataset\irish_water_spaniel\n02102973_487.jpg,irish_water_spaniel
C:\Users\user\Documents\GitHub\find_breed\dog_breed_dataset\irish_water_spaniel\n02102973_4913.jpg,irish_water_spaniel
C:\Users\user\Documents\GitHub\find_breed\dog_breed_dataset\irish_water_spaniel\n02102973_4929.jpg,irish_water_spaniel
C:\Users\user\Documents\GitHub\find_breed\dog_breed_dataset\irish_water_spaniel\n02102973_4947.jpg,irish_water_spaniel
C:\Users\user\Documents\GitHub\find_breed\dog_breed_dataset\irish_water_spaniel\n02102973_541.jpg,irish_water_spaniel
C:\Users\user\Documents\GitHub\find_breed\dog_breed_dataset\irish_water_spaniel\n02102973_603.jpg,irish_water_spaniel
C:\Users\user\Documents\GitHub\find_breed\dog_breed_dataset\irish_water_spaniel\n02102973_623.jpg,irish_water_spaniel
C:\Users\user\Documents\GitHub\find_breed\dog_breed_dataset\irish_water_spaniel\n02102973_634.jpg,irish_water_spaniel
C:\Users\user\Documents\GitHub\find_breed\dog_breed_dataset\irish_water_spaniel\n02102973_645.jpg,irish_water_spaniel
C:\Users\user\Documents\GitHub\find_breed\dog_breed_dataset\irish_water_spaniel\n02102973_652.jpg,irish_water_spaniel
C:\Users\user\Documents\GitHub\find_breed\dog_breed_dataset\irish_water_spaniel\n02102973_720.jpg,irish_water_spaniel
C:\Users\user\Documents\GitHub\find_breed\dog_breed_dataset\irish_water_spaniel\n02102973_721.jpg,irish_water_spaniel
C:\Users\user\Documents\GitHub\find_breed\dog_breed_dataset\irish_water_spaniel\n02102973_746.jpg,irish_water_spaniel
C:\Users\user\Documents\GitHub\find_breed\dog_breed_dataset\irish_water_spaniel\n02102973_775.jpg,irish_water_spaniel
C:\Users\user\Documents\GitHub\find_breed\dog_breed_dataset\irish_water_spaniel\n02102973_782.jpg,irish_water_spaniel
C:\Users\user\Documents\GitHub\find_breed\dog_breed_dataset\irish_water_spaniel\n02102973_879.jpg,irish_water_spaniel
C:\Users\user\Documents\GitHub\find_breed\dog_breed_dataset\irish_water_spaniel\n02102973_944.jpg,irish_water_spaniel
C:\Users\user\Documents\GitHub\find_breed\dog_breed_dataset\irish_wolfhound\n02090721_1696.jpg,irish_wolfhound
C:\Users\user\Documents\GitHub\find_breed\dog_breed_dataset\irish_wolfhound\n02090721_1706.jpg,irish_wolfhound
C:\Users\user\Documents\GitHub\find_breed\dog_breed_dataset\irish_wolfhound\n02090721_195.jpg,irish_wolfhound
C:\Users\user\Documents\GitHub\find_breed\dog_breed_dataset\irish_wolfhound\n02090721_1979.jpg,irish_wolfhound
C:\Users\user\Documents\GitHub\find_breed\dog_breed_dataset\irish_wolfhound\n02090721_1981.jpg,irish_wolfhound
C:\Users\user\Documents\GitHub\find_breed\dog_breed_dataset\irish_wolfhound\n02090721_2083.jpg,irish_wolfhound
C:\Users\user\Documents\GitHub\find_breed\dog_breed_dataset\irish_wolfhound\n02090721_2116.jpg,irish_wolfhound
C:\Users\user\Documents\GitHub\find_breed\dog_breed_dataset\irish_wolfhound\n02090721_2442.jpg,irish_wolfhound
C:\Users\user\Documents\GitHub\find_breed\dog_breed_dataset\irish_wolfhound\n02090721_2474.jpg,irish_wolfhound
C:\Users\user\Documents\GitHub\find_breed\dog_breed_dataset\irish_wolfhound\n02090721_2540.jpg,irish_wolfhound
C:\Users\user\Documents\GitHub\find_breed\dog_breed_dataset\irish_wolfhound\n02090721_2552.jpg,irish_wolfhound
C:\Users\user\Documents\GitHub\find_breed\dog_breed_dataset\irish_wolfhound\n02090721_272.jpg,irish_wolfhound
C:\Users\user\Documents\GitHub\find_breed\dog_breed_dataset\irish_wolfhound\n02090721_2964.jpg,irish_wolfhound
C:\Users\user\Documents\GitHub\find_breed\dog_breed_dataset\irish_wolfhound\n02090721_3034.jpg,irish_wolfhound
C:\Users\user\Documents\GitHub\find_breed\dog_breed_dataset\irish_wolfhound\n02090721_3109.jpg,irish_wolfhound
C:\Users\user\Documents\GitHub\find_breed\dog_breed_dataset\irish_wolfhound\n02090721_3136.jpg,irish_wolfhound
C:\Users\user\Documents\GitHub\find_breed\dog_breed_dataset\irish_wolfhound\n02090721_3470.jpg,irish_wolfhound
C:\Users\user\Documents\GitHub\find_breed\dog_breed_dataset\irish_wolfhound\n02090721_3761.jpg,irish_wolfhound
C:\Users\user\Documents\GitHub\find_breed\dog_breed_dataset\irish_wolfhound\n02090721_3763.jpg,irish_wolfhound
C:\Users\user\Documents\GitHub\find_breed\dog_breed_dataset\irish_wolfhound\n02090721_4032.jpg,irish_wolfhound
C:\Users\user\Documents\GitHub\find_breed\dog_breed_dataset\irish_wolfhound\n02090721_4073.jpg,irish_wolfhound
C:\Users\user\Documents\GitHub\find_breed\dog_breed_dataset\irish_wolfhound\n02090721_4095.jpg,irish_wolfhound
C:\Users\user\Documents\GitHub\find_breed\dog_breed_dataset\irish_wolfhound\n02090721_4203.jpg,irish_wolfhound
C:\Users\user\Documents\GitHub\find_breed\dog_breed_dataset\irish_wolfhound\n02090721_4290.jpg,irish_wolfhound
C:\Users\user\Documents\GitHub\find_breed\dog_breed_dataset\irish_wolfhound\n02090721_4433.jpg,irish_wolfhound
C:\Users\user\Documents\GitHub\find_breed\dog_breed_dataset\irish_wolfhound\n02090721_465.jpg,irish_wolfhound
C:\Users\user\Documents\GitHub\find_breed\dog_breed_dataset\irish_wolfhound\n02090721_521.jpg,irish_wolfhound
C:\Users\user\Documents\GitHub\find_breed\dog_breed_dataset\irish_wolfhound\n02090721_5759.jpg,irish_wolfhound
C:\Users\user\Documents\GitHub\find_breed\dog_breed_dataset\irish_wolfhound\n02090721_764.jpg,irish_wolfhound
C:\Users\user\Documents\GitHub\find_breed\dog_breed_dataset\irish_wolfhound\n02090721_847.jpg,irish_wolfhound
C:\Users\user\Documents\GitHub\find_breed\dog_breed_dataset\irish_wolfhound\n02090721_936.jpg,irish_wolfhound
C:\Users\user\Documents\GitHub\find_breed\dog_breed_dataset\irish_wolfhound\n02090721_984.jpg,irish_wolfhound
C:\Users\user\Documents\GitHub\find_breed\dog_breed_dataset\italian_greyhound\n02091032_102.jpg,italian_greyhound
C:\Users\user\Documents\GitHub\find_breed\dog_breed_dataset\italian_greyhound\n02091032_1030.jpg,italian_greyhound
C:\Users\user\Documents\GitHub\find_breed\dog_breed_dataset\italian_greyhound\n02091032_1071.jpg,italian_greyhound
C:\Users\user\Documents\GitHub\find_breed\dog_breed_dataset\italian_greyhound\n02091032_1100.jpg,italian_greyhound
C:\Users\user\Documents\GitHub\find_breed\dog_breed_dataset\italian_greyhound\n02091032_1635.jpg,italian_greyhound
C:\Users\user\Documents\GitHub\find_breed\dog_breed_dataset\italian_greyhound\n02091032_4210.jpg,italian_greyhound
C:\Users\user\Documents\GitHub\find_breed\dog_breed_dataset\italian_greyhound\n02091032_458.jpg,italian_greyhound
C:\Users\user\Documents\GitHub\find_breed\dog_breed_dataset\italian_greyhound\n02091032_5093.jpg,italian_greyhound
C:\Users\user\Documents\GitHub\find_breed\dog_breed_dataset\italian_greyhound\n02091032_6345.jpg,italian_greyhound
C:\Users\user\Documents\GitHub\find_breed\dog_breed_dataset\italian_greyhound\n02091032_7200.jpg,italian_greyhound
C:\Users\user\Documents\GitHub\find_breed\dog_breed_dataset\italian_greyhound\n02091032_75.jpg,italian_greyhound
C:\Users\user\Documents\GitHub\find_breed\dog_breed_dataset\italian_greyhound\n02091032_7831.jpg,italian_greyhound
C:\Users\user\Documents\GitHub\find_breed\dog_breed_dataset\italian_greyhound\n02091032_904.jpg,italian_greyhound
C:\Users\user\Documents\GitHub\find_breed\dog_breed_dataset\jack_russell\jr7.jpg,jack_russell
C:\Users\user\Documents\GitHub\find_breed\dog_breed_dataset\jack_russell\jr70.jpg,jack_russell
C:\Users\user\Documents\GitHub\find_breed\dog_breed_dataset\japanese_spaniel\n02085782_1058.jpg,japanese_spaniel
C:\Users\user\Documents\GitHub\find_breed\dog_breed_dataset\japanese_spaniel\n02085782_1085.jpg,japanese_spaniel
C:\Users\user\Documents\GitHub\find_breed\dog_breed_dataset\japanese_spaniel\n02085782_1224.jpg,japanese_spaniel
C:\Users\user\Documents\GitHub\find_breed\dog_breed_dataset\japanese_spaniel\n02085782_126.jpg,japanese_spaniel
C:\Users\user\Documents\GitHub\find_breed\dog_breed_dataset\japanese_spaniel\n02085782_1267.jpg,japanese_spaniel
C:\Users\user\Documents\GitHub\find_breed\dog_breed_dataset\japanese_spaniel\n02085782_1350.jpg,japanese_spaniel
C:\Users\user\Documents\GitHub\find_breed\dog_breed_dataset\japanese_spaniel\n02085782_1425.jpg,japanese_spaniel
C:\Users\user\Documents\GitHub\find_breed\dog_breed_dataset\japanese_spaniel\n02085782_1552.jpg,japanese_spaniel
C:\Users\user\Documents\GitHub\find_breed\dog_breed_dataset\japanese_spaniel\n02085782_1610.jpg,japanese_spaniel
C:\Users\user\Documents\GitHub\find_breed\dog_breed_dataset\japanese_spaniel\n02085782_1691.jpg,japanese_spaniel
C:\Users\user\Documents\GitHub\find_breed\dog_breed_dataset\japanese_spaniel\n02085782_172.jpg,japanese_spaniel
C:\Users\user\Documents\GitHub\find_breed\dog_breed_dataset\japanese_spaniel\n02085782_1774.jpg,japanese_spaniel
C:\Users\user\Documents\GitHub\find_breed\dog_breed_dataset\japanese_spaniel\n02085782_1778.jpg,japanese_spaniel
C:\Users\user\Documents\GitHub\find_breed\dog_breed_dataset\japanese_spaniel\n02085782_1782.jpg,japanese_spaniel
C:\Users\user\Documents\GitHub\find_breed\dog_breed_dataset\japanese_spaniel\n02085782_1836.jpg,japanese_spaniel
C:\Users\user\Documents\GitHub\find_breed\dog_breed_dataset\japanese_spaniel\n02085782_1890.jpg,japanese_spaniel
C:\Users\user\Documents\GitHub\find_breed\dog_breed_dataset\japanese_spaniel\n02085782_191.jpg,japanese_spaniel
C:\Users\user\Documents\GitHub\find_breed\dog_breed_dataset\japanese_spaniel\n02085782_1964.jpg,japanese_spaniel
C:\Users\user\Documents\GitHub\find_breed\dog_breed_dataset\japanese_spaniel\n02085782_2010.jpg,japanese_spaniel
C:\Users\user\Documents\GitHub\find_breed\dog_breed_dataset\japanese_spaniel\n02085782_2045.jpg,japanese_spaniel
C:\Users\user\Documents\GitHub\find_breed\dog_breed_dataset\japanese_spaniel\n02085782_2118.jpg,japanese_spaniel
C:\Users\user\Documents\GitHub\find_breed\dog_breed_dataset\japanese_spaniel\n02085782_2162.jpg,japanese_spaniel
C:\Users\user\Documents\GitHub\find_breed\dog_breed_dataset\japanese_spaniel\n02085782_2241.jpg,japanese_spaniel
C:\Users\user\Documents\GitHub\find_breed\dog_breed_dataset\japanese_spaniel\n02085782_2269.jpg,japanese_spaniel
C:\Users\user\Documents\GitHub\find_breed\dog_breed_dataset\japanese_spaniel\n02085782_230.jpg,japanese_spaniel
C:\Users\user\Documents\GitHub\find_breed\dog_breed_dataset\japanese_spaniel\n02085782_2491.jpg,japanese_spaniel
C:\Users\user\Documents\GitHub\find_breed\dog_breed_dataset\japanese_spaniel\n02085782_2655.jpg,japanese_spaniel
C:\Users\user\Documents\GitHub\find_breed\dog_breed_dataset\japanese_spaniel\n02085782_2690.jpg,japanese_spaniel
C:\Users\user\Documents\GitHub\find_breed\dog_breed_dataset\japanese_spaniel\n02085782_2796.jpg,japanese_spaniel
C:\Users\user\Documents\GitHub\find_breed\dog_breed_dataset\japanese_spaniel\n02085782_2922.jpg,japanese_spaniel
C:\Users\user\Documents\GitHub\find_breed\dog_breed_dataset\japanese_spaniel\n02085782_2978.jpg,japanese_spaniel
C:\Users\user\Documents\GitHub\find_breed\dog_breed_dataset\japanese_spaniel\n02085782_3019.jpg,japanese_spaniel
C:\Users\user\Documents\GitHub\find_breed\dog_breed_dataset\japanese_spaniel\n02085782_3031.jpg,japanese_spaniel
C:\Users\user\Documents\GitHub\find_breed\dog_breed_dataset\japanese_spaniel\n02085782_3065.jpg,japanese_spaniel
C:\Users\user\Documents\GitHub\find_breed\dog_breed_dataset\japanese_spaniel\n02085782_3071.jpg,japanese_spaniel
C:\Users\user\Documents\GitHub\find_breed\dog_breed_dataset\japanese_spaniel\n02085782_309.jpg,japanese_spaniel
C:\Users\user\Documents\GitHub\find_breed\dog_breed_dataset\japanese_spaniel\n02085782_3387.jpg,japanese_spaniel
C:\Users\user\Documents\GitHub\find_breed\dog_breed_dataset\japanese_spaniel\n02085782_3420.jpg,japanese_spaniel
C:\Users\user\Documents\GitHub\find_breed\dog_breed_dataset\japanese_spaniel\n02085782_38.jpg,japanese_spaniel
C:\Users\user\Documents\GitHub\find_breed\dog_breed_dataset\japanese_spaniel\n02085782_3896.jpg,japanese_spaniel
C:\Users\user\Documents\GitHub\find_breed\dog_breed_dataset\japanese_spaniel\n02085782_3899.jpg,japanese_spaniel
C:\Users\user\Documents\GitHub\find_breed\dog_breed_dataset\japanese_spaniel\n02085782_3990.jpg,japanese_spaniel
C:\Users\user\Documents\GitHub\find_breed\dog_breed_dataset\japanese_spaniel\n02085782_4042.jpg,japanese_spaniel
C:\Users\user\Documents\GitHub\find_breed\dog_breed_dataset\japanese_spaniel\n02085782_4208.jpg,japanese_spaniel
C:\Users\user\Documents\GitHub\find_breed\dog_breed_dataset\japanese_spaniel\n02085782_4294.jpg,japanese_spaniel
C:\Users\user\Documents\GitHub\find_breed\dog_breed_dataset\japanese_spaniel\n02085782_435.jpg,japanese_spaniel
C:\Users\user\Documents\GitHub\find_breed\dog_breed_dataset\japanese_spaniel\n02085782_4365.jpg,japanese_spaniel
C:\Users\user\Documents\GitHub\find_breed\dog_breed_dataset\japanese_spaniel\n02085782_440.jpg,japanese_spaniel
C:\Users\user\Documents\GitHub\find_breed\dog_breed_dataset\japanese_spaniel\n02085782_4458.jpg,japanese_spaniel
C:\Users\user\Documents\GitHub\find_breed\dog_breed_dataset\japanese_spaniel\n02085782_4564.jpg,japanese_spaniel
C:\Users\user\Documents\GitHub\find_breed\dog_breed_dataset\japanese_spaniel\n02085782_4780.jpg,japanese_spaniel
C:\Users\user\Documents\GitHub\find_breed\dog_breed_dataset\japanese_spaniel\n02085782_518.jpg,japanese_spaniel
C:\Users\user\Documents\GitHub\find_breed\dog_breed_dataset\japanese_spaniel\n02085782_622.jpg,japanese_spaniel
C:\Users\user\Documents\GitHub\find_breed\dog_breed_dataset\japanese_spaniel\n02085782_626.jpg,japanese_spaniel
C:\Users\user\Documents\GitHub\find_breed\dog_breed_dataset\japanese_spaniel\n02085782_754.jpg,japanese_spaniel
C:\Users\user\Documents\GitHub\find_breed\dog_breed_dataset\japanese_spaniel\n02085782_757.jpg,japanese_spaniel
C:\Users\user\Documents\GitHub\find_breed\dog_breed_dataset\japanese_spaniel\n02085782_806.jpg,japanese_spaniel
C:\Users\user\Documents\GitHub\find_breed\dog_breed_dataset\japanese_spaniel\n02085782_810.jpg,japanese_spaniel
C:\Users\user\Documents\GitHub\find_breed\dog_breed_dataset\japanese_spaniel\n02085782_82.jpg,japanese_spaniel
C:\Users\user\Documents\GitHub\find_breed\dog_breed_dataset\japanese_spaniel\n02085782_845.jpg,japanese_spaniel
C:\Users\user\Documents\GitHub\find_breed\dog_breed_dataset\japanese_spaniel\n02085782_874.jpg,japanese_spaniel
C:\Users\user\Documents\GitHub\find_breed\dog_breed_dataset\japanese_spaniel\n02085782_935.jpg,japanese_spaniel
C:\Users\user\Documents\GitHub\find_breed\dog_breed_dataset\japanese_spaniel\n02085782_962.jpg,japanese_spaniel
C:\Users\user\Documents\GitHub\find_breed\dog_breed_dataset\japanese_spitzes\tsinghua_n132973.jpeg,japanese_spitzes
C:\Users\user\Documents\GitHub\find_breed\dog_breed_dataset\japanese_spitzes\tsinghua_n132975.jpeg,japanese_spitzes
C:\Users\user\Documents\GitHub\find_breed\dog_breed_dataset\japanese_spitzes\tsinghua_n132977.jpeg,japanese_spitzes
C:\Users\user\Documents\GitHub\find_breed\dog_breed_dataset\japanese_spitzes\tsinghua_n132985.jpg,japanese_spitzes
C:\Users\user\Documents\GitHub\find_breed\dog_breed_dataset\japanese_spitzes\tsinghua_n132986.jpg,japanese_spitzes
C:\Users\user\Documents\GitHub\find_breed\dog_breed_dataset\japanese_spitzes\tsinghua_n132991.jpg,japanese_spitzes
C:\Users\user\Documents\GitHub\find_breed\dog_breed_dataset\japanese_spitzes\tsinghua_n133001.jpg,japanese_spitzes
C:\Users\user\Documents\GitHub\find_breed\dog_breed_dataset\japanese_spitzes\tsinghua_n133002.jpg,japanese_spitzes
C:\Users\user\Documents\GitHub\find_breed\dog_breed_dataset\japanese_spitzes\tsinghua_n133004.jpg,japanese_spitzes
C:\Users\user\Documents\GitHub\find_breed\dog_breed_dataset\japanese_spitzes\tsinghua_n133005.jpg,japanese_spitzes
C:\Users\user\Documents\GitHub\find_breed\dog_breed_dataset\japanese_spitzes\tsinghua_n133007.jpg,japanese_spitzes
C:\Users\user\Documents\GitHub\find_breed\dog_breed_dataset\japanese_spitzes\tsinghua_n133012.jpg,japanese_spitzes
C:\Users\user\Documents\GitHub\find_breed\dog_breed_dataset\japanese_spitzes\tsinghua_n133013.jpg,japanese_spitzes
C:\Users\user\Documents\GitHub\find_breed\dog_breed_dataset\japanese_spitzes\tsinghua_n133020.jpg,japanese_spitzes
C:\Users\user\Documents\GitHub\find_breed\dog_breed_dataset\japanese_spitzes\tsinghua_n133021.jpg,japanese_spitzes
C:\Users\user\Documents\GitHub\find_breed\dog_breed_dataset\japanese_spitzes\tsinghua_n133025.jpeg,japanese_spitzes
C:\Users\user\Documents\GitHub\find_breed\dog_breed_dataset\japanese_spitzes\tsinghua_n133046.jpg,japanese_spitzes
C:\Users\user\Documents\GitHub\find_breed\dog_breed_dataset\japanese_spitzes\tsinghua_n133054.jpeg,japanese_spitzes
C:\Users\user\Documents\GitHub\find_breed\dog_breed_dataset\japanese_spitzes\tsinghua_n133063.jpeg,japanese_spitzes
C:\Users\user\Documents\GitHub\find_breed\dog_breed_dataset\japanese_spitzes\tsinghua_n133088.jpeg,japanese_spitzes
C:\Users\user\Documents\GitHub\find_breed\dog_breed_dataset\japanese_spitzes\tsinghua_n133089.jpeg,japanese_spitzes
C:\Users\user\Documents\GitHub\find_breed\dog_breed_dataset\japanese_spitzes\tsinghua_n133090.jpeg,japanese_spitzes
C:\Users\user\Documents\GitHub\find_breed\dog_breed_dataset\japanese_spitzes\tsinghua_n133096.jpeg,japanese_spitzes
C:\Users\user\Documents\GitHub\find_breed\dog_breed_dataset\japanese_spitzes\tsinghua_n133097.jpeg,japanese_spitzes
C:\Users\user\Documents\GitHub\find_breed\dog_breed_dataset\japanese_spitzes\tsinghua_n133105.jpg,japanese_spitzes
C:\Users\user\Documents\GitHub\find_breed\dog_breed_dataset\japanese_spitzes\tsinghua_n133111.jpg,japanese_spitzes
C:\Users\user\Documents\GitHub\find_breed\dog_breed_dataset\japanese_spitzes\tsinghua_n133118.jpeg,japanese_spitzes
C:\Users\user\Documents\GitHub\find_breed\dog_breed_dataset\japanese_spitzes\tsinghua_n133119.jpeg,japanese_spitzes
C:\Users\user\Documents\GitHub\find_breed\dog_breed_dataset\japanese_spitzes\tsinghua_n133121.jpg,japanese_spitzes
C:\Users\user\Documents\GitHub\find_breed\dog_breed_dataset\japanese_spitzes\tsinghua_n133145.jpeg,japanese_spitzes
C:\Users\user\Documents\GitHub\find_breed\dog_breed_dataset\japanese_spitzes\tsinghua_n133147.jpeg,japanese_spitzes
C:\Users\user\Documents\GitHub\find_breed\dog_breed_dataset\japanese_spitzes\tsinghua_n133154.jpeg,japanese_spitzes
C:\Users\user\Documents\GitHub\find_breed\dog_breed_dataset\japanese_spitzes\tsinghua_n133156.jpeg,japanese_spitzes
C:\Users\user\Documents\GitHub\find_breed\dog_breed_dataset\japanese_spitzes\tsinghua_n133160.jpeg,japanese_spitzes
C:\Users\user\Documents\GitHub\find_breed\dog_breed_dataset\japanese_spitzes\tsinghua_n133162.jpeg,japanese_spitzes
C:\Users\user\Documents\GitHub\find_breed\dog_breed_dataset\japanese_spitzes\tsinghua_n133166.jpeg,japanese_spitzes
C:\Users\user\Documents\GitHub\find_breed\dog_breed_dataset\japanese_spitzes\tsinghua_n133168.jpeg,japanese_spitzes
C:\Users\user\Documents\GitHub\find_breed\dog_breed_dataset\japanese_spitzes\tsinghua_n133170.jpeg,japanese_spitzes
C:\Users\user\Documents\GitHub\find_breed\dog_breed_dataset\japanese_spitzes\tsinghua_n133171.jpeg,japanese_spitzes
C:\Users\user\Documents\GitHub\find_breed\dog_breed_dataset\keeshond\n02112350_10085.jpg,keeshond
C:\Users\user\Documents\GitHub\find_breed\dog_breed_dataset\keeshond\n02112350_10128.jpg,keeshond
C:\Users\user\Documents\GitHub\find_breed\dog_breed_dataset\keeshond\n02112350_10254.jpg,keeshond
C:\Users\user\Documents\GitHub\find_breed\dog_breed_dataset\keeshond\n02112350_10322.jpg,keeshond
C:\Users\user\Documents\GitHub\find_breed\dog_breed_dataset\keeshond\n02112350_10338.jpg,keeshond
C:\Users\user\Documents\GitHub\find_breed\dog_breed_dataset\keeshond\n02112350_1199.jpg,keeshond
C:\Users\user\Documents\GitHub\find_breed\dog_breed_dataset\keeshond\n02112350_177.jpg,keeshond
C:\Users\user\Documents\GitHub\find_breed\dog_breed_dataset\keeshond\n02112350_1861.jpg,keeshond
C:\Users\user\Documents\GitHub\find_breed\dog_breed_dataset\keeshond\n02112350_212.jpg,keeshond
C:\Users\user\Documents\GitHub\find_breed\dog_breed_dataset\keeshond\n02112350_223.jpg,keeshond
C:\Users\user\Documents\GitHub\find_breed\dog_breed_dataset\keeshond\n02112350_251.jpg,keeshond
C:\Users\user\Documents\GitHub\find_breed\dog_breed_dataset\keeshond\n02112350_3888.jpg,keeshond
C:\Users\user\Documents\GitHub\find_breed\dog_breed_dataset\keeshond\n02112350_3955.jpg,keeshond
C:\Users\user\Documents\GitHub\find_breed\dog_breed_dataset\keeshond\n02112350_4005.jpg,keeshond
C:\Users\user\Documents\GitHub\find_breed\dog_breed_dataset\keeshond\n02112350_4122.jpg,keeshond
C:\Users\user\Documents\GitHub\find_breed\dog_breed_dataset\keeshond\n02112350_4282.jpg,keeshond
C:\Users\user\Documents\GitHub\find_breed\dog_breed_dataset\keeshond\n02112350_464.jpg,keeshond
C:\Users\user\Documents\GitHub\find_breed\dog_breed_dataset\keeshond\n02112350_4801.jpg,keeshond
C:\Users\user\Documents\GitHub\find_breed\dog_breed_dataset\keeshond\n02112350_6007.jpg,keeshond
C:\Users\user\Documents\GitHub\find_breed\dog_breed_dataset\keeshond\n02112350_6601.jpg,keeshond
C:\Users\user\Documents\GitHub\find_breed\dog_breed_dataset\keeshond\n02112350_6659.jpg,keeshond
C:\Users\user\Documents\GitHub\find_breed\dog_breed_dataset\keeshond\n02112350_6693.jpg,keeshond
C:\Users\user\Documents\GitHub\find_breed\dog_breed_dataset\keeshond\n02112350_6855.jpg,keeshond
C:\Users\user\Documents\GitHub\find_breed\dog_breed_dataset\keeshond\n02112350_6906.jpg,keeshond
C:\Users\user\Documents\GitHub\find_breed\dog_breed_dataset\keeshond\n02112350_6928.jpg,keeshond
C:\Users\user\Documents\GitHub\find_breed\dog_breed_dataset\keeshond\n02112350_6952.jpg,keeshond
C:\Users\user\Documents\GitHub\find_breed\dog_breed_dataset\keeshond\n02112350_7038.jpg,keeshond
C:\Users\user\Documents\GitHub\find_breed\dog_breed_dataset\keeshond\n02112350_7087.jpg,keeshond
C:\Users\user\Documents\GitHub\find_breed\dog_breed_dataset\keeshond\n02112350_7112.jpg,keeshond
C:\Users\user\Documents\GitHub\find_breed\dog_breed_dataset\keeshond\n02112350_7312.jpg,keeshond
C:\Users\user\Documents\GitHub\find_breed\dog_breed_dataset\keeshond\n02112350_7317.jpg,keeshond
C:\Users\user\Documents\GitHub\find_breed\dog_breed_dataset\keeshond\n02112350_7699.jpg,keeshond
C:\Users\user\Documents\GitHub\find_breed\dog_breed_dataset\keeshond\n02112350_7708.jpg,keeshond
C:\Users\user\Documents\GitHub\find_breed\dog_breed_dataset\keeshond\n02112350_7837.jpg,keeshond
C:\Users\user\Documents\GitHub\find_breed\dog_breed_dataset\keeshond\n02112350_7952.jpg,keeshond
C:\Users\user\Documents\GitHub\find_breed\dog_breed_dataset\keeshond\n02112350_8045.jpg,keeshond
C:\Users\user\Documents\GitHub\find_breed\dog_breed_dataset\keeshond\n02112350_8184.jpg,keeshond
C:\Users\user\Documents\GitHub\find_breed\dog_breed_dataset\keeshond\n02112350_8390.jpg,keeshond
C:\Users\user\Documents\GitHub\find_breed\dog_breed_dataset\keeshond\n02112350_8434.jpg,keeshond
C:\Users\user\Documents\GitHub\find_breed\dog_breed_dataset\keeshond\n02112350_8593.jpg,keeshond
C:\Users\user\Documents\GitHub\find_breed\dog_breed_dataset\keeshond\n02112350_8631.jpg,keeshond
C:\Users\user\Documents\GitHub\find_breed\dog_breed_dataset\keeshond\n02112350_8713.jpg,keeshond
C:\Users\user\Documents\GitHub\find_breed\dog_breed_dataset\keeshond\n02112350_8791.jpg,keeshond
C:\Users\user\Documents\GitHub\find_breed\dog_breed_dataset\keeshond\n02112350_9052.jpg,keeshond
C:\Users\user\Documents\GitHub\find_breed\dog_breed_dataset\keeshond\n02112350_9195.jpg,keeshond
C:\Users\user\Documents\GitHub\find_breed\dog_breed_dataset\keeshond\n02112350_9227.jpg,keeshond
C:\Users\user\Documents\GitHub\find_breed\dog_breed_dataset\keeshond\n02112350_9461.jpg,keeshond
C:\Users\user\Documents\GitHub\find_breed\dog_breed_dataset\keeshond\n02112350_9518.jpg,keeshond
C:\Users\user\Documents\GitHub\find_breed\dog_breed_dataset\keeshond\n02112350_9580.jpg,keeshond
C:\Users\user\Documents\GitHub\find_breed\dog_breed_dataset\keeshond\n02112350_9680.jpg,keeshond
C:\Users\user\Documents\GitHub\find_breed\dog_breed_dataset\keeshond\n02112350_9717.jpg,keeshond
C:\Users\user\Documents\GitHub\find_breed\dog_breed_dataset\keeshond\n02112350_9791.jpg,keeshond
C:\Users\user\Documents\GitHub\find_breed\dog_breed_dataset\keeshond\n02112350_9987.jpg,keeshond
C:\Users\user\Documents\GitHub\find_breed\dog_breed_dataset\kelpie\n02105412_1031.jpg,kelpie
C:\Users\user\Documents\GitHub\find_breed\dog_breed_dataset\kelpie\n02105412_1159.jpg,kelpie
C:\Users\user\Documents\GitHub\find_breed\dog_breed_dataset\kelpie\n02105412_123.jpg,kelpie
C:\Users\user\Documents\GitHub\find_breed\dog_breed_dataset\kelpie\n02105412_150.jpg,kelpie
C:\Users\user\Documents\GitHub\find_breed\dog_breed_dataset\kelpie\n02105412_2638.jpg,kelpie
C:\Users\user\Documents\GitHub\find_breed\dog_breed_dataset\kelpie\n02105412_3075.jpg,kelpie
C:\Users\user\Documents\GitHub\find_breed\dog_breed_dataset\kelpie\n02105412_3078.jpg,kelpie
C:\Users\user\Documents\GitHub\find_breed\dog_breed_dataset\kelpie\n02105412_327.jpg,kelpie
C:\Users\user\Documents\GitHub\find_breed\dog_breed_dataset\kelpie\n02105412_3329.jpg,kelpie
C:\Users\user\Documents\GitHub\find_breed\dog_breed_dataset\kelpie\n02105412_3335.jpg,kelpie
C:\Users\user\Documents\GitHub\find_breed\dog_breed_dataset\kelpie\n02105412_3645.jpg,kelpie
C:\Users\user\Documents\GitHub\find_breed\dog_breed_dataset\kelpie\n02105412_43.jpg,kelpie
C:\Users\user\Documents\GitHub\find_breed\dog_breed_dataset\kelpie\n02105412_4669.jpg,kelpie
C:\Users\user\Documents\GitHub\find_breed\dog_breed_dataset\kelpie\n02105412_4674.jpg,kelpie
C:\Users\user\Documents\GitHub\find_breed\dog_breed_dataset\kelpie\n02105412_4932.jpg,kelpie
C:\Users\user\Documents\GitHub\find_breed\dog_breed_dataset\kelpie\n02105412_5135.jpg,kelpie
C:\Users\user\Documents\GitHub\find_breed\dog_breed_dataset\kelpie\n02105412_5282.jpg,kelpie
C:\Users\user\Documents\GitHub\find_breed\dog_breed_dataset\kelpie\n02105412_530.jpg,kelpie
C:\Users\user\Documents\GitHub\find_breed\dog_breed_dataset\kelpie\n02105412_6009.jpg,kelpie
C:\Users\user\Documents\GitHub\find_breed\dog_breed_dataset\kelpie\n02105412_6385.jpg,kelpie
C:\Users\user\Documents\GitHub\find_breed\dog_breed_dataset\kelpie\n02105412_7211.jpg,kelpie
C:\Users\user\Documents\GitHub\find_breed\dog_breed_dataset\kelpie\n02105412_7504.jpg,kelpie
C:\Users\user\Documents\GitHub\find_breed\dog_breed_dataset\kelpie\n02105412_7513.jpg,kelpie
C:\Users\user\Documents\GitHub\find_breed\dog_breed_dataset\kelpie\n02105412_7785.jpg,kelpie
C:\Users\user\Documents\GitHub\find_breed\dog_breed_dataset\kelpie\n02105412_7843.jpg,kelpie
C:\Users\user\Documents\GitHub\find_breed\dog_breed_dataset\kerry_blue_terrier\n02093859_1120.jpg,kerry_blue_terrier
C:\Users\user\Documents\GitHub\find_breed\dog_breed_dataset\kerry_blue_terrier\n02093859_1139.jpg,kerry_blue_terrier
C:\Users\user\Documents\GitHub\find_breed\dog_breed_dataset\kerry_blue_terrier\n02093859_1166.jpg,kerry_blue_terrier
C:\Users\user\Documents\GitHub\find_breed\dog_breed_dataset\kerry_blue_terrier\n02093859_1169.jpg,kerry_blue_terrier
C:\Users\user\Documents\GitHub\find_breed\dog_breed_dataset\kerry_blue_terrier\n02093859_1209.jpg,kerry_blue_terrier
C:\Users\user\Documents\GitHub\find_breed\dog_breed_dataset\kerry_blue_terrier\n02093859_1279.jpg,kerry_blue_terrier
C:\Users\user\Documents\GitHub\find_breed\dog_breed_dataset\kerry_blue_terrier\n02093859_132.jpg,kerry_blue_terrier
C:\Users\user\Documents\GitHub\find_breed\dog_breed_dataset\kerry_blue_terrier\n02093859_1355.jpg,kerry_blue_terrier
C:\Users\user\Documents\GitHub\find_breed\dog_breed_dataset\kerry_blue_terrier\n02093859_14.jpg,kerry_blue_terrier
C:\Users\user\Documents\GitHub\find_breed\dog_breed_dataset\kerry_blue_terrier\n02093859_1453.jpg,kerry_blue_terrier
C:\Users\user\Documents\GitHub\find_breed\dog_breed_dataset\kerry_blue_terrier\n02093859_1456.jpg,kerry_blue_terrier
C:\Users\user\Documents\GitHub\find_breed\dog_breed_dataset\kerry_blue_terrier\n02093859_1464.jpg,kerry_blue_terrier
C:\Users\user\Documents\GitHub\find_breed\dog_breed_dataset\kerry_blue_terrier\n02093859_1498.jpg,kerry_blue_terrier
C:\Users\user\Documents\GitHub\find_breed\dog_breed_dataset\kerry_blue_terrier\n02093859_1571.jpg,kerry_blue_terrier
C:\Users\user\Documents\GitHub\find_breed\dog_breed_dataset\kerry_blue_terrier\n02093859_1587.jpg,kerry_blue_terrier
C:\Users\user\Documents\GitHub\find_breed\dog_breed_dataset\kerry_blue_terrier\n02093859_161.jpg,kerry_blue_terrier
C:\Users\user\Documents\GitHub\find_breed\dog_breed_dataset\kerry_blue_terrier\n02093859_1635.jpg,kerry_blue_terrier
C:\Users\user\Documents\GitHub\find_breed\dog_breed_dataset\kerry_blue_terrier\n02093859_1640.jpg,kerry_blue_terrier
C:\Users\user\Documents\GitHub\find_breed\dog_breed_dataset\kerry_blue_terrier\n02093859_1733.jpg,kerry_blue_terrier
C:\Users\user\Documents\GitHub\find_breed\dog_breed_dataset\kerry_blue_terrier\n02093859_1771.jpg,kerry_blue_terrier
C:\Users\user\Documents\GitHub\find_breed\dog_breed_dataset\kerry_blue_terrier\n02093859_1852.jpg,kerry_blue_terrier
C:\Users\user\Documents\GitHub\find_breed\dog_breed_dataset\kerry_blue_terrier\n02093859_1917.jpg,kerry_blue_terrier
C:\Users\user\Documents\GitHub\find_breed\dog_breed_dataset\kerry_blue_terrier\n02093859_1969.jpg,kerry_blue_terrier
C:\Users\user\Documents\GitHub\find_breed\dog_breed_dataset\kerry_blue_terrier\n02093859_2030.jpg,kerry_blue_terrier
C:\Users\user\Documents\GitHub\find_breed\dog_breed_dataset\kerry_blue_terrier\n02093859_2057.jpg,kerry_blue_terrier
C:\Users\user\Documents\GitHub\find_breed\dog_breed_dataset\kerry_blue_terrier\n02093859_2202.jpg,kerry_blue_terrier
C:\Users\user\Documents\GitHub\find_breed\dog_breed_dataset\kerry_blue_terrier\n02093859_2223.jpg,kerry_blue_terrier
C:\Users\user\Documents\GitHub\find_breed\dog_breed_dataset\kerry_blue_terrier\n02093859_2227.jpg,kerry_blue_terrier
C:\Users\user\Documents\GitHub\find_breed\dog_breed_dataset\kerry_blue_terrier\n02093859_2233.jpg,kerry_blue_terrier
C:\Users\user\Documents\GitHub\find_breed\dog_breed_dataset\kerry_blue_terrier\n02093859_2293.jpg,kerry_blue_terrier
C:\Users\user\Documents\GitHub\find_breed\dog_breed_dataset\kerry_blue_terrier\n02093859_2418.jpg,kerry_blue_terrier
C:\Users\user\Documents\GitHub\find_breed\dog_breed_dataset\kerry_blue_terrier\n02093859_2421.jpg,kerry_blue_terrier
C:\Users\user\Documents\GitHub\find_breed\dog_breed_dataset\kerry_blue_terrier\n02093859_2449.jpg,kerry_blue_terrier
C:\Users\user\Documents\GitHub\find_breed\dog_breed_dataset\kerry_blue_terrier\n02093859_248.jpg,kerry_blue_terrier
C:\Users\user\Documents\GitHub\find_breed\dog_breed_dataset\kerry_blue_terrier\n02093859_2480.jpg,kerry_blue_terrier
C:\Users\user\Documents\GitHub\find_breed\dog_breed_dataset\kerry_blue_terrier\n02093859_2514.jpg,kerry_blue_terrier
C:\Users\user\Documents\GitHub\find_breed\dog_breed_dataset\kerry_blue_terrier\n02093859_2526.jpg,kerry_blue_terrier
C:\Users\user\Documents\GitHub\find_breed\dog_breed_dataset\kerry_blue_terrier\n02093859_2559.jpg,kerry_blue_terrier
C:\Users\user\Documents\GitHub\find_breed\dog_breed_dataset\kerry_blue_terrier\n02093859_2562.jpg,kerry_blue_terrier
C:\Users\user\Documents\GitHub\find_breed\dog_breed_dataset\kerry_blue_terrier\n02093859_2625.jpg,kerry_blue_terrier
C:\Users\user\Documents\GitHub\find_breed\dog_breed_dataset\kerry_blue_terrier\n02093859_2699.jpg,kerry_blue_terrier
C:\Users\user\Documents\GitHub\find_breed\dog_breed_dataset\kerry_blue_terrier\n02093859_2700.jpg,kerry_blue_terrier
C:\Users\user\Documents\GitHub\find_breed\dog_breed_dataset\kerry_blue_terrier\n02093859_2745.jpg,kerry_blue_terrier
C:\Users\user\Documents\GitHub\find_breed\dog_breed_dataset\kerry_blue_terrier\n02093859_276.jpg,kerry_blue_terrier
C:\Users\user\Documents\GitHub\find_breed\dog_breed_dataset\kerry_blue_terrier\n02093859_2828.jpg,kerry_blue_terrier
C:\Users\user\Documents\GitHub\find_breed\dog_breed_dataset\kerry_blue_terrier\n02093859_2835.jpg,kerry_blue_terrier
C:\Users\user\Documents\GitHub\find_breed\dog_breed_dataset\kerry_blue_terrier\n02093859_2859.jpg,kerry_blue_terrier
C:\Users\user\Documents\GitHub\find_breed\dog_breed_dataset\kerry_blue_terrier\n02093859_2921.jpg,kerry_blue_terrier
C:\Users\user\Documents\GitHub\find_breed\dog_breed_dataset\kerry_blue_terrier\n02093859_2955.jpg,kerry_blue_terrier
C:\Users\user\Documents\GitHub\find_breed\dog_breed_dataset\kerry_blue_terrier\n02093859_2970.jpg,kerry_blue_terrier
C:\Users\user\Documents\GitHub\find_breed\dog_breed_dataset\kerry_blue_terrier\n02093859_2993.jpg,kerry_blue_terrier
C:\Users\user\Documents\GitHub\find_breed\dog_breed_dataset\kerry_blue_terrier\n02093859_3012.jpg,kerry_blue_terrier
C:\Users\user\Documents\GitHub\find_breed\dog_breed_dataset\kerry_blue_terrier\n02093859_3030.jpg,kerry_blue_terrier
C:\Users\user\Documents\GitHub\find_breed\dog_breed_dataset\kerry_blue_terrier\n02093859_3036.jpg,kerry_blue_terrier
C:\Users\user\Documents\GitHub\find_breed\dog_breed_dataset\kerry_blue_terrier\n02093859_3106.jpg,kerry_blue_terrier
C:\Users\user\Documents\GitHub\find_breed\dog_breed_dataset\kerry_blue_terrier\n02093859_3110.jpg,kerry_blue_terrier
C:\Users\user\Documents\GitHub\find_breed\dog_breed_dataset\kerry_blue_terrier\n02093859_3113.jpg,kerry_blue_terrier
C:\Users\user\Documents\GitHub\find_breed\dog_breed_dataset\kerry_blue_terrier\n02093859_3125.jpg,kerry_blue_terrier
C:\Users\user\Documents\GitHub\find_breed\dog_breed_dataset\kerry_blue_terrier\n02093859_3140.jpg,kerry_blue_terrier
C:\Users\user\Documents\GitHub\find_breed\dog_breed_dataset\kerry_blue_terrier\n02093859_3153.jpg,kerry_blue_terrier
C:\Users\user\Documents\GitHub\find_breed\dog_breed_dataset\kerry_blue_terrier\n02093859_3168.jpg,kerry_blue_terrier
C:\Users\user\Documents\GitHub\find_breed\dog_breed_dataset\kerry_blue_terrier\n02093859_3179.jpg,kerry_blue_terrier
C:\Users\user\Documents\GitHub\find_breed\dog_breed_dataset\kerry_blue_terrier\n02093859_3209.jpg,kerry_blue_terrier
C:\Users\user\Documents\GitHub\find_breed\dog_breed_dataset\kerry_blue_terrier\n02093859_321.jpg,kerry_blue_terrier
C:\Users\user\Documents\GitHub\find_breed\dog_breed_dataset\kerry_blue_terrier\n02093859_324.jpg,kerry_blue_terrier
C:\Users\user\Documents\GitHub\find_breed\dog_breed_dataset\kerry_blue_terrier\n02093859_3248.jpg,kerry_blue_terrier
C:\Users\user\Documents\GitHub\find_breed\dog_breed_dataset\kerry_blue_terrier\n02093859_3291.jpg,kerry_blue_terrier
C:\Users\user\Documents\GitHub\find_breed\dog_breed_dataset\kerry_blue_terrier\n02093859_3319.jpg,kerry_blue_terrier
C:\Users\user\Documents\GitHub\find_breed\dog_breed_dataset\kerry_blue_terrier\n02093859_3320.jpg,kerry_blue_terrier
C:\Users\user\Documents\GitHub\find_breed\dog_breed_dataset\kerry_blue_terrier\n02093859_333.jpg,kerry_blue_terrier
C:\Users\user\Documents\GitHub\find_breed\dog_breed_dataset\kerry_blue_terrier\n02093859_3376.jpg,kerry_blue_terrier
C:\Users\user\Documents\GitHub\find_breed\dog_breed_dataset\kerry_blue_terrier\n02093859_3382.jpg,kerry_blue_terrier
C:\Users\user\Documents\GitHub\find_breed\dog_breed_dataset\kerry_blue_terrier\n02093859_345.jpg,kerry_blue_terrier
C:\Users\user\Documents\GitHub\find_breed\dog_breed_dataset\kerry_blue_terrier\n02093859_428.jpg,kerry_blue_terrier
C:\Users\user\Documents\GitHub\find_breed\dog_breed_dataset\kerry_blue_terrier\n02093859_467.jpg,kerry_blue_terrier
C:\Users\user\Documents\GitHub\find_breed\dog_breed_dataset\kerry_blue_terrier\n02093859_567.jpg,kerry_blue_terrier
C:\Users\user\Documents\GitHub\find_breed\dog_breed_dataset\kerry_blue_terrier\n02093859_608.jpg,kerry_blue_terrier
C:\Users\user\Documents\GitHub\find_breed\dog_breed_dataset\kerry_blue_terrier\n02093859_61.jpg,kerry_blue_terrier
C:\Users\user\Documents\GitHub\find_breed\dog_breed_dataset\kerry_blue_terrier\n02093859_729.jpg,kerry_blue_terrier
C:\Users\user\Documents\GitHub\find_breed\dog_breed_dataset\kerry_blue_terrier\n02093859_739.jpg,kerry_blue_terrier
C:\Users\user\Documents\GitHub\find_breed\dog_breed_dataset\kerry_blue_terrier\n02093859_746.jpg,kerry_blue_terrier
C:\Users\user\Documents\GitHub\find_breed\dog_breed_dataset\kerry_blue_terrier\n02093859_773.jpg,kerry_blue_terrier
C:\Users\user\Documents\GitHub\find_breed\dog_breed_dataset\kerry_blue_terrier\n02093859_801.jpg,kerry_blue_terrier
C:\Users\user\Documents\GitHub\find_breed\dog_breed_dataset\kerry_blue_terrier\n02093859_82.jpg,kerry_blue_terrier
C:\Users\user\Documents\GitHub\find_breed\dog_breed_dataset\kerry_blue_terrier\n02093859_827.jpg,kerry_blue_terrier
C:\Users\user\Documents\GitHub\find_breed\dog_breed_dataset\kerry_blue_terrier\n02093859_86.jpg,kerry_blue_terrier
C:\Users\user\Documents\GitHub\find_breed\dog_breed_dataset\kerry_blue_terrier\n02093859_879.jpg,kerry_blue_terrier
C:\Users\user\Documents\GitHub\find_breed\dog_breed_dataset\kerry_blue_terrier\n02093859_970.jpg,kerry_blue_terrier
C:\Users\user\Documents\GitHub\find_breed\dog_breed_dataset\komondor\n02105505_1024.jpg,komondor
C:\Users\user\Documents\GitHub\find_breed\dog_breed_dataset\komondor\n02105505_1077.jpg,komondor
C:\Users\user\Documents\GitHub\find_breed\dog_breed_dataset\komondor\n02105505_1145.jpg,komondor
C:\Users\user\Documents\GitHub\find_breed\dog_breed_dataset\komondor\n02105505_1148.jpg,komondor
C:\Users\user\Documents\GitHub\find_breed\dog_breed_dataset\komondor\n02105505_1159.jpg,komondor
C:\Users\user\Documents\GitHub\find_breed\dog_breed_dataset\komondor\n02105505_1272.jpg,komondor
C:\Users\user\Documents\GitHub\find_breed\dog_breed_dataset\komondor\n02105505_1312.jpg,komondor
C:\Users\user\Documents\GitHub\find_breed\dog_breed_dataset\komondor\n02105505_1360.jpg,komondor
C:\Users\user\Documents\GitHub\find_breed\dog_breed_dataset\komondor\n02105505_1383.jpg,komondor
C:\Users\user\Documents\GitHub\find_breed\dog_breed_dataset\komondor\n02105505_1406.jpg,komondor
C:\Users\user\Documents\GitHub\find_breed\dog_breed_dataset\komondor\n02105505_1426.jpg,komondor
C:\Users\user\Documents\GitHub\find_breed\dog_breed_dataset\komondor\n02105505_1443.jpg,komondor
C:\Users\user\Documents\GitHub\find_breed\dog_breed_dataset\komondor\n02105505_1541.jpg,komondor
C:\Users\user\Documents\GitHub\find_breed\dog_breed_dataset\komondor\n02105505_1657.jpg,komondor
C:\Users\user\Documents\GitHub\find_breed\dog_breed_dataset\komondor\n02105505_192.jpg,komondor
C:\Users\user\Documents\GitHub\find_breed\dog_breed_dataset\komondor\n02105505_1988.jpg,komondor
C:\Users\user\Documents\GitHub\find_breed\dog_breed_dataset\komondor\n02105505_2037.jpg,komondor
C:\Users\user\Documents\GitHub\find_breed\dog_breed_dataset\komondor\n02105505_2043.jpg,komondor
C:\Users\user\Documents\GitHub\find_breed\dog_breed_dataset\komondor\n02105505_2069.jpg,komondor
C:\Users\user\Documents\GitHub\find_breed\dog_breed_dataset\komondor\n02105505_2134.jpg,komondor
C:\Users\user\Documents\GitHub\find_breed\dog_breed_dataset\komondor\n02105505_2156.jpg,komondor
C:\Users\user\Documents\GitHub\find_breed\dog_breed_dataset\komondor\n02105505_2178.jpg,komondor
C:\Users\user\Documents\GitHub\find_breed\dog_breed_dataset\komondor\n02105505_2281.jpg,komondor
C:\Users\user\Documents\GitHub\find_breed\dog_breed_dataset\komondor\n02105505_2316.jpg,komondor
C:\Users\user\Documents\GitHub\find_breed\dog_breed_dataset\komondor\n02105505_2382.jpg,komondor
C:\Users\user\Documents\GitHub\find_breed\dog_breed_dataset\komondor\n02105505_2420.jpg,komondor
C:\Users\user\Documents\GitHub\find_breed\dog_breed_dataset\komondor\n02105505_2489.jpg,komondor
C:\Users\user\Documents\GitHub\find_breed\dog_breed_dataset\komondor\n02105505_2548.jpg,komondor
C:\Users\user\Documents\GitHub\find_breed\dog_breed_dataset\komondor\n02105505_2570.jpg,komondor
C:\Users\user\Documents\GitHub\find_breed\dog_breed_dataset\komondor\n02105505_2592.jpg,komondor
C:\Users\user\Documents\GitHub\find_breed\dog_breed_dataset\komondor\n02105505_2760.jpg,komondor
C:\Users\user\Documents\GitHub\find_breed\dog_breed_dataset\komondor\n02105505_2872.jpg,komondor
C:\Users\user\Documents\GitHub\find_breed\dog_breed_dataset\komondor\n02105505_2886.jpg,komondor
C:\Users\user\Documents\GitHub\find_breed\dog_breed_dataset\komondor\n02105505_2942.jpg,komondor
C:\Users\user\Documents\GitHub\find_breed\dog_breed_dataset\komondor\n02105505_2982.jpg,komondor
C:\Users\user\Documents\GitHub\find_breed\dog_breed_dataset\komondor\n02105505_3002.jpg,komondor
C:\Users\user\Documents\GitHub\find_breed\dog_breed_dataset\komondor\n02105505_3008.jpg,komondor
C:\Users\user\Documents\GitHub\find_breed\dog_breed_dataset\komondor\n02105505_3030.jpg,komondor
C:\Users\user\Documents\GitHub\find_breed\dog_breed_dataset\komondor\n02105505_3050.jpg,komondor
C:\Users\user\Documents\GitHub\find_breed\dog_breed_dataset\komondor\n02105505_3132.jpg,komondor
C:\Users\user\Documents\GitHub\find_breed\dog_breed_dataset\komondor\n02105505_317.jpg,komondor
C:\Users\user\Documents\GitHub\find_breed\dog_breed_dataset\komondor\n02105505_32.jpg,komondor
C:\Users\user\Documents\GitHub\find_breed\dog_breed_dataset\komondor\n02105505_3328.jpg,komondor
C:\Users\user\Documents\GitHub\find_breed\dog_breed_dataset\komondor\n02105505_3380.jpg,komondor
C:\Users\user\Documents\GitHub\find_breed\dog_breed_dataset\komondor\n02105505_3389.jpg,komondor
C:\Users\user\Documents\GitHub\find_breed\dog_breed_dataset\komondor\n02105505_3409.jpg,komondor
C:\Users\user\Documents\GitHub\find_breed\dog_breed_dataset\komondor\n02105505_3444.jpg,komondor
C:\Users\user\Documents\GitHub\find_breed\dog_breed_dataset\komondor\n02105505_345.jpg,komondor
C:\Users\user\Documents\GitHub\find_breed\dog_breed_dataset\komondor\n02105505_3541.jpg,komondor
C:\Users\user\Documents\GitHub\find_breed\dog_breed_dataset\komondor\n02105505_3558.jpg,komondor
C:\Users\user\Documents\GitHub\find_breed\dog_breed_dataset\komondor\n02105505_3564.jpg,komondor
C:\Users\user\Documents\GitHub\find_breed\dog_breed_dataset\komondor\n02105505_3576.jpg,komondor
C:\Users\user\Documents\GitHub\find_breed\dog_breed_dataset\komondor\n02105505_3578.jpg,komondor
C:\Users\user\Documents\GitHub\find_breed\dog_breed_dataset\komondor\n02105505_358.jpg,komondor
C:\Users\user\Documents\GitHub\find_breed\dog_breed_dataset\komondor\n02105505_3603.jpg,komondor
C:\Users\user\Documents\GitHub\find_breed\dog_breed_dataset\komondor\n02105505_3617.jpg,komondor
C:\Users\user\Documents\GitHub\find_breed\dog_breed_dataset\komondor\n02105505_3647.jpg,komondor
C:\Users\user\Documents\GitHub\find_breed\dog_breed_dataset\komondor\n02105505_3672.jpg,komondor
C:\Users\user\Documents\GitHub\find_breed\dog_breed_dataset\komondor\n02105505_3679.jpg,komondor
C:\Users\user\Documents\GitHub\find_breed\dog_breed_dataset\komondor\n02105505_3705.jpg,komondor
C:\Users\user\Documents\GitHub\find_breed\dog_breed_dataset\komondor\n02105505_3706.jpg,komondor
C:\Users\user\Documents\GitHub\find_breed\dog_breed_dataset\komondor\n02105505_3713.jpg,komondor
C:\Users\user\Documents\GitHub\find_breed\dog_breed_dataset\komondor\n02105505_3716.jpg,komondor
C:\Users\user\Documents\GitHub\find_breed\dog_breed_dataset\komondor\n02105505_3721.jpg,komondor
C:\Users\user\Documents\GitHub\find_breed\dog_breed_dataset\komondor\n02105505_3723.jpg,komondor
C:\Users\user\Documents\GitHub\find_breed\dog_breed_dataset\komondor\n02105505_3744.jpg,komondor
C:\Users\user\Documents\GitHub\find_breed\dog_breed_dataset\komondor\n02105505_3766.jpg,komondor
C:\Users\user\Documents\GitHub\find_breed\dog_breed_dataset\komondor\n02105505_3781.jpg,komondor
C:\Users\user\Documents\GitHub\find_breed\dog_breed_dataset\komondor\n02105505_3784.jpg,komondor
C:\Users\user\Documents\GitHub\find_breed\dog_breed_dataset\komondor\n02105505_3787.jpg,komondor
C:\Users\user\Documents\GitHub\find_breed\dog_breed_dataset\komondor\n02105505_3792.jpg,komondor
C:\Users\user\Documents\GitHub\find_breed\dog_breed_dataset\komondor\n02105505_3805.jpg,komondor
C:\Users\user\Documents\GitHub\find_breed\dog_breed_dataset\komondor\n02105505_3806.jpg,komondor
C:\Users\user\Documents\GitHub\find_breed\dog_breed_dataset\komondor\n02105505_3833.jpg,komondor
C:\Users\user\Documents\GitHub\find_breed\dog_breed_dataset\komondor\n02105505_3887.jpg,komondor
C:\Users\user\Documents\GitHub\find_breed\dog_breed_dataset\komondor\n02105505_3904.jpg,komondor
C:\Users\user\Documents\GitHub\find_breed\dog_breed_dataset\komondor\n02105505_3933.jpg,komondor
C:\Users\user\Documents\GitHub\find_breed\dog_breed_dataset\komondor\n02105505_3957.jpg,komondor
C:\Users\user\Documents\GitHub\find_breed\dog_breed_dataset\komondor\n02105505_3967.jpg,komondor
C:\Users\user\Documents\GitHub\find_breed\dog_breed_dataset\komondor\n02105505_4021.jpg,komondor
C:\Users\user\Documents\GitHub\find_breed\dog_breed_dataset\komondor\n02105505_4028.jpg,komondor
C:\Users\user\Documents\GitHub\find_breed\dog_breed_dataset\komondor\n02105505_4069.jpg,komondor
C:\Users\user\Documents\GitHub\find_breed\dog_breed_dataset\komondor\n02105505_4070.jpg,komondor
C:\Users\user\Documents\GitHub\find_breed\dog_breed_dataset\komondor\n02105505_4076.jpg,komondor
C:\Users\user\Documents\GitHub\find_breed\dog_breed_dataset\komondor\n02105505_4090.jpg,komondor
C:\Users\user\Documents\GitHub\find_breed\dog_breed_dataset\komondor\n02105505_4105.jpg,komondor
C:\Users\user\Documents\GitHub\find_breed\dog_breed_dataset\komondor\n02105505_4118.jpg,komondor
C:\Users\user\Documents\GitHub\find_breed\dog_breed_dataset\komondor\n02105505_4138.jpg,komondor
C:\Users\user\Documents\GitHub\find_breed\dog_breed_dataset\komondor\n02105505_4143.jpg,komondor
C:\Users\user\Documents\GitHub\find_breed\dog_breed_dataset\komondor\n02105505_4180.jpg,komondor
C:\Users\user\Documents\GitHub\find_breed\dog_breed_dataset\komondor\n02105505_4248.jpg,komondor
C:\Users\user\Documents\GitHub\find_breed\dog_breed_dataset\komondor\n02105505_4256.jpg,komondor
C:\Users\user\Documents\GitHub\find_breed\dog_breed_dataset\komondor\n02105505_4260.jpg,komondor
C:\Users\user\Documents\GitHub\find_breed\dog_breed_dataset\komondor\n02105505_4271.jpg,komondor
C:\Users\user\Documents\GitHub\find_breed\dog_breed_dataset\komondor\n02105505_4282.jpg,komondor
C:\Users\user\Documents\GitHub\find_breed\dog_breed_dataset\komondor\n02105505_4290.jpg,komondor
C:\Users\user\Documents\GitHub\find_breed\dog_breed_dataset\komondor\n02105505_43.jpg,komondor
C:\Users\user\Documents\GitHub\find_breed\dog_breed_dataset\komondor\n02105505_4302.jpg,komondor
C:\Users\user\Documents\GitHub\find_breed\dog_breed_dataset\komondor\n02105505_4304.jpg,komondor
C:\Users\user\Documents\GitHub\find_breed\dog_breed_dataset\komondor\n02105505_4311.jpg,komondor
C:\Users\user\Documents\GitHub\find_breed\dog_breed_dataset\komondor\n02105505_4325.jpg,komondor
C:\Users\user\Documents\GitHub\find_breed\dog_breed_dataset\komondor\n02105505_4329.jpg,komondor
C:\Users\user\Documents\GitHub\find_breed\dog_breed_dataset\komondor\n02105505_4351.jpg,komondor
C:\Users\user\Documents\GitHub\find_breed\dog_breed_dataset\komondor\n02105505_4353.jpg,komondor
C:\Users\user\Documents\GitHub\find_breed\dog_breed_dataset\komondor\n02105505_4382.jpg,komondor
C:\Users\user\Documents\GitHub\find_breed\dog_breed_dataset\komondor\n02105505_4398.jpg,komondor
C:\Users\user\Documents\GitHub\find_breed\dog_breed_dataset\komondor\n02105505_441.jpg,komondor
C:\Users\user\Documents\GitHub\find_breed\dog_breed_dataset\komondor\n02105505_4417.jpg,komondor
C:\Users\user\Documents\GitHub\find_breed\dog_breed_dataset\komondor\n02105505_4435.jpg,komondor
C:\Users\user\Documents\GitHub\find_breed\dog_breed_dataset\komondor\n02105505_4436.jpg,komondor
C:\Users\user\Documents\GitHub\find_breed\dog_breed_dataset\komondor\n02105505_4458.jpg,komondor
C:\Users\user\Documents\GitHub\find_breed\dog_breed_dataset\komondor\n02105505_475.jpg,komondor
C:\Users\user\Documents\GitHub\find_breed\dog_breed_dataset\komondor\n02105505_521.jpg,komondor
C:\Users\user\Documents\GitHub\find_breed\dog_breed_dataset\komondor\n02105505_561.jpg,komondor
C:\Users\user\Documents\GitHub\find_breed\dog_breed_dataset\komondor\n02105505_572.jpg,komondor
C:\Users\user\Documents\GitHub\find_breed\dog_breed_dataset\komondor\n02105505_769.jpg,komondor
C:\Users\user\Documents\GitHub\find_breed\dog_breed_dataset\komondor\n02105505_853.jpg,komondor
C:\Users\user\Documents\GitHub\find_breed\dog_breed_dataset\komondor\n02105505_861.jpg,komondor
C:\Users\user\Documents\GitHub\find_breed\dog_breed_dataset\komondor\n02105505_914.jpg,komondor
C:\Users\user\Documents\GitHub\find_breed\dog_breed_dataset\komondor\n02105505_935.jpg,komondor
C:\Users\user\Documents\GitHub\find_breed\dog_breed_dataset\komondor\n02105505_938.jpg,komondor
C:\Users\user\Documents\GitHub\find_breed\dog_breed_dataset\komondor\n02105505_955.jpg,komondor
C:\Users\user\Documents\GitHub\find_breed\dog_breed_dataset\kuvasz\n02104029_1107.jpg,kuvasz
C:\Users\user\Documents\GitHub\find_breed\dog_breed_dataset\kuvasz\n02104029_1268.jpg,kuvasz
C:\Users\user\Documents\GitHub\find_breed\dog_breed_dataset\kuvasz\n02104029_1278.jpg,kuvasz
C:\Users\user\Documents\GitHub\find_breed\dog_breed_dataset\kuvasz\n02104029_1370.jpg,kuvasz
C:\Users\user\Documents\GitHub\find_breed\dog_breed_dataset\kuvasz\n02104029_1375.jpg,kuvasz
C:\Users\user\Documents\GitHub\find_breed\dog_breed_dataset\kuvasz\n02104029_1400.jpg,kuvasz
C:\Users\user\Documents\GitHub\find_breed\dog_breed_dataset\kuvasz\n02104029_157.jpg,kuvasz
C:\Users\user\Documents\GitHub\find_breed\dog_breed_dataset\kuvasz\n02104029_1599.jpg,kuvasz
C:\Users\user\Documents\GitHub\find_breed\dog_breed_dataset\kuvasz\n02104029_170.jpg,kuvasz
C:\Users\user\Documents\GitHub\find_breed\dog_breed_dataset\kuvasz\n02104029_1713.jpg,kuvasz
C:\Users\user\Documents\GitHub\find_breed\dog_breed_dataset\kuvasz\n02104029_1791.jpg,kuvasz
C:\Users\user\Documents\GitHub\find_breed\dog_breed_dataset\kuvasz\n02104029_1816.jpg,kuvasz
C:\Users\user\Documents\GitHub\find_breed\dog_breed_dataset\kuvasz\n02104029_1988.jpg,kuvasz
C:\Users\user\Documents\GitHub\find_breed\dog_breed_dataset\kuvasz\n02104029_2150.jpg,kuvasz
C:\Users\user\Documents\GitHub\find_breed\dog_breed_dataset\kuvasz\n02104029_2246.jpg,kuvasz
C:\Users\user\Documents\GitHub\find_breed\dog_breed_dataset\kuvasz\n02104029_2328.jpg,kuvasz
C:\Users\user\Documents\GitHub\find_breed\dog_breed_dataset\kuvasz\n02104029_2417.jpg,kuvasz
C:\Users\user\Documents\GitHub\find_breed\dog_breed_dataset\kuvasz\n02104029_247.jpg,kuvasz
C:\Users\user\Documents\GitHub\find_breed\dog_breed_dataset\kuvasz\n02104029_2501.jpg,kuvasz
C:\Users\user\Documents\GitHub\find_breed\dog_breed_dataset\kuvasz\n02104029_2540.jpg,kuvasz
C:\Users\user\Documents\GitHub\find_breed\dog_breed_dataset\kuvasz\n02104029_3166.jpg,kuvasz
C:\Users\user\Documents\GitHub\find_breed\dog_breed_dataset\kuvasz\n02104029_3564.jpg,kuvasz
C:\Users\user\Documents\GitHub\find_breed\dog_breed_dataset\kuvasz\n02104029_3578.jpg,kuvasz
C:\Users\user\Documents\GitHub\find_breed\dog_breed_dataset\kuvasz\n02104029_371.jpg,kuvasz
C:\Users\user\Documents\GitHub\find_breed\dog_breed_dataset\kuvasz\n02104029_4079.jpg,kuvasz
C:\Users\user\Documents\GitHub\find_breed\dog_breed_dataset\kuvasz\n02104029_409.jpg,kuvasz
C:\Users\user\Documents\GitHub\find_breed\dog_breed_dataset\kuvasz\n02104029_4131.jpg,kuvasz
C:\Users\user\Documents\GitHub\find_breed\dog_breed_dataset\kuvasz\n02104029_4317.jpg,kuvasz
C:\Users\user\Documents\GitHub\find_breed\dog_breed_dataset\kuvasz\n02104029_4340.jpg,kuvasz
C:\Users\user\Documents\GitHub\find_breed\dog_breed_dataset\kuvasz\n02104029_4415.jpg,kuvasz
C:\Users\user\Documents\GitHub\find_breed\dog_breed_dataset\kuvasz\n02104029_4431.jpg,kuvasz
C:\Users\user\Documents\GitHub\find_breed\dog_breed_dataset\kuvasz\n02104029_4450.jpg,kuvasz
C:\Users\user\Documents\GitHub\find_breed\dog_breed_dataset\kuvasz\n02104029_4463.jpg,kuvasz
C:\Users\user\Documents\GitHub\find_breed\dog_breed_dataset\kuvasz\n02104029_4466.jpg,kuvasz
C:\Users\user\Documents\GitHub\find_breed\dog_breed_dataset\kuvasz\n02104029_4492.jpg,kuvasz
C:\Users\user\Documents\GitHub\find_breed\dog_breed_dataset\kuvasz\n02104029_455.jpg,kuvasz
C:\Users\user\Documents\GitHub\find_breed\dog_breed_dataset\kuvasz\n02104029_4660.jpg,kuvasz
C:\Users\user\Documents\GitHub\find_breed\dog_breed_dataset\kuvasz\n02104029_4667.jpg,kuvasz
C:\Users\user\Documents\GitHub\find_breed\dog_breed_dataset\kuvasz\n02104029_4672.jpg,kuvasz
C:\Users\user\Documents\GitHub\find_breed\dog_breed_dataset\kuvasz\n02104029_4696.jpg,kuvasz
C:\Users\user\Documents\GitHub\find_breed\dog_breed_dataset\kuvasz\n02104029_4791.jpg,kuvasz
C:\Users\user\Documents\GitHub\find_breed\dog_breed_dataset\kuvasz\n02104029_4800.jpg,kuvasz
C:\Users\user\Documents\GitHub\find_breed\dog_breed_dataset\kuvasz\n02104029_525.jpg,kuvasz
C:\Users\user\Documents\GitHub\find_breed\dog_breed_dataset\kuvasz\n02104029_593.jpg,kuvasz
C:\Users\user\Documents\GitHub\find_breed\dog_breed_dataset\kuvasz\n02104029_690.jpg,kuvasz
C:\Users\user\Documents\GitHub\find_breed\dog_breed_dataset\kuvasz\n02104029_766.jpg,kuvasz
C:\Users\user\Documents\GitHub\find_breed\dog_breed_dataset\labrador\labrador63.jpg,labrador
C:\Users\user\Documents\GitHub\find_breed\dog_breed_dataset\labrador\labrador64.jpg,labrador
C:\Users\user\Documents\GitHub\find_breed\dog_breed_dataset\labrador\labrador81.jpg,labrador
C:\Users\user\Documents\GitHub\find_breed\dog_breed_dataset\labrador\labrador90.jpg,labrador
C:\Users\user\Documents\GitHub\find_breed\dog_breed_dataset\labrador\n02099712_1941.jpg,labrador
C:\Users\user\Documents\GitHub\find_breed\dog_breed_dataset\labrador\n02099712_2120.jpg,labrador
C:\Users\user\Documents\GitHub\find_breed\dog_breed_dataset\labrador\n02099712_221.jpg,labrador
C:\Users\user\Documents\GitHub\find_breed\dog_breed_dataset\labrador\n02099712_2228.jpg,labrador
C:\Users\user\Documents\GitHub\find_breed\dog_breed_dataset\labrador\n02099712_3500.jpg,labrador
C:\Users\user\Documents\GitHub\find_breed\dog_breed_dataset\labrador\n02099712_3502.jpg,labrador
C:\Users\user\Documents\GitHub\find_breed\dog_breed_dataset\labrador\n02099712_3503.jpg,labrador
C:\Users\user\Documents\GitHub\find_breed\dog_breed_dataset\labrador\n02099712_3769.jpg,labrador
C:\Users\user\Documents\GitHub\find_breed\dog_breed_dataset\labrador\n02099712_3773.jpg,labrador
C:\Users\user\Documents\GitHub\find_breed\dog_breed_dataset\labrador\n02099712_6446.jpg,labrador
C:\Users\user\Documents\GitHub\find_breed\dog_breed_dataset\labrador\n02099712_6646.jpg,labrador
C:\Users\user\Documents\GitHub\find_breed\dog_breed_dataset\labrador\n02099712_7133.jpg,labrador
C:\Users\user\Documents\GitHub\find_breed\dog_breed_dataset\labrador\n02099712_7815.jpg,labrador
C:\Users\user\Documents\GitHub\find_breed\dog_breed_dataset\lakeland_terrier\n02095570_1372.jpg,lakeland_terrier
C:\Users\user\Documents\GitHub\find_breed\dog_breed_dataset\lakeland_terrier\n02095570_1445.jpg,lakeland_terrier
C:\Users\user\Documents\GitHub\find_breed\dog_breed_dataset\lakeland_terrier\n02095570_1575.jpg,lakeland_terrier
C:\Users\user\Documents\GitHub\find_breed\dog_breed_dataset\lakeland_terrier\n02095570_1609.jpg,lakeland_terrier
C:\Users\user\Documents\GitHub\find_breed\dog_breed_dataset\lakeland_terrier\n02095570_2354.jpg,lakeland_terrier
C:\Users\user\Documents\GitHub\find_breed\dog_breed_dataset\lakeland_terrier\n02095570_2494.jpg,lakeland_terrier
C:\Users\user\Documents\GitHub\find_breed\dog_breed_dataset\lakeland_terrier\n02095570_269.jpg,lakeland_terrier
C:\Users\user\Documents\GitHub\find_breed\dog_breed_dataset\lakeland_terrier\n02095570_2767.jpg,lakeland_terrier
C:\Users\user\Documents\GitHub\find_breed\dog_breed_dataset\lakeland_terrier\n02095570_284.jpg,lakeland_terrier
C:\Users\user\Documents\GitHub\find_breed\dog_breed_dataset\lakeland_terrier\n02095570_3021.jpg,lakeland_terrier
C:\Users\user\Documents\GitHub\find_breed\dog_breed_dataset\lakeland_terrier\n02095570_3101.jpg,lakeland_terrier
C:\Users\user\Documents\GitHub\find_breed\dog_breed_dataset\lakeland_terrier\n02095570_3113.jpg,lakeland_terrier
C:\Users\user\Documents\GitHub\find_breed\dog_breed_dataset\lakeland_terrier\n02095570_3137.jpg,lakeland_terrier
C:\Users\user\Documents\GitHub\find_breed\dog_breed_dataset\lakeland_terrier\n02095570_3146.jpg,lakeland_terrier
C:\Users\user\Documents\GitHub\find_breed\dog_breed_dataset\lakeland_terrier\n02095570_315.jpg,lakeland_terrier
C:\Users\user\Documents\GitHub\find_breed\dog_breed_dataset\lakeland_terrier\n02095570_3253.jpg,lakeland_terrier
C:\Users\user\Documents\GitHub\find_breed\dog_breed_dataset\lakeland_terrier\n02095570_3323.jpg,lakeland_terrier
C:\Users\user\Documents\GitHub\find_breed\dog_breed_dataset\lakeland_terrier\n02095570_337.jpg,lakeland_terrier
C:\Users\user\Documents\GitHub\find_breed\dog_breed_dataset\lakeland_terrier\n02095570_3391.jpg,lakeland_terrier
C:\Users\user\Documents\GitHub\find_breed\dog_breed_dataset\lakeland_terrier\n02095570_3798.jpg,lakeland_terrier
C:\Users\user\Documents\GitHub\find_breed\dog_breed_dataset\lakeland_terrier\n02095570_3881.jpg,lakeland_terrier
C:\Users\user\Documents\GitHub\find_breed\dog_breed_dataset\lakeland_terrier\n02095570_4161.jpg,lakeland_terrier
C:\Users\user\Documents\GitHub\find_breed\dog_breed_dataset\lakeland_terrier\n02095570_4183.jpg,lakeland_terrier
C:\Users\user\Documents\GitHub\find_breed\dog_breed_dataset\lakeland_terrier\n02095570_4259.jpg,lakeland_terrier
C:\Users\user\Documents\GitHub\find_breed\dog_breed_dataset\lakeland_terrier\n02095570_427.jpg,lakeland_terrier
C:\Users\user\Documents\GitHub\find_breed\dog_breed_dataset\lakeland_terrier\n02095570_4331.jpg,lakeland_terrier
C:\Users\user\Documents\GitHub\find_breed\dog_breed_dataset\lakeland_terrier\n02095570_4347.jpg,lakeland_terrier
C:\Users\user\Documents\GitHub\find_breed\dog_breed_dataset\lakeland_terrier\n02095570_4560.jpg,lakeland_terrier
C:\Users\user\Documents\GitHub\find_breed\dog_breed_dataset\lakeland_terrier\n02095570_4650.jpg,lakeland_terrier
C:\Users\user\Documents\GitHub\find_breed\dog_breed_dataset\lakeland_terrier\n02095570_471.jpg,lakeland_terrier
C:\Users\user\Documents\GitHub\find_breed\dog_breed_dataset\lakeland_terrier\n02095570_5024.jpg,lakeland_terrier
C:\Users\user\Documents\GitHub\find_breed\dog_breed_dataset\lakeland_terrier\n02095570_5074.jpg,lakeland_terrier
C:\Users\user\Documents\GitHub\find_breed\dog_breed_dataset\lakeland_terrier\n02095570_5484.jpg,lakeland_terrier
C:\Users\user\Documents\GitHub\find_breed\dog_breed_dataset\lakeland_terrier\n02095570_5719.jpg,lakeland_terrier
C:\Users\user\Documents\GitHub\find_breed\dog_breed_dataset\lakeland_terrier\n02095570_6085.jpg,lakeland_terrier
C:\Users\user\Documents\GitHub\find_breed\dog_breed_dataset\lakeland_terrier\n02095570_6190.jpg,lakeland_terrier
C:\Users\user\Documents\GitHub\find_breed\dog_breed_dataset\lakeland_terrier\n02095570_6390.jpg,lakeland_terrier
C:\Users\user\Documents\GitHub\find_breed\dog_breed_dataset\lakeland_terrier\n02095570_6443.jpg,lakeland_terrier
C:\Users\user\Documents\GitHub\find_breed\dog_breed_dataset\lakeland_terrier\n02095570_687.jpg,lakeland_terrier
C:\Users\user\Documents\GitHub\find_breed\dog_breed_dataset\lakeland_terrier\n02095570_774.jpg,lakeland_terrier
C:\Users\user\Documents\GitHub\find_breed\dog_breed_dataset\lakeland_terrier\n02095570_916.jpg,lakeland_terrier
C:\Users\user\Documents\GitHub\find_breed\dog_breed_dataset\lakeland_terrier\n02095570_95.jpg,lakeland_terrier
C:\Users\user\Documents\GitHub\find_breed\dog_breed_dataset\leonberg\n02111129_1.jpg,leonberg
C:\Users\user\Documents\GitHub\find_breed\dog_breed_dataset\leonberg\n02111129_1094.jpg,leonberg
C:\Users\user\Documents\GitHub\find_breed\dog_breed_dataset\leonberg\n02111129_1215.jpg,leonberg
C:\Users\user\Documents\GitHub\find_breed\dog_breed_dataset\leonberg\n02111129_1503.jpg,leonberg
C:\Users\user\Documents\GitHub\find_breed\dog_breed_dataset\leonberg\n02111129_1583.jpg,leonberg
C:\Users\user\Documents\GitHub\find_breed\dog_breed_dataset\leonberg\n02111129_17.jpg,leonberg
C:\Users\user\Documents\GitHub\find_breed\dog_breed_dataset\leonberg\n02111129_1737.jpg,leonberg
C:\Users\user\Documents\GitHub\find_breed\dog_breed_dataset\leonberg\n02111129_2088.jpg,leonberg
C:\Users\user\Documents\GitHub\find_breed\dog_breed_dataset\leonberg\n02111129_2138.jpg,leonberg
C:\Users\user\Documents\GitHub\find_breed\dog_breed_dataset\leonberg\n02111129_2218.jpg,leonberg
C:\Users\user\Documents\GitHub\find_breed\dog_breed_dataset\leonberg\n02111129_2750.jpg,leonberg
C:\Users\user\Documents\GitHub\find_breed\dog_breed_dataset\leonberg\n02111129_2751.jpg,leonberg
C:\Users\user\Documents\GitHub\find_breed\dog_breed_dataset\leonberg\n02111129_2881.jpg,leonberg
C:\Users\user\Documents\GitHub\find_breed\dog_breed_dataset\leonberg\n02111129_3461.jpg,leonberg
C:\Users\user\Documents\GitHub\find_breed\dog_breed_dataset\leonberg\n02111129_3498.jpg,leonberg
C:\Users\user\Documents\GitHub\find_breed\dog_breed_dataset\leonberg\n02111129_3499.jpg,leonberg
C:\Users\user\Documents\GitHub\find_breed\dog_breed_dataset\leonberg\n02111129_3541.jpg,leonberg
C:\Users\user\Documents\GitHub\find_breed\dog_breed_dataset\leonberg\n02111129_3573.jpg,leonberg
C:\Users\user\Documents\GitHub\find_breed\dog_breed_dataset\leonberg\n02111129_4149.jpg,leonberg
C:\Users\user\Documents\GitHub\find_breed\dog_breed_dataset\leonberg\n02111129_426.jpg,leonberg
C:\Users\user\Documents\GitHub\find_breed\dog_breed_dataset\leonberg\n02111129_4305.jpg,leonberg
C:\Users\user\Documents\GitHub\find_breed\dog_breed_dataset\leonberg\n02111129_4366.jpg,leonberg
C:\Users\user\Documents\GitHub\find_breed\dog_breed_dataset\leonberg\n02111129_454.jpg,leonberg
C:\Users\user\Documents\GitHub\find_breed\dog_breed_dataset\leonberg\n02111129_4608.jpg,leonberg
C:\Users\user\Documents\GitHub\find_breed\dog_breed_dataset\leonberg\n02111129_4725.jpg,leonberg
C:\Users\user\Documents\GitHub\find_breed\dog_breed_dataset\leonberg\n02111129_4801.jpg,leonberg
C:\Users\user\Documents\GitHub\find_breed\dog_breed_dataset\leonberg\n02111129_4878.jpg,leonberg
C:\Users\user\Documents\GitHub\find_breed\dog_breed_dataset\leonberg\n02111129_4958.jpg,leonberg
C:\Users\user\Documents\GitHub\find_breed\dog_breed_dataset\leonberg\n02111129_5237.jpg,leonberg
C:\Users\user\Documents\GitHub\find_breed\dog_breed_dataset\leonberg\n02111129_5262.jpg,leonberg
C:\Users\user\Documents\GitHub\find_breed\dog_breed_dataset\leonberg\n02111129_716.jpg,leonberg
C:\Users\user\Documents\GitHub\find_breed\dog_breed_dataset\leonberg\n02111129_74.jpg,leonberg
C:\Users\user\Documents\GitHub\find_breed\dog_breed_dataset\leonberg\n02111129_796.jpg,leonberg
C:\Users\user\Documents\GitHub\find_breed\dog_breed_dataset\leonberg\n02111129_970.jpg,leonberg
C:\Users\user\Documents\GitHub\find_breed\dog_breed_dataset\leonberg\n02111129_974.jpg,leonberg
C:\Users\user\Documents\GitHub\find_breed\dog_breed_dataset\leonberg\n02111129_976.jpg,leonberg
C:\Users\user\Documents\GitHub\find_breed\dog_breed_dataset\leonberg\n02111129_990.jpg,leonberg
C:\Users\user\Documents\GitHub\find_breed\dog_breed_dataset\lhasa\n02098413_10966.jpg,lhasa
C:\Users\user\Documents\GitHub\find_breed\dog_breed_dataset\lhasa\n02098413_11467.jpg,lhasa
C:\Users\user\Documents\GitHub\find_breed\dog_breed_dataset\lhasa\n02098413_12198.jpg,lhasa
C:\Users\user\Documents\GitHub\find_breed\dog_breed_dataset\lhasa\n02098413_17895.jpg,lhasa
C:\Users\user\Documents\GitHub\find_breed\dog_breed_dataset\lhasa\n02098413_20356.jpg,lhasa
C:\Users\user\Documents\GitHub\find_breed\dog_breed_dataset\lhasa\n02098413_20830.jpg,lhasa
C:\Users\user\Documents\GitHub\find_breed\dog_breed_dataset\lhasa\n02098413_2974.jpg,lhasa
C:\Users\user\Documents\GitHub\find_breed\dog_breed_dataset\lhasa\n02098413_5201.jpg,lhasa
C:\Users\user\Documents\GitHub\find_breed\dog_breed_dataset\lhasa\n02098413_5474.jpg,lhasa
C:\Users\user\Documents\GitHub\find_breed\dog_breed_dataset\lhasa\n02098413_7163.jpg,lhasa
C:\Users\user\Documents\GitHub\find_breed\dog_breed_dataset\lhasa\n02098413_8273.jpg,lhasa
C:\Users\user\Documents\GitHub\find_breed\dog_breed_dataset\lhasa\n02098413_9259.jpg,lhasa
C:\Users\user\Documents\GitHub\find_breed\dog_breed_dataset\malamute\n02110063_10025.jpg,malamute
C:\Users\user\Documents\GitHub\find_breed\dog_breed_dataset\malamute\n02110063_10751.jpg,malamute
C:\Users\user\Documents\GitHub\find_breed\dog_breed_dataset\malamute\n02110063_1104.jpg,malamute
C:\Users\user\Documents\GitHub\find_breed\dog_breed_dataset\malamute\n02110063_11105.jpg,malamute
C:\Users\user\Documents\GitHub\find_breed\dog_breed_dataset\malamute\n02110063_11106.jpg,malamute
C:\Users\user\Documents\GitHub\find_breed\dog_breed_dataset\malamute\n02110063_11227.jpg,malamute
C:\Users\user\Documents\GitHub\find_breed\dog_breed_dataset\malamute\n02110063_11709.jpg,malamute
C:\Users\user\Documents\GitHub\find_breed\dog_breed_dataset\malamute\n02110063_12292.jpg,malamute
C:\Users\user\Documents\GitHub\find_breed\dog_breed_dataset\malamute\n02110063_12449.jpg,malamute
C:\Users\user\Documents\GitHub\find_breed\dog_breed_dataset\malamute\n02110063_12514.jpg,malamute
C:\Users\user\Documents\GitHub\find_breed\dog_breed_dataset\malamute\n02110063_12597.jpg,malamute
C:\Users\user\Documents\GitHub\find_breed\dog_breed_dataset\malamute\n02110063_13126.jpg,malamute
C:\Users\user\Documents\GitHub\find_breed\dog_breed_dataset\malamute\n02110063_13550.jpg,malamute
C:\Users\user\Documents\GitHub\find_breed\dog_breed_dataset\malamute\n02110063_14230.jpg,malamute
C:\Users\user\Documents\GitHub\find_breed\dog_breed_dataset\malamute\n02110063_14425.jpg,malamute
C:\Users\user\Documents\GitHub\find_breed\dog_breed_dataset\malamute\n02110063_15332.jpg,malamute
C:\Users\user\Documents\GitHub\find_breed\dog_breed_dataset\malamute\n02110063_15580.jpg,malamute
C:\Users\user\Documents\GitHub\find_breed\dog_breed_dataset\malamute\n02110063_16966.jpg,malamute
C:\Users\user\Documents\GitHub\find_breed\dog_breed_dataset\malamute\n02110063_17378.jpg,malamute
C:\Users\user\Documents\GitHub\find_breed\dog_breed_dataset\malamute\n02110063_17656.jpg,malamute
C:\Users\user\Documents\GitHub\find_breed\dog_breed_dataset\malamute\n02110063_17962.jpg,malamute
C:\Users\user\Documents\GitHub\find_breed\dog_breed_dataset\malamute\n02110063_18412.jpg,malamute
C:\Users\user\Documents\GitHub\find_breed\dog_breed_dataset\malamute\n02110063_210.jpg,malamute
C:\Users\user\Documents\GitHub\find_breed\dog_breed_dataset\malamute\n02110063_2481.jpg,malamute
C:\Users\user\Documents\GitHub\find_breed\dog_breed_dataset\malamute\n02110063_3899.jpg,malamute
C:\Users\user\Documents\GitHub\find_breed\dog_breed_dataset\malamute\n02110063_5676.jpg,malamute
C:\Users\user\Documents\GitHub\find_breed\dog_breed_dataset\malamute\n02110063_5829.jpg,malamute
C:\Users\user\Documents\GitHub\find_breed\dog_breed_dataset\malamute\n02110063_609.jpg,malamute
C:\Users\user\Documents\GitHub\find_breed\dog_breed_dataset\malamute\n02110063_6174.jpg,malamute
C:\Users\user\Documents\GitHub\find_breed\dog_breed_dataset\malamute\n02110063_6458.jpg,malamute
C:\Users\user\Documents\GitHub\find_breed\dog_breed_dataset\malamute\n02110063_7810.jpg,malamute
C:\Users\user\Documents\GitHub\find_breed\dog_breed_dataset\malamute\n02110063_8007.jpg,malamute
C:\Users\user\Documents\GitHub\find_breed\dog_breed_dataset\malamute\n02110063_8019.jpg,malamute
C:\Users\user\Documents\GitHub\find_breed\dog_breed_dataset\malamute\n02110063_8514.jpg,malamute
C:\Users\user\Documents\GitHub\find_breed\dog_breed_dataset\malamute\n02110063_9259.jpg,malamute
C:\Users\user\Documents\GitHub\find_breed\dog_breed_dataset\malamute\n02110063_97.jpg,malamute
C:\Users\user\Documents\GitHub\find_breed\dog_breed_dataset\malinois\n02105162_1366.jpg,malinois
C:\Users\user\Documents\GitHub\find_breed\dog_breed_dataset\malinois\n02105162_2168.jpg,malinois
C:\Users\user\Documents\GitHub\find_breed\dog_breed_dataset\malinois\n02105162_2873.jpg,malinois
C:\Users\user\Documents\GitHub\find_breed\dog_breed_dataset\malinois\n02105162_3925.jpg,malinois
C:\Users\user\Documents\GitHub\find_breed\dog_breed_dataset\malinois\n02105162_4200.jpg,malinois
C:\Users\user\Documents\GitHub\find_breed\dog_breed_dataset\malinois\n02105162_4426.jpg,malinois
C:\Users\user\Documents\GitHub\find_breed\dog_breed_dataset\malinois\n02105162_5370.jpg,malinois
C:\Users\user\Documents\GitHub\find_breed\dog_breed_dataset\malinois\n02105162_5489.jpg,malinois
C:\Users\user\Documents\GitHub\find_breed\dog_breed_dataset\malinois\n02105162_5706.jpg,malinois
C:\Users\user\Documents\GitHub\find_breed\dog_breed_dataset\malinois\n02105162_5888.jpg,malinois
C:\Users\user\Documents\GitHub\find_breed\dog_breed_dataset\malinois\n02105162_6314.jpg,malinois
C:\Users\user\Documents\GitHub\find_breed\dog_breed_dataset\malinois\n02105162_694.jpg,malinois
C:\Users\user\Documents\GitHub\find_breed\dog_breed_dataset\malinois\n02105162_6942.jpg,malinois
C:\Users\user\Documents\GitHub\find_breed\dog_breed_dataset\malinois\n02105162_7593.jpg,malinois
C:\Users\user\Documents\GitHub\find_breed\dog_breed_dataset\malinois\n02105162_7847.jpg,malinois
C:\Users\user\Documents\GitHub\find_breed\dog_breed_dataset\malinois\n02105162_8242.jpg,malinois
C:\Users\user\Documents\GitHub\find_breed\dog_breed_dataset\malinois\n02105162_8612.jpg,malinois
C:\Users\user\Documents\GitHub\find_breed\dog_breed_dataset\malinois\n02105162_9188.jpg,malinois
C:\Users\user\Documents\GitHub\find_breed\dog_breed_dataset\malinois\n02105162_9927.jpg,malinois
C:\Users\user\Documents\GitHub\find_breed\dog_breed_dataset\malinois\n02105162_9934.jpg,malinois
C:\Users\user\Documents\GitHub\find_breed\dog_breed_dataset\maltese_dog\n02085936_10646.jpg,maltese_dog
C:\Users\user\Documents\GitHub\find_breed\dog_breed_dataset\maltese_dog\n02085936_137.jpg,maltese_dog
C:\Users\user\Documents\GitHub\find_breed\dog_breed_dataset\maltese_dog\n02085936_2135.jpg,maltese_dog
C:\Users\user\Documents\GitHub\find_breed\dog_breed_dataset\maltese_dog\n02085936_2167.jpg,maltese_dog
C:\Users\user\Documents\GitHub\find_breed\dog_breed_dataset\maltese_dog\n02085936_2627.jpg,maltese_dog
C:\Users\user\Documents\GitHub\find_breed\dog_breed_dataset\maltese_dog\n02085936_2693.jpg,maltese_dog
C:\Users\user\Documents\GitHub\find_breed\dog_breed_dataset\maltese_dog\n02085936_2976.jpg,maltese_dog
C:\Users\user\Documents\GitHub\find_breed\dog_breed_dataset\maltese_dog\n02085936_3678.jpg,maltese_dog
C:\Users\user\Documents\GitHub\find_breed\dog_breed_dataset\maltese_dog\n02085936_4257.jpg,maltese_dog
C:\Users\user\Documents\GitHub\find_breed\dog_breed_dataset\maltese_dog\n02085936_4480.jpg,maltese_dog
C:\Users\user\Documents\GitHub\find_breed\dog_breed_dataset\maltese_dog\n02085936_4797.jpg,maltese_dog
C:\Users\user\Documents\GitHub\find_breed\dog_breed_dataset\maltese_dog\n02085936_4921.jpg,maltese_dog
C:\Users\user\Documents\GitHub\find_breed\dog_breed_dataset\maltese_dog\n02085936_4924.jpg,maltese_dog
C:\Users\user\Documents\GitHub\find_breed\dog_breed_dataset\maltese_dog\n02085936_4929.jpg,maltese_dog
C:\Users\user\Documents\GitHub\find_breed\dog_breed_dataset\maltese_dog\n02085936_5012.jpg,maltese_dog
C:\Users\user\Documents\GitHub\find_breed\dog_breed_dataset\maltese_dog\n02085936_5067.jpg,maltese_dog
C:\Users\user\Documents\GitHub\find_breed\dog_breed_dataset\maltese_dog\n02085936_5068.jpg,maltese_dog
C:\Users\user\Documents\GitHub\find_breed\dog_breed_dataset\maltese_dog\n02085936_548.jpg,maltese_dog
C:\Users\user\Documents\GitHub\find_breed\dog_breed_dataset\maltese_dog\n02085936_5582.jpg,maltese_dog
C:\Users\user\Documents\GitHub\find_breed\dog_breed_dataset\maltese_dog\n02085936_6656.jpg,maltese_dog
C:\Users\user\Documents\GitHub\find_breed\dog_breed_dataset\maltese_dog\n02085936_6921.jpg,maltese_dog
C:\Users\user\Documents\GitHub\find_breed\dog_breed_dataset\maltese_dog\n02085936_719.jpg,maltese_dog
C:\Users\user\Documents\GitHub\find_breed\dog_breed_dataset\maltese_dog\n02085936_9141.jpg,maltese_dog
C:\Users\user\Documents\GitHub\find_breed\dog_breed_dataset\maltese_dog\n02085936_9270.jpg,maltese_dog
C:\Users\user\Documents\GitHub\find_breed\dog_breed_dataset\mexican_hairless\n02113978_1006.jpg,mexican_hairless
C:\Users\user\Documents\GitHub\find_breed\dog_breed_dataset\mexican_hairless\n02113978_1034.jpg,mexican_hairless
C:\Users\user\Documents\GitHub\find_breed\dog_breed_dataset\mexican_hairless\n02113978_1088.jpg,mexican_hairless
C:\Users\user\Documents\GitHub\find_breed\dog_breed_dataset\mexican_hairless\n02113978_118.jpg,mexican_hairless
C:\Users\user\Documents\GitHub\find_breed\dog_breed_dataset\mexican_hairless\n02113978_1189.jpg,mexican_hairless
C:\Users\user\Documents\GitHub\find_breed\dog_breed_dataset\mexican_hairless\n02113978_1317.jpg,mexican_hairless
C:\Users\user\Documents\GitHub\find_breed\dog_breed_dataset\mexican_hairless\n02113978_1349.jpg,mexican_hairless
C:\Users\user\Documents\GitHub\find_breed\dog_breed_dataset\mexican_hairless\n02113978_1391.jpg,mexican_hairless
C:\Users\user\Documents\GitHub\find_breed\dog_breed_dataset\mexican_hairless\n02113978_143.jpg,mexican_hairless
C:\Users\user\Documents\GitHub\find_breed\dog_breed_dataset\mexican_hairless\n02113978_1482.jpg,mexican_hairless
C:\Users\user\Documents\GitHub\find_breed\dog_breed_dataset\mexican_hairless\n02113978_1551.jpg,mexican_hairless
C:\Users\user\Documents\GitHub\find_breed\dog_breed_dataset\mexican_hairless\n02113978_1595.jpg,mexican_hairless
C:\Users\user\Documents\GitHub\find_breed\dog_breed_dataset\mexican_hairless\n02113978_1620.jpg,mexican_hairless
C:\Users\user\Documents\GitHub\find_breed\dog_breed_dataset\mexican_hairless\n02113978_1746.jpg,mexican_hairless
C:\Users\user\Documents\GitHub\find_breed\dog_breed_dataset\mexican_hairless\n02113978_1787.jpg,mexican_hairless
C:\Users\user\Documents\GitHub\find_breed\dog_breed_dataset\mexican_hairless\n02113978_1823.jpg,mexican_hairless
C:\Users\user\Documents\GitHub\find_breed\dog_breed_dataset\mexican_hairless\n02113978_183.jpg,mexican_hairless
C:\Users\user\Documents\GitHub\find_breed\dog_breed_dataset\mexican_hairless\n02113978_1867.jpg,mexican_hairless
C:\Users\user\Documents\GitHub\find_breed\dog_breed_dataset\mexican_hairless\n02113978_1891.jpg,mexican_hairless
C:\Users\user\Documents\GitHub\find_breed\dog_breed_dataset\mexican_hairless\n02113978_1924.jpg,mexican_hairless
C:\Users\user\Documents\GitHub\find_breed\dog_breed_dataset\mexican_hairless\n02113978_1970.jpg,mexican_hairless
C:\Users\user\Documents\GitHub\find_breed\dog_breed_dataset\mexican_hairless\n02113978_1983.jpg,mexican_hairless
C:\Users\user\Documents\GitHub\find_breed\dog_breed_dataset\mexican_hairless\n02113978_1999.jpg,mexican_hairless
C:\Users\user\Documents\GitHub\find_breed\dog_breed_dataset\mexican_hairless\n02113978_2073.jpg,mexican_hairless
C:\Users\user\Documents\GitHub\find_breed\dog_breed_dataset\mexican_hairless\n02113978_2143.jpg,mexican_hairless
C:\Users\user\Documents\GitHub\find_breed\dog_breed_dataset\mexican_hairless\n02113978_216.jpg,mexican_hairless
C:\Users\user\Documents\GitHub\find_breed\dog_breed_dataset\mexican_hairless\n02113978_2261.jpg,mexican_hairless
C:\Users\user\Documents\GitHub\find_breed\dog_breed_dataset\mexican_hairless\n02113978_2276.jpg,mexican_hairless
C:\Users\user\Documents\GitHub\find_breed\dog_breed_dataset\mexican_hairless\n02113978_2286.jpg,mexican_hairless
C:\Users\user\Documents\GitHub\find_breed\dog_breed_dataset\mexican_hairless\n02113978_2306.jpg,mexican_hairless
C:\Users\user\Documents\GitHub\find_breed\dog_breed_dataset\mexican_hairless\n02113978_2425.jpg,mexican_hairless
C:\Users\user\Documents\GitHub\find_breed\dog_breed_dataset\mexican_hairless\n02113978_2441.jpg,mexican_hairless
C:\Users\user\Documents\GitHub\find_breed\dog_breed_dataset\mexican_hairless\n02113978_2446.jpg,mexican_hairless
C:\Users\user\Documents\GitHub\find_breed\dog_breed_dataset\mexican_hairless\n02113978_2606.jpg,mexican_hairless
C:\Users\user\Documents\GitHub\find_breed\dog_breed_dataset\mexican_hairless\n02113978_2707.jpg,mexican_hairless
C:\Users\user\Documents\GitHub\find_breed\dog_breed_dataset\mexican_hairless\n02113978_272.jpg,mexican_hairless
C:\Users\user\Documents\GitHub\find_breed\dog_breed_dataset\mexican_hairless\n02113978_2727.jpg,mexican_hairless
C:\Users\user\Documents\GitHub\find_breed\dog_breed_dataset\mexican_hairless\n02113978_2787.jpg,mexican_hairless
C:\Users\user\Documents\GitHub\find_breed\dog_breed_dataset\mexican_hairless\n02113978_2798.jpg,mexican_hairless
C:\Users\user\Documents\GitHub\find_breed\dog_breed_dataset\mexican_hairless\n02113978_2804.jpg,mexican_hairless
C:\Users\user\Documents\GitHub\find_breed\dog_breed_dataset\mexican_hairless\n02113978_2938.jpg,mexican_hairless
C:\Users\user\Documents\GitHub\find_breed\dog_breed_dataset\mexican_hairless\n02113978_2966.jpg,mexican_hairless
C:\Users\user\Documents\GitHub\find_breed\dog_breed_dataset\mexican_hairless\n02113978_2996.jpg,mexican_hairless
C:\Users\user\Documents\GitHub\find_breed\dog_breed_dataset\mexican_hairless\n02113978_304.jpg,mexican_hairless
C:\Users\user\Documents\GitHub\find_breed\dog_breed_dataset\mexican_hairless\n02113978_3056.jpg,mexican_hairless
C:\Users\user\Documents\GitHub\find_breed\dog_breed_dataset\mexican_hairless\n02113978_3092.jpg,mexican_hairless
C:\Users\user\Documents\GitHub\find_breed\dog_breed_dataset\mexican_hairless\n02113978_3178.jpg,mexican_hairless
C:\Users\user\Documents\GitHub\find_breed\dog_breed_dataset\mexican_hairless\n02113978_3197.jpg,mexican_hairless
C:\Users\user\Documents\GitHub\find_breed\dog_breed_dataset\mexican_hairless\n02113978_3249.jpg,mexican_hairless
C:\Users\user\Documents\GitHub\find_breed\dog_breed_dataset\mexican_hairless\n02113978_3318.jpg,mexican_hairless
C:\Users\user\Documents\GitHub\find_breed\dog_breed_dataset\mexican_hairless\n02113978_3375.jpg,mexican_hairless
C:\Users\user\Documents\GitHub\find_breed\dog_breed_dataset\mexican_hairless\n02113978_3391.jpg,mexican_hairless
C:\Users\user\Documents\GitHub\find_breed\dog_breed_dataset\mexican_hairless\n02113978_341.jpg,mexican_hairless
C:\Users\user\Documents\GitHub\find_breed\dog_breed_dataset\mexican_hairless\n02113978_3480.jpg,mexican_hairless
C:\Users\user\Documents\GitHub\find_breed\dog_breed_dataset\mexican_hairless\n02113978_3504.jpg,mexican_hairless
C:\Users\user\Documents\GitHub\find_breed\dog_breed_dataset\mexican_hairless\n02113978_3640.jpg,mexican_hairless
C:\Users\user\Documents\GitHub\find_breed\dog_breed_dataset\mexican_hairless\n02113978_3714.jpg,mexican_hairless
C:\Users\user\Documents\GitHub\find_breed\dog_breed_dataset\mexican_hairless\n02113978_3723.jpg,mexican_hairless
C:\Users\user\Documents\GitHub\find_breed\dog_breed_dataset\mexican_hairless\n02113978_3734.jpg,mexican_hairless
C:\Users\user\Documents\GitHub\find_breed\dog_breed_dataset\mexican_hairless\n02113978_3746.jpg,mexican_hairless
C:\Users\user\Documents\GitHub\find_breed\dog_breed_dataset\mexican_hairless\n02113978_3822.jpg,mexican_hairless
C:\Users\user\Documents\GitHub\find_breed\dog_breed_dataset\mexican_hairless\n02113978_3823.jpg,mexican_hairless
C:\Users\user\Documents\GitHub\find_breed\dog_breed_dataset\mexican_hairless\n02113978_386.jpg,mexican_hairless
C:\Users\user\Documents\GitHub\find_breed\dog_breed_dataset\mexican_hairless\n02113978_468.jpg,mexican_hairless
C:\Users\user\Documents\GitHub\find_breed\dog_breed_dataset\mexican_hairless\n02113978_530.jpg,mexican_hairless
C:\Users\user\Documents\GitHub\find_breed\dog_breed_dataset\mexican_hairless\n02113978_573.jpg,mexican_hairless
C:\Users\user\Documents\GitHub\find_breed\dog_breed_dataset\mexican_hairless\n02113978_605.jpg,mexican_hairless
C:\Users\user\Documents\GitHub\find_breed\dog_breed_dataset\mexican_hairless\n02113978_632.jpg,mexican_hairless
C:\Users\user\Documents\GitHub\find_breed\dog_breed_dataset\mexican_hairless\n02113978_700.jpg,mexican_hairless
C:\Users\user\Documents\GitHub\find_breed\dog_breed_dataset\mexican_hairless\n02113978_759.jpg,mexican_hairless
C:\Users\user\Documents\GitHub\find_breed\dog_breed_dataset\mexican_hairless\n02113978_773.jpg,mexican_hairless
C:\Users\user\Documents\GitHub\find_breed\dog_breed_dataset\mexican_hairless\n02113978_838.jpg,mexican_hairless
C:\Users\user\Documents\GitHub\find_breed\dog_breed_dataset\mexican_hairless\n02113978_870.jpg,mexican_hairless
C:\Users\user\Documents\GitHub\find_breed\dog_breed_dataset\mexican_hairless\n02113978_903.jpg,mexican_hairless
C:\Users\user\Documents\GitHub\find_breed\dog_breed_dataset\mexican_hairless\n02113978_961.jpg,mexican_hairless
C:\Users\user\Documents\GitHub\find_breed\dog_breed_dataset\mexican_hairless\n02113978_996.jpg,mexican_hairless
C:\Users\user\Documents\GitHub\find_breed\dog_breed_dataset\miniature_pinscher\n02107312_2893.jpg,miniature_pinscher
C:\Users\user\Documents\GitHub\find_breed\dog_breed_dataset\miniature_pinscher\n02107312_3994.jpg,miniature_pinscher
C:\Users\user\Documents\GitHub\find_breed\dog_breed_dataset\miniature_pinscher\n02107312_5599.jpg,miniature_pinscher
C:\Users\user\Documents\GitHub\find_breed\dog_breed_dataset\miniature_pinscher\n02107312_6380.jpg,miniature_pinscher
C:\Users\user\Documents\GitHub\find_breed\dog_breed_dataset\miniature_pinscher\n02107312_7338.jpg,miniature_pinscher
C:\Users\user\Documents\GitHub\find_breed\dog_breed_dataset\miniature_poodle\n02113712_1136.jpg,miniature_poodle
C:\Users\user\Documents\GitHub\find_breed\dog_breed_dataset\miniature_poodle\n02113712_1331.jpg,miniature_poodle
C:\Users\user\Documents\GitHub\find_breed\dog_breed_dataset\miniature_poodle\n02113712_1546.jpg,miniature_poodle
C:\Users\user\Documents\GitHub\find_breed\dog_breed_dataset\miniature_poodle\n02113712_1572.jpg,miniature_poodle
C:\Users\user\Documents\GitHub\find_breed\dog_breed_dataset\miniature_poodle\n02113712_160.jpg,miniature_poodle
C:\Users\user\Documents\GitHub\find_breed\dog_breed_dataset\miniature_poodle\n02113712_166.jpg,miniature_poodle
C:\Users\user\Documents\GitHub\find_breed\dog_breed_dataset\miniature_poodle\n02113712_171.jpg,miniature_poodle
C:\Users\user\Documents\GitHub\find_breed\dog_breed_dataset\miniature_poodle\n02113712_1748.jpg,miniature_poodle
C:\Users\user\Documents\GitHub\find_breed\dog_breed_dataset\miniature_poodle\n02113712_1795.jpg,miniature_poodle
C:\Users\user\Documents\GitHub\find_breed\dog_breed_dataset\miniature_poodle\n02113712_1897.jpg,miniature_poodle
C:\Users\user\Documents\GitHub\find_breed\dog_breed_dataset\miniature_poodle\n02113712_1917.jpg,miniature_poodle
C:\Users\user\Documents\GitHub\find_breed\dog_breed_dataset\miniature_poodle\n02113712_211.jpg,miniature_poodle
C:\Users\user\Documents\GitHub\find_breed\dog_breed_dataset\miniature_poodle\n02113712_2274.jpg,miniature_poodle
C:\Users\user\Documents\GitHub\find_breed\dog_breed_dataset\miniature_poodle\n02113712_2405.jpg,miniature_poodle
C:\Users\user\Documents\GitHub\find_breed\dog_breed_dataset\miniature_poodle\n02113712_243.jpg,miniature_poodle
C:\Users\user\Documents\GitHub\find_breed\dog_breed_dataset\miniature_poodle\n02113712_2451.jpg,miniature_poodle
C:\Users\user\Documents\GitHub\find_breed\dog_breed_dataset\miniature_poodle\n02113712_2552.jpg,miniature_poodle
C:\Users\user\Documents\GitHub\find_breed\dog_breed_dataset\miniature_poodle\n02113712_2585.jpg,miniature_poodle
C:\Users\user\Documents\GitHub\find_breed\dog_breed_dataset\miniature_poodle\n02113712_2718.jpg,miniature_poodle
C:\Users\user\Documents\GitHub\find_breed\dog_breed_dataset\miniature_poodle\n02113712_291.jpg,miniature_poodle
C:\Users\user\Documents\GitHub\find_breed\dog_breed_dataset\miniature_poodle\n02113712_3049.jpg,miniature_poodle
C:\Users\user\Documents\GitHub\find_breed\dog_breed_dataset\miniature_poodle\n02113712_3079.jpg,miniature_poodle
C:\Users\user\Documents\GitHub\find_breed\dog_breed_dataset\miniature_poodle\n02113712_3161.jpg,miniature_poodle
C:\Users\user\Documents\GitHub\find_breed\dog_breed_dataset\miniature_poodle\n02113712_317.jpg,miniature_poodle
C:\Users\user\Documents\GitHub\find_breed\dog_breed_dataset\miniature_poodle\n02113712_3289.jpg,miniature_poodle
C:\Users\user\Documents\GitHub\find_breed\dog_breed_dataset\miniature_poodle\n02113712_3315.jpg,miniature_poodle
C:\Users\user\Documents\GitHub\find_breed\dog_breed_dataset\miniature_poodle\n02113712_3327.jpg,miniature_poodle
C:\Users\user\Documents\GitHub\find_breed\dog_breed_dataset\miniature_poodle\n02113712_347.jpg,miniature_poodle
C:\Users\user\Documents\GitHub\find_breed\dog_breed_dataset\miniature_poodle\n02113712_352.jpg,miniature_poodle
C:\Users\user\Documents\GitHub\find_breed\dog_breed_dataset\miniature_poodle\n02113712_48.jpg,miniature_poodle
C:\Users\user\Documents\GitHub\find_breed\dog_breed_dataset\miniature_poodle\n02113712_5675.jpg,miniature_poodle
C:\Users\user\Documents\GitHub\find_breed\dog_breed_dataset\miniature_poodle\n02113712_574.jpg,miniature_poodle
C:\Users\user\Documents\GitHub\find_breed\dog_breed_dataset\miniature_poodle\n02113712_578.jpg,miniature_poodle
C:\Users\user\Documents\GitHub\find_breed\dog_breed_dataset\miniature_poodle\n02113712_579.jpg,miniature_poodle
C:\Users\user\Documents\GitHub\find_breed\dog_breed_dataset\miniature_poodle\n02113712_580.jpg,miniature_poodle
C:\Users\user\Documents\GitHub\find_breed\dog_breed_dataset\miniature_poodle\n02113712_587.jpg,miniature_poodle
C:\Users\user\Documents\GitHub\find_breed\dog_breed_dataset\miniature_poodle\n02113712_612.jpg,miniature_poodle
C:\Users\user\Documents\GitHub\find_breed\dog_breed_dataset\miniature_poodle\n02113712_628.jpg,miniature_poodle
C:\Users\user\Documents\GitHub\find_breed\dog_breed_dataset\miniature_poodle\n02113712_6697.jpg,miniature_poodle
C:\Users\user\Documents\GitHub\find_breed\dog_breed_dataset\miniature_poodle\n02113712_8008.jpg,miniature_poodle
C:\Users\user\Documents\GitHub\find_breed\dog_breed_dataset\miniature_poodle\n02113712_8487.jpg,miniature_poodle
C:\Users\user\Documents\GitHub\find_breed\dog_breed_dataset\miniature_poodle\n02113712_919.jpg,miniature_poodle
C:\Users\user\Documents\GitHub\find_breed\dog_breed_dataset\miniature_poodle\n02113712_9546.jpg,miniature_poodle
C:\Users\user\Documents\GitHub\find_breed\dog_breed_dataset\miniature_poodle\n02113712_9573.jpg,miniature_poodle
C:\Users\user\Documents\GitHub\find_breed\dog_breed_dataset\miniature_poodle\n02113712_9629.jpg,miniature_poodle
C:\Users\user\Documents\GitHub\find_breed\dog_breed_dataset\miniature_schnauzer\n02097047_1392.jpg,miniature_schnauzer
C:\Users\user\Documents\GitHub\find_breed\dog_breed_dataset\miniature_schnauzer\n02097047_1443.jpg,miniature_schnauzer
C:\Users\user\Documents\GitHub\find_breed\dog_breed_dataset\miniature_schnauzer\n02097047_1539.jpg,miniature_schnauzer
C:\Users\user\Documents\GitHub\find_breed\dog_breed_dataset\miniature_schnauzer\n02097047_1705.jpg,miniature_schnauzer
C:\Users\user\Documents\GitHub\find_breed\dog_breed_dataset\miniature_schnauzer\n02097047_1866.jpg,miniature_schnauzer
C:\Users\user\Documents\GitHub\find_breed\dog_breed_dataset\miniature_schnauzer\n02097047_2910.jpg,miniature_schnauzer
C:\Users\user\Documents\GitHub\find_breed\dog_breed_dataset\miniature_schnauzer\n02097047_4929.jpg,miniature_schnauzer
C:\Users\user\Documents\GitHub\find_breed\dog_breed_dataset\miniature_schnauzer\n02097047_5030.jpg,miniature_schnauzer
C:\Users\user\Documents\GitHub\find_breed\dog_breed_dataset\miniature_schnauzer\n02097047_5046.jpg,miniature_schnauzer
C:\Users\user\Documents\GitHub\find_breed\dog_breed_dataset\miniature_schnauzer\n02097047_5806.jpg,miniature_schnauzer
C:\Users\user\Documents\GitHub\find_breed\dog_breed_dataset\miniature_schnauzer\n02097047_6813.jpg,miniature_schnauzer
C:\Users\user\Documents\GitHub\find_breed\dog_breed_dataset\miniature_schnauzer\n02097047_951.jpg,miniature_schnauzer
C:\Users\user\Documents\GitHub\find_breed\dog_breed_dataset\newfoundland\n02111277_1018.jpg,newfoundland
C:\Users\user\Documents\GitHub\find_breed\dog_breed_dataset\newfoundland\n02111277_1023.jpg,newfoundland
C:\Users\user\Documents\GitHub\find_breed\dog_breed_dataset\newfoundland\n02111277_1040.jpg,newfoundland
C:\Users\user\Documents\GitHub\find_breed\dog_breed_dataset\newfoundland\n02111277_10573.jpg,newfoundland
C:\Users\user\Documents\GitHub\find_breed\dog_breed_dataset\newfoundland\n02111277_11433.jpg,newfoundland
C:\Users\user\Documents\GitHub\find_breed\dog_breed_dataset\newfoundland\n02111277_1177.jpg,newfoundland
C:\Users\user\Documents\GitHub\find_breed\dog_breed_dataset\newfoundland\n02111277_1179.jpg,newfoundland
C:\Users\user\Documents\GitHub\find_breed\dog_breed_dataset\newfoundland\n02111277_11806.jpg,newfoundland
C:\Users\user\Documents\GitHub\find_breed\dog_breed_dataset\newfoundland\n02111277_12623.jpg,newfoundland
C:\Users\user\Documents\GitHub\find_breed\dog_breed_dataset\newfoundland\n02111277_1288.jpg,newfoundland
C:\Users\user\Documents\GitHub\find_breed\dog_breed_dataset\newfoundland\n02111277_1295.jpg,newfoundland
C:\Users\user\Documents\GitHub\find_breed\dog_breed_dataset\newfoundland\n02111277_13435.jpg,newfoundland
C:\Users\user\Documents\GitHub\find_breed\dog_breed_dataset\newfoundland\n02111277_13670.jpg,newfoundland
C:\Users\user\Documents\GitHub\find_breed\dog_breed_dataset\newfoundland\n02111277_1372.jpg,newfoundland
C:\Users\user\Documents\GitHub\find_breed\dog_breed_dataset\newfoundland\n02111277_1394.jpg,newfoundland
C:\Users\user\Documents\GitHub\find_breed\dog_breed_dataset\newfoundland\n02111277_14601.jpg,newfoundland
C:\Users\user\Documents\GitHub\find_breed\dog_breed_dataset\newfoundland\n02111277_1540.jpg,newfoundland
C:\Users\user\Documents\GitHub\find_breed\dog_breed_dataset\newfoundland\n02111277_1628.jpg,newfoundland
C:\Users\user\Documents\GitHub\find_breed\dog_breed_dataset\newfoundland\n02111277_1696.jpg,newfoundland
C:\Users\user\Documents\GitHub\find_breed\dog_breed_dataset\newfoundland\n02111277_176.jpg,newfoundland
C:\Users\user\Documents\GitHub\find_breed\dog_breed_dataset\newfoundland\n02111277_1818.jpg,newfoundland
C:\Users\user\Documents\GitHub\find_breed\dog_breed_dataset\newfoundland\n02111277_2066.jpg,newfoundland
C:\Users\user\Documents\GitHub\find_breed\dog_breed_dataset\newfoundland\n02111277_2160.jpg,newfoundland
C:\Users\user\Documents\GitHub\find_breed\dog_breed_dataset\newfoundland\n02111277_2255.jpg,newfoundland
C:\Users\user\Documents\GitHub\find_breed\dog_breed_dataset\newfoundland\n02111277_2261.jpg,newfoundland
C:\Users\user\Documents\GitHub\find_breed\dog_breed_dataset\newfoundland\n02111277_2272.jpg,newfoundland
C:\Users\user\Documents\GitHub\find_breed\dog_breed_dataset\newfoundland\n02111277_2552.jpg,newfoundland
C:\Users\user\Documents\GitHub\find_breed\dog_breed_dataset\newfoundland\n02111277_2731.jpg,newfoundland
C:\Users\user\Documents\GitHub\find_breed\dog_breed_dataset\newfoundland\n02111277_2822.jpg,newfoundland
C:\Users\user\Documents\GitHub\find_breed\dog_breed_dataset\newfoundland\n02111277_2823.jpg,newfoundland
C:\Users\user\Documents\GitHub\find_breed\dog_breed_dataset\newfoundland\n02111277_2866.jpg,newfoundland
C:\Users\user\Documents\GitHub\find_breed\dog_breed_dataset\newfoundland\n02111277_2885.jpg,newfoundland
C:\Users\user\Documents\GitHub\find_breed\dog_breed_dataset\newfoundland\n02111277_3056.jpg,newfoundland
C:\Users\user\Documents\GitHub\find_breed\dog_breed_dataset\newfoundland\n02111277_3067.jpg,newfoundland
C:\Users\user\Documents\GitHub\find_breed\dog_breed_dataset\newfoundland\n02111277_3150.jpg,newfoundland
C:\Users\user\Documents\GitHub\find_breed\dog_breed_dataset\newfoundland\n02111277_3297.jpg,newfoundland
C:\Users\user\Documents\GitHub\find_breed\dog_breed_dataset\newfoundland\n02111277_3400.jpg,newfoundland
C:\Users\user\Documents\GitHub\find_breed\dog_breed_dataset\newfoundland\n02111277_341.jpg,newfoundland
C:\Users\user\Documents\GitHub\find_breed\dog_breed_dataset\newfoundland\n02111277_3454.jpg,newfoundland
C:\Users\user\Documents\GitHub\find_breed\dog_breed_dataset\newfoundland\n02111277_3470.jpg,newfoundland
C:\Users\user\Documents\GitHub\find_breed\dog_breed_dataset\newfoundland\n02111277_3951.jpg,newfoundland
C:\Users\user\Documents\GitHub\find_breed\dog_breed_dataset\newfoundland\n02111277_413.jpg,newfoundland
C:\Users\user\Documents\GitHub\find_breed\dog_breed_dataset\newfoundland\n02111277_4292.jpg,newfoundland
C:\Users\user\Documents\GitHub\find_breed\dog_breed_dataset\newfoundland\n02111277_4369.jpg,newfoundland
C:\Users\user\Documents\GitHub\find_breed\dog_breed_dataset\newfoundland\n02111277_4404.jpg,newfoundland
C:\Users\user\Documents\GitHub\find_breed\dog_breed_dataset\newfoundland\n02111277_470.jpg,newfoundland
C:\Users\user\Documents\GitHub\find_breed\dog_breed_dataset\newfoundland\n02111277_4710.jpg,newfoundland
C:\Users\user\Documents\GitHub\find_breed\dog_breed_dataset\newfoundland\n02111277_4869.jpg,newfoundland
C:\Users\user\Documents\GitHub\find_breed\dog_breed_dataset\newfoundland\n02111277_5094.jpg,newfoundland
C:\Users\user\Documents\GitHub\find_breed\dog_breed_dataset\newfoundland\n02111277_5145.jpg,newfoundland
C:\Users\user\Documents\GitHub\find_breed\dog_breed_dataset\newfoundland\n02111277_5649.jpg,newfoundland
C:\Users\user\Documents\GitHub\find_breed\dog_breed_dataset\newfoundland\n02111277_5765.jpg,newfoundland
C:\Users\user\Documents\GitHub\find_breed\dog_breed_dataset\newfoundland\n02111277_5789.jpg,newfoundland
C:\Users\user\Documents\GitHub\find_breed\dog_breed_dataset\newfoundland\n02111277_5898.jpg,newfoundland
C:\Users\user\Documents\GitHub\find_breed\dog_breed_dataset\newfoundland\n02111277_5928.jpg,newfoundland
C:\Users\user\Documents\GitHub\find_breed\dog_breed_dataset\newfoundland\n02111277_5932.jpg,newfoundland
C:\Users\user\Documents\GitHub\find_breed\dog_breed_dataset\newfoundland\n02111277_6017.jpg,newfoundland
C:\Users\user\Documents\GitHub\find_breed\dog_breed_dataset\newfoundland\n02111277_6063.jpg,newfoundland
C:\Users\user\Documents\GitHub\find_breed\dog_breed_dataset\newfoundland\n02111277_6211.jpg,newfoundland
C:\Users\user\Documents\GitHub\find_breed\dog_breed_dataset\newfoundland\n02111277_6337.jpg,newfoundland
C:\Users\user\Documents\GitHub\find_breed\dog_breed_dataset\newfoundland\n02111277_6402.jpg,newfoundland
C:\Users\user\Documents\GitHub\find_breed\dog_breed_dataset\newfoundland\n02111277_6410.jpg,newfoundland
C:\Users\user\Documents\GitHub\find_breed\dog_breed_dataset\newfoundland\n02111277_6483.jpg,newfoundland
C:\Users\user\Documents\GitHub\find_breed\dog_breed_dataset\newfoundland\n02111277_6662.jpg,newfoundland
C:\Users\user\Documents\GitHub\find_breed\dog_breed_dataset\newfoundland\n02111277_6838.jpg,newfoundland
C:\Users\user\Documents\GitHub\find_breed\dog_breed_dataset\newfoundland\n02111277_6885.jpg,newfoundland
C:\Users\user\Documents\GitHub\find_breed\dog_breed_dataset\newfoundland\n02111277_6954.jpg,newfoundland
C:\Users\user\Documents\GitHub\find_breed\dog_breed_dataset\newfoundland\n02111277_6971.jpg,newfoundland
C:\Users\user\Documents\GitHub\find_breed\dog_breed_dataset\newfoundland\n02111277_7010.jpg,newfoundland
C:\Users\user\Documents\GitHub\find_breed\dog_breed_dataset\newfoundland\n02111277_7088.jpg,newfoundland
C:\Users\user\Documents\GitHub\find_breed\dog_breed_dataset\newfoundland\n02111277_7130.jpg,newfoundland
C:\Users\user\Documents\GitHub\find_breed\dog_breed_dataset\newfoundland\n02111277_7285.jpg,newfoundland
C:\Users\user\Documents\GitHub\find_breed\dog_breed_dataset\newfoundland\n02111277_7395.jpg,newfoundland
C:\Users\user\Documents\GitHub\find_breed\dog_breed_dataset\newfoundland\n02111277_766.jpg,newfoundland
C:\Users\user\Documents\GitHub\find_breed\dog_breed_dataset\newfoundland\n02111277_7851.jpg,newfoundland
C:\Users\user\Documents\GitHub\find_breed\dog_breed_dataset\newfoundland\n02111277_8579.jpg,newfoundland
C:\Users\user\Documents\GitHub\find_breed\dog_breed_dataset\newfoundland\n02111277_8856.jpg,newfoundland
C:\Users\user\Documents\GitHub\find_breed\dog_breed_dataset\newfoundland\n02111277_8930.jpg,newfoundland
C:\Users\user\Documents\GitHub\find_breed\dog_breed_dataset\newfoundland\n02111277_9301.jpg,newfoundland
C:\Users\user\Documents\GitHub\find_breed\dog_breed_dataset\newfoundland\n02111277_939.jpg,newfoundland
C:\Users\user\Documents\GitHub\find_breed\dog_breed_dataset\norfolk_terrier\n02094114_1020.jpg,norfolk_terrier
C:\Users\user\Documents\GitHub\find_breed\dog_breed_dataset\norfolk_terrier\n02094114_1416.jpg,norfolk_terrier
C:\Users\user\Documents\GitHub\find_breed\dog_breed_dataset\norfolk_terrier\n02094114_1467.jpg,norfolk_terrier
C:\Users\user\Documents\GitHub\find_breed\dog_breed_dataset\norfolk_terrier\n02094114_1519.jpg,norfolk_terrier
C:\Users\user\Documents\GitHub\find_breed\dog_breed_dataset\norfolk_terrier\n02094114_1665.jpg,norfolk_terrier
C:\Users\user\Documents\GitHub\find_breed\dog_breed_dataset\norfolk_terrier\n02094114_1676.jpg,norfolk_terrier
C:\Users\user\Documents\GitHub\find_breed\dog_breed_dataset\norfolk_terrier\n02094114_1696.jpg,norfolk_terrier
C:\Users\user\Documents\GitHub\find_breed\dog_breed_dataset\norfolk_terrier\n02094114_1826.jpg,norfolk_terrier
C:\Users\user\Documents\GitHub\find_breed\dog_breed_dataset\norfolk_terrier\n02094114_1832.jpg,norfolk_terrier
C:\Users\user\Documents\GitHub\find_breed\dog_breed_dataset\norfolk_terrier\n02094114_1907.jpg,norfolk_terrier
C:\Users\user\Documents\GitHub\find_breed\dog_breed_dataset\norfolk_terrier\n02094114_2040.jpg,norfolk_terrier
C:\Users\user\Documents\GitHub\find_breed\dog_breed_dataset\norfolk_terrier\n02094114_2206.jpg,norfolk_terrier
C:\Users\user\Documents\GitHub\find_breed\dog_breed_dataset\norfolk_terrier\n02094114_2449.jpg,norfolk_terrier
C:\Users\user\Documents\GitHub\find_breed\dog_breed_dataset\norfolk_terrier\n02094114_2823.jpg,norfolk_terrier
C:\Users\user\Documents\GitHub\find_breed\dog_breed_dataset\norfolk_terrier\n02094114_2911.jpg,norfolk_terrier
C:\Users\user\Documents\GitHub\find_breed\dog_breed_dataset\norfolk_terrier\n02094114_2923.jpg,norfolk_terrier
C:\Users\user\Documents\GitHub\find_breed\dog_breed_dataset\norfolk_terrier\n02094114_3177.jpg,norfolk_terrier
C:\Users\user\Documents\GitHub\find_breed\dog_breed_dataset\norfolk_terrier\n02094114_3378.jpg,norfolk_terrier
C:\Users\user\Documents\GitHub\find_breed\dog_breed_dataset\norfolk_terrier\n02094114_3409.jpg,norfolk_terrier
C:\Users\user\Documents\GitHub\find_breed\dog_breed_dataset\norfolk_terrier\n02094114_346.jpg,norfolk_terrier
C:\Users\user\Documents\GitHub\find_breed\dog_breed_dataset\norfolk_terrier\n02094114_3477.jpg,norfolk_terrier
C:\Users\user\Documents\GitHub\find_breed\dog_breed_dataset\norfolk_terrier\n02094114_363.jpg,norfolk_terrier
C:\Users\user\Documents\GitHub\find_breed\dog_breed_dataset\norfolk_terrier\n02094114_3667.jpg,norfolk_terrier
C:\Users\user\Documents\GitHub\find_breed\dog_breed_dataset\norfolk_terrier\n02094114_3686.jpg,norfolk_terrier
C:\Users\user\Documents\GitHub\find_breed\dog_breed_dataset\norfolk_terrier\n02094114_382.jpg,norfolk_terrier
C:\Users\user\Documents\GitHub\find_breed\dog_breed_dataset\norfolk_terrier\n02094114_3864.jpg,norfolk_terrier
C:\Users\user\Documents\GitHub\find_breed\dog_breed_dataset\norfolk_terrier\n02094114_3890.jpg,norfolk_terrier
C:\Users\user\Documents\GitHub\find_breed\dog_breed_dataset\norfolk_terrier\n02094114_3935.jpg,norfolk_terrier
C:\Users\user\Documents\GitHub\find_breed\dog_breed_dataset\norfolk_terrier\n02094114_3970.jpg,norfolk_terrier
C:\Users\user\Documents\GitHub\find_breed\dog_breed_dataset\norfolk_terrier\n02094114_4127.jpg,norfolk_terrier
C:\Users\user\Documents\GitHub\find_breed\dog_breed_dataset\norfolk_terrier\n02094114_4165.jpg,norfolk_terrier
C:\Users\user\Documents\GitHub\find_breed\dog_breed_dataset\norfolk_terrier\n02094114_4332.jpg,norfolk_terrier
C:\Users\user\Documents\GitHub\find_breed\dog_breed_dataset\norfolk_terrier\n02094114_4501.jpg,norfolk_terrier
C:\Users\user\Documents\GitHub\find_breed\dog_breed_dataset\norfolk_terrier\n02094114_4611.jpg,norfolk_terrier
C:\Users\user\Documents\GitHub\find_breed\dog_breed_dataset\norfolk_terrier\n02094114_487.jpg,norfolk_terrier
C:\Users\user\Documents\GitHub\find_breed\dog_breed_dataset\norfolk_terrier\n02094114_563.jpg,norfolk_terrier
C:\Users\user\Documents\GitHub\find_breed\dog_breed_dataset\norfolk_terrier\n02094114_680.jpg,norfolk_terrier
C:\Users\user\Documents\GitHub\find_breed\dog_breed_dataset\norfolk_terrier\n02094114_754.jpg,norfolk_terrier
C:\Users\user\Documents\GitHub\find_breed\dog_breed_dataset\norfolk_terrier\n02094114_876.jpg,norfolk_terrier
C:\Users\user\Documents\GitHub\find_breed\dog_breed_dataset\norwegian_elkhound\n02091467_1144.jpg,norwegian_elkhound
C:\Users\user\Documents\GitHub\find_breed\dog_breed_dataset\norwegian_elkhound\n02091467_1315.jpg,norwegian_elkhound
C:\Users\user\Documents\GitHub\find_breed\dog_breed_dataset\norwegian_elkhound\n02091467_1330.jpg,norwegian_elkhound
C:\Users\user\Documents\GitHub\find_breed\dog_breed_dataset\norwegian_elkhound\n02091467_1634.jpg,norwegian_elkhound
C:\Users\user\Documents\GitHub\find_breed\dog_breed_dataset\norwegian_elkhound\n02091467_1643.jpg,norwegian_elkhound
C:\Users\user\Documents\GitHub\find_breed\dog_breed_dataset\norwegian_elkhound\n02091467_1961.jpg,norwegian_elkhound
C:\Users\user\Documents\GitHub\find_breed\dog_breed_dataset\norwegian_elkhound\n02091467_2094.jpg,norwegian_elkhound
C:\Users\user\Documents\GitHub\find_breed\dog_breed_dataset\norwegian_elkhound\n02091467_2179.jpg,norwegian_elkhound
C:\Users\user\Documents\GitHub\find_breed\dog_breed_dataset\norwegian_elkhound\n02091467_2936.jpg,norwegian_elkhound
C:\Users\user\Documents\GitHub\find_breed\dog_breed_dataset\norwegian_elkhound\n02091467_3071.jpg,norwegian_elkhound
C:\Users\user\Documents\GitHub\find_breed\dog_breed_dataset\norwegian_elkhound\n02091467_3131.jpg,norwegian_elkhound
C:\Users\user\Documents\GitHub\find_breed\dog_breed_dataset\norwegian_elkhound\n02091467_3285.jpg,norwegian_elkhound
C:\Users\user\Documents\GitHub\find_breed\dog_breed_dataset\norwegian_elkhound\n02091467_332.jpg,norwegian_elkhound
C:\Users\user\Documents\GitHub\find_breed\dog_breed_dataset\norwegian_elkhound\n02091467_340.jpg,norwegian_elkhound
C:\Users\user\Documents\GitHub\find_breed\dog_breed_dataset\norwegian_elkhound\n02091467_3556.jpg,norwegian_elkhound
C:\Users\user\Documents\GitHub\find_breed\dog_breed_dataset\norwegian_elkhound\n02091467_366.jpg,norwegian_elkhound
C:\Users\user\Documents\GitHub\find_breed\dog_breed_dataset\norwegian_elkhound\n02091467_3849.jpg,norwegian_elkhound
C:\Users\user\Documents\GitHub\find_breed\dog_breed_dataset\norwegian_elkhound\n02091467_4268.jpg,norwegian_elkhound
C:\Users\user\Documents\GitHub\find_breed\dog_breed_dataset\norwegian_elkhound\n02091467_4270.jpg,norwegian_elkhound
C:\Users\user\Documents\GitHub\find_breed\dog_breed_dataset\norwegian_elkhound\n02091467_4427.jpg,norwegian_elkhound
C:\Users\user\Documents\GitHub\find_breed\dog_breed_dataset\norwegian_elkhound\n02091467_4489.jpg,norwegian_elkhound
C:\Users\user\Documents\GitHub\find_breed\dog_breed_dataset\norwegian_elkhound\n02091467_4491.jpg,norwegian_elkhound
C:\Users\user\Documents\GitHub\find_breed\dog_breed_dataset\norwegian_elkhound\n02091467_4827.jpg,norwegian_elkhound
C:\Users\user\Documents\GitHub\find_breed\dog_breed_dataset\norwegian_elkhound\n02091467_4903.jpg,norwegian_elkhound
C:\Users\user\Documents\GitHub\find_breed\dog_breed_dataset\norwegian_elkhound\n02091467_4906.jpg,norwegian_elkhound
C:\Users\user\Documents\GitHub\find_breed\dog_breed_dataset\norwegian_elkhound\n02091467_5019.jpg,norwegian_elkhound
C:\Users\user\Documents\GitHub\find_breed\dog_breed_dataset\norwegian_elkhound\n02091467_5359.jpg,norwegian_elkhound
C:\Users\user\Documents\GitHub\find_breed\dog_breed_dataset\norwegian_elkhound\n02091467_5490.jpg,norwegian_elkhound
C:\Users\user\Documents\GitHub\find_breed\dog_breed_dataset\norwegian_elkhound\n02091467_5786.jpg,norwegian_elkhound
C:\Users\user\Documents\GitHub\find_breed\dog_breed_dataset\norwegian_elkhound\n02091467_6457.jpg,norwegian_elkhound
C:\Users\user\Documents\GitHub\find_breed\dog_breed_dataset\norwegian_elkhound\n02091467_6920.jpg,norwegian_elkhound
C:\Users\user\Documents\GitHub\find_breed\dog_breed_dataset\norwegian_elkhound\n02091467_7068.jpg,norwegian_elkhound
C:\Users\user\Documents\GitHub\find_breed\dog_breed_dataset\norwegian_elkhound\n02091467_7265.jpg,norwegian_elkhound
C:\Users\user\Documents\GitHub\find_breed\dog_breed_dataset\norwegian_elkhound\n02091467_73.jpg,norwegian_elkhound
C:\Users\user\Documents\GitHub\find_breed\dog_breed_dataset\norwegian_elkhound\n02091467_7432.jpg,norwegian_elkhound
C:\Users\user\Documents\GitHub\find_breed\dog_breed_dataset\norwegian_elkhound\n02091467_872.jpg,norwegian_elkhound
C:\Users\user\Documents\GitHub\find_breed\dog_breed_dataset\norwegian_elkhound\n02091467_898.jpg,norwegian_elkhound
C:\Users\user\Documents\GitHub\find_breed\dog_breed_dataset\norwich_terrier\n02094258_1132.jpg,norwich_terrier
C:\Users\user\Documents\GitHub\find_breed\dog_breed_dataset\norwich_terrier\n02094258_1150.jpg,norwich_terrier
C:\Users\user\Documents\GitHub\find_breed\dog_breed_dataset\norwich_terrier\n02094258_1156.jpg,norwich_terrier
C:\Users\user\Documents\GitHub\find_breed\dog_breed_dataset\norwich_terrier\n02094258_1368.jpg,norwich_terrier
C:\Users\user\Documents\GitHub\find_breed\dog_breed_dataset\norwich_terrier\n02094258_1408.jpg,norwich_terrier
C:\Users\user\Documents\GitHub\find_breed\dog_breed_dataset\norwich_terrier\n02094258_146.jpg,norwich_terrier
C:\Users\user\Documents\GitHub\find_breed\dog_breed_dataset\norwich_terrier\n02094258_1594.jpg,norwich_terrier
C:\Users\user\Documents\GitHub\find_breed\dog_breed_dataset\norwich_terrier\n02094258_1641.jpg,norwich_terrier
C:\Users\user\Documents\GitHub\find_breed\dog_breed_dataset\norwich_terrier\n02094258_166.jpg,norwich_terrier
C:\Users\user\Documents\GitHub\find_breed\dog_breed_dataset\norwich_terrier\n02094258_1665.jpg,norwich_terrier
C:\Users\user\Documents\GitHub\find_breed\dog_breed_dataset\norwich_terrier\n02094258_1703.jpg,norwich_terrier
C:\Users\user\Documents\GitHub\find_breed\dog_breed_dataset\norwich_terrier\n02094258_1704.jpg,norwich_terrier
C:\Users\user\Documents\GitHub\find_breed\dog_breed_dataset\norwich_terrier\n02094258_1775.jpg,norwich_terrier
C:\Users\user\Documents\GitHub\find_breed\dog_breed_dataset\norwich_terrier\n02094258_1825.jpg,norwich_terrier
C:\Users\user\Documents\GitHub\find_breed\dog_breed_dataset\norwich_terrier\n02094258_188.jpg,norwich_terrier
C:\Users\user\Documents\GitHub\find_breed\dog_breed_dataset\norwich_terrier\n02094258_1897.jpg,norwich_terrier
C:\Users\user\Documents\GitHub\find_breed\dog_breed_dataset\norwich_terrier\n02094258_2032.jpg,norwich_terrier
C:\Users\user\Documents\GitHub\find_breed\dog_breed_dataset\norwich_terrier\n02094258_2070.jpg,norwich_terrier
C:\Users\user\Documents\GitHub\find_breed\dog_breed_dataset\norwich_terrier\n02094258_221.jpg,norwich_terrier
C:\Users\user\Documents\GitHub\find_breed\dog_breed_dataset\norwich_terrier\n02094258_2475.jpg,norwich_terrier
C:\Users\user\Documents\GitHub\find_breed\dog_breed_dataset\norwich_terrier\n02094258_251.jpg,norwich_terrier
C:\Users\user\Documents\GitHub\find_breed\dog_breed_dataset\norwich_terrier\n02094258_2539.jpg,norwich_terrier
C:\Users\user\Documents\GitHub\find_breed\dog_breed_dataset\norwich_terrier\n02094258_2667.jpg,norwich_terrier
C:\Users\user\Documents\GitHub\find_breed\dog_breed_dataset\norwich_terrier\n02094258_2767.jpg,norwich_terrier
C:\Users\user\Documents\GitHub\find_breed\dog_breed_dataset\norwich_terrier\n02094258_279.jpg,norwich_terrier
C:\Users\user\Documents\GitHub\find_breed\dog_breed_dataset\norwich_terrier\n02094258_2870.jpg,norwich_terrier
C:\Users\user\Documents\GitHub\find_breed\dog_breed_dataset\norwich_terrier\n02094258_312.jpg,norwich_terrier
C:\Users\user\Documents\GitHub\find_breed\dog_breed_dataset\norwich_terrier\n02094258_322.jpg,norwich_terrier
C:\Users\user\Documents\GitHub\find_breed\dog_breed_dataset\norwich_terrier\n02094258_3253.jpg,norwich_terrier
C:\Users\user\Documents\GitHub\find_breed\dog_breed_dataset\norwich_terrier\n02094258_3298.jpg,norwich_terrier
C:\Users\user\Documents\GitHub\find_breed\dog_breed_dataset\norwich_terrier\n02094258_3435.jpg,norwich_terrier
C:\Users\user\Documents\GitHub\find_breed\dog_breed_dataset\norwich_terrier\n02094258_3610.jpg,norwich_terrier
C:\Users\user\Documents\GitHub\find_breed\dog_breed_dataset\norwich_terrier\n02094258_366.jpg,norwich_terrier
C:\Users\user\Documents\GitHub\find_breed\dog_breed_dataset\norwich_terrier\n02094258_3685.jpg,norwich_terrier
C:\Users\user\Documents\GitHub\find_breed\dog_breed_dataset\norwich_terrier\n02094258_404.jpg,norwich_terrier
C:\Users\user\Documents\GitHub\find_breed\dog_breed_dataset\norwich_terrier\n02094258_848.jpg,norwich_terrier
C:\Users\user\Documents\GitHub\find_breed\dog_breed_dataset\norwich_terrier\n02094258_880.jpg,norwich_terrier
C:\Users\user\Documents\GitHub\find_breed\dog_breed_dataset\norwich_terrier\n02094258_936.jpg,norwich_terrier
C:\Users\user\Documents\GitHub\find_breed\dog_breed_dataset\norwich_terrier\n02094258_95.jpg,norwich_terrier
C:\Users\user\Documents\GitHub\find_breed\dog_breed_dataset\norwich_terrier\n02094258_990.jpg,norwich_terrier
C:\Users\user\Documents\GitHub\find_breed\dog_breed_dataset\norwich_terrier\n02094258_992.jpg,norwich_terrier
C:\Users\user\Documents\GitHub\find_breed\dog_breed_dataset\old_english_sheepdog\n02105641_10048.jpg,old_english_sheepdog
C:\Users\user\Documents\GitHub\find_breed\dog_breed_dataset\old_english_sheepdog\n02105641_10397.jpg,old_english_sheepdog
C:\Users\user\Documents\GitHub\find_breed\dog_breed_dataset\old_english_sheepdog\n02105641_1045.jpg,old_english_sheepdog
C:\Users\user\Documents\GitHub\find_breed\dog_breed_dataset\old_english_sheepdog\n02105641_11313.jpg,old_english_sheepdog
C:\Users\user\Documents\GitHub\find_breed\dog_breed_dataset\old_english_sheepdog\n02105641_11847.jpg,old_english_sheepdog
C:\Users\user\Documents\GitHub\find_breed\dog_breed_dataset\old_english_sheepdog\n02105641_12297.jpg,old_english_sheepdog
C:\Users\user\Documents\GitHub\find_breed\dog_breed_dataset\old_english_sheepdog\n02105641_1362.jpg,old_english_sheepdog
C:\Users\user\Documents\GitHub\find_breed\dog_breed_dataset\old_english_sheepdog\n02105641_13807.jpg,old_english_sheepdog
C:\Users\user\Documents\GitHub\find_breed\dog_breed_dataset\old_english_sheepdog\n02105641_13952.jpg,old_english_sheepdog
C:\Users\user\Documents\GitHub\find_breed\dog_breed_dataset\old_english_sheepdog\n02105641_1647.jpg,old_english_sheepdog
C:\Users\user\Documents\GitHub\find_breed\dog_breed_dataset\old_english_sheepdog\n02105641_3602.jpg,old_english_sheepdog
C:\Users\user\Documents\GitHub\find_breed\dog_breed_dataset\old_english_sheepdog\n02105641_3723.jpg,old_english_sheepdog
C:\Users\user\Documents\GitHub\find_breed\dog_breed_dataset\old_english_sheepdog\n02105641_4733.jpg,old_english_sheepdog
C:\Users\user\Documents\GitHub\find_breed\dog_breed_dataset\old_english_sheepdog\n02105641_5341.jpg,old_english_sheepdog
C:\Users\user\Documents\GitHub\find_breed\dog_breed_dataset\old_english_sheepdog\n02105641_5776.jpg,old_english_sheepdog
C:\Users\user\Documents\GitHub\find_breed\dog_breed_dataset\old_english_sheepdog\n02105641_5998.jpg,old_english_sheepdog
C:\Users\user\Documents\GitHub\find_breed\dog_breed_dataset\old_english_sheepdog\n02105641_6142.jpg,old_english_sheepdog
C:\Users\user\Documents\GitHub\find_breed\dog_breed_dataset\old_english_sheepdog\n02105641_6261.jpg,old_english_sheepdog
C:\Users\user\Documents\GitHub\find_breed\dog_breed_dataset\old_english_sheepdog\n02105641_6272.jpg,old_english_sheepdog
C:\Users\user\Documents\GitHub\find_breed\dog_breed_dataset\old_english_sheepdog\n02105641_6534.jpg,old_english_sheepdog
C:\Users\user\Documents\GitHub\find_breed\dog_breed_dataset\old_english_sheepdog\n02105641_6875.jpg,old_english_sheepdog
C:\Users\user\Documents\GitHub\find_breed\dog_breed_dataset\old_english_sheepdog\n02105641_7030.jpg,old_english_sheepdog
C:\Users\user\Documents\GitHub\find_breed\dog_breed_dataset\old_english_sheepdog\n02105641_727.jpg,old_english_sheepdog
C:\Users\user\Documents\GitHub\find_breed\dog_breed_dataset\old_english_sheepdog\n02105641_7902.jpg,old_english_sheepdog
C:\Users\user\Documents\GitHub\find_breed\dog_breed_dataset\old_english_sheepdog\n02105641_8046.jpg,old_english_sheepdog
C:\Users\user\Documents\GitHub\find_breed\dog_breed_dataset\old_english_sheepdog\n02105641_8720.jpg,old_english_sheepdog
C:\Users\user\Documents\GitHub\find_breed\dog_breed_dataset\old_english_sheepdog\n02105641_8760.jpg,old_english_sheepdog
C:\Users\user\Documents\GitHub\find_breed\dog_breed_dataset\old_english_sheepdog\n02105641_9017.jpg,old_english_sheepdog
C:\Users\user\Documents\GitHub\find_breed\dog_breed_dataset\otterhound\n02091635_1043.jpg,otterhound
C:\Users\user\Documents\GitHub\find_breed\dog_breed_dataset\otterhound\n02091635_1147.jpg,otterhound
C:\Users\user\Documents\GitHub\find_breed\dog_breed_dataset\otterhound\n02091635_1177.jpg,otterhound
C:\Users\user\Documents\GitHub\find_breed\dog_breed_dataset\otterhound\n02091635_1266.jpg,otterhound
C:\Users\user\Documents\GitHub\find_breed\dog_breed_dataset\otterhound\n02091635_1311.jpg,otterhound
C:\Users\user\Documents\GitHub\find_breed\dog_breed_dataset\otterhound\n02091635_1319.jpg,otterhound
C:\Users\user\Documents\GitHub\find_breed\dog_breed_dataset\otterhound\n02091635_1333.jpg,otterhound
C:\Users\user\Documents\GitHub\find_breed\dog_breed_dataset\otterhound\n02091635_1337.jpg,otterhound
C:\Users\user\Documents\GitHub\find_breed\dog_breed_dataset\otterhound\n02091635_134.jpg,otterhound
C:\Users\user\Documents\GitHub\find_breed\dog_breed_dataset\otterhound\n02091635_1367.jpg,otterhound
C:\Users\user\Documents\GitHub\find_breed\dog_breed_dataset\otterhound\n02091635_1408.jpg,otterhound
C:\Users\user\Documents\GitHub\find_breed\dog_breed_dataset\otterhound\n02091635_1621.jpg,otterhound
C:\Users\user\Documents\GitHub\find_breed\dog_breed_dataset\otterhound\n02091635_1664.jpg,otterhound
C:\Users\user\Documents\GitHub\find_breed\dog_breed_dataset\otterhound\n02091635_1706.jpg,otterhound
C:\Users\user\Documents\GitHub\find_breed\dog_breed_dataset\otterhound\n02091635_1726.jpg,otterhound
C:\Users\user\Documents\GitHub\find_breed\dog_breed_dataset\otterhound\n02091635_1808.jpg,otterhound
C:\Users\user\Documents\GitHub\find_breed\dog_breed_dataset\otterhound\n02091635_192.jpg,otterhound
C:\Users\user\Documents\GitHub\find_breed\dog_breed_dataset\otterhound\n02091635_2014.jpg,otterhound
C:\Users\user\Documents\GitHub\find_breed\dog_breed_dataset\otterhound\n02091635_2018.jpg,otterhound
C:\Users\user\Documents\GitHub\find_breed\dog_breed_dataset\otterhound\n02091635_2084.jpg,otterhound
C:\Users\user\Documents\GitHub\find_breed\dog_breed_dataset\otterhound\n02091635_2089.jpg,otterhound
C:\Users\user\Documents\GitHub\find_breed\dog_breed_dataset\otterhound\n02091635_2112.jpg,otterhound
C:\Users\user\Documents\GitHub\find_breed\dog_breed_dataset\otterhound\n02091635_215.jpg,otterhound
C:\Users\user\Documents\GitHub\find_breed\dog_breed_dataset\otterhound\n02091635_2277.jpg,otterhound
C:\Users\user\Documents\GitHub\find_breed\dog_breed_dataset\otterhound\n02091635_2377.jpg,otterhound
C:\Users\user\Documents\GitHub\find_breed\dog_breed_dataset\otterhound\n02091635_2584.jpg,otterhound
C:\Users\user\Documents\GitHub\find_breed\dog_breed_dataset\otterhound\n02091635_2594.jpg,otterhound
C:\Users\user\Documents\GitHub\find_breed\dog_breed_dataset\otterhound\n02091635_2603.jpg,otterhound
C:\Users\user\Documents\GitHub\find_breed\dog_breed_dataset\otterhound\n02091635_2725.jpg,otterhound
C:\Users\user\Documents\GitHub\find_breed\dog_breed_dataset\otterhound\n02091635_2766.jpg,otterhound
C:\Users\user\Documents\GitHub\find_breed\dog_breed_dataset\otterhound\n02091635_2958.jpg,otterhound
C:\Users\user\Documents\GitHub\find_breed\dog_breed_dataset\otterhound\n02091635_3048.jpg,otterhound
C:\Users\user\Documents\GitHub\find_breed\dog_breed_dataset\otterhound\n02091635_3199.jpg,otterhound
C:\Users\user\Documents\GitHub\find_breed\dog_breed_dataset\otterhound\n02091635_3466.jpg,otterhound
C:\Users\user\Documents\GitHub\find_breed\dog_breed_dataset\otterhound\n02091635_3521.jpg,otterhound
C:\Users\user\Documents\GitHub\find_breed\dog_breed_dataset\otterhound\n02091635_3552.jpg,otterhound
C:\Users\user\Documents\GitHub\find_breed\dog_breed_dataset\otterhound\n02091635_3615.jpg,otterhound
C:\Users\user\Documents\GitHub\find_breed\dog_breed_dataset\otterhound\n02091635_3661.jpg,otterhound
C:\Users\user\Documents\GitHub\find_breed\dog_breed_dataset\otterhound\n02091635_3900.jpg,otterhound
C:\Users\user\Documents\GitHub\find_breed\dog_breed_dataset\otterhound\n02091635_3916.jpg,otterhound
C:\Users\user\Documents\GitHub\find_breed\dog_breed_dataset\otterhound\n02091635_4003.jpg,otterhound
C:\Users\user\Documents\GitHub\find_breed\dog_breed_dataset\otterhound\n02091635_4068.jpg,otterhound
C:\Users\user\Documents\GitHub\find_breed\dog_breed_dataset\otterhound\n02091635_4174.jpg,otterhound
C:\Users\user\Documents\GitHub\find_breed\dog_breed_dataset\otterhound\n02091635_426.jpg,otterhound
C:\Users\user\Documents\GitHub\find_breed\dog_breed_dataset\otterhound\n02091635_4325.jpg,otterhound
C:\Users\user\Documents\GitHub\find_breed\dog_breed_dataset\otterhound\n02091635_4330.jpg,otterhound
C:\Users\user\Documents\GitHub\find_breed\dog_breed_dataset\otterhound\n02091635_4368.jpg,otterhound
C:\Users\user\Documents\GitHub\find_breed\dog_breed_dataset\otterhound\n02091635_4377.jpg,otterhound
C:\Users\user\Documents\GitHub\find_breed\dog_breed_dataset\otterhound\n02091635_4626.jpg,otterhound
C:\Users\user\Documents\GitHub\find_breed\dog_breed_dataset\otterhound\n02091635_4697.jpg,otterhound
C:\Users\user\Documents\GitHub\find_breed\dog_breed_dataset\otterhound\n02091635_4698.jpg,otterhound
C:\Users\user\Documents\GitHub\find_breed\dog_breed_dataset\otterhound\n02091635_4705.jpg,otterhound
C:\Users\user\Documents\GitHub\find_breed\dog_breed_dataset\otterhound\n02091635_4718.jpg,otterhound
C:\Users\user\Documents\GitHub\find_breed\dog_breed_dataset\otterhound\n02091635_523.jpg,otterhound
C:\Users\user\Documents\GitHub\find_breed\dog_breed_dataset\otterhound\n02091635_542.jpg,otterhound
C:\Users\user\Documents\GitHub\find_breed\dog_breed_dataset\otterhound\n02091635_6.jpg,otterhound
C:\Users\user\Documents\GitHub\find_breed\dog_breed_dataset\otterhound\n02091635_699.jpg,otterhound
C:\Users\user\Documents\GitHub\find_breed\dog_breed_dataset\otterhound\n02091635_831.jpg,otterhound
C:\Users\user\Documents\GitHub\find_breed\dog_breed_dataset\otterhound\n02091635_923.jpg,otterhound
C:\Users\user\Documents\GitHub\find_breed\dog_breed_dataset\otterhound\n02091635_965.jpg,otterhound
C:\Users\user\Documents\GitHub\find_breed\dog_breed_dataset\papillon\n02086910_1492.jpg,papillon
C:\Users\user\Documents\GitHub\find_breed\dog_breed_dataset\papillon\n02086910_1826.jpg,papillon
C:\Users\user\Documents\GitHub\find_breed\dog_breed_dataset\papillon\n02086910_1921.jpg,papillon
C:\Users\user\Documents\GitHub\find_breed\dog_breed_dataset\papillon\n02086910_1933.jpg,papillon
C:\Users\user\Documents\GitHub\find_breed\dog_breed_dataset\papillon\n02086910_2035.jpg,papillon
C:\Users\user\Documents\GitHub\find_breed\dog_breed_dataset\papillon\n02086910_2084.jpg,papillon
C:\Users\user\Documents\GitHub\find_breed\dog_breed_dataset\papillon\n02086910_2168.jpg,papillon
C:\Users\user\Documents\GitHub\find_breed\dog_breed_dataset\papillon\n02086910_2399.jpg,papillon
C:\Users\user\Documents\GitHub\find_breed\dog_breed_dataset\papillon\n02086910_2454.jpg,papillon
C:\Users\user\Documents\GitHub\find_breed\dog_breed_dataset\papillon\n02086910_2550.jpg,papillon
C:\Users\user\Documents\GitHub\find_breed\dog_breed_dataset\papillon\n02086910_2900.jpg,papillon
C:\Users\user\Documents\GitHub\find_breed\dog_breed_dataset\papillon\n02086910_2994.jpg,papillon
C:\Users\user\Documents\GitHub\find_breed\dog_breed_dataset\papillon\n02086910_4607.jpg,papillon
C:\Users\user\Documents\GitHub\find_breed\dog_breed_dataset\papillon\n02086910_4790.jpg,papillon
C:\Users\user\Documents\GitHub\find_breed\dog_breed_dataset\papillon\n02086910_5023.jpg,papillon
C:\Users\user\Documents\GitHub\find_breed\dog_breed_dataset\papillon\n02086910_6087.jpg,papillon
C:\Users\user\Documents\GitHub\find_breed\dog_breed_dataset\papillon\n02086910_6293.jpg,papillon
C:\Users\user\Documents\GitHub\find_breed\dog_breed_dataset\papillon\n02086910_6317.jpg,papillon
C:\Users\user\Documents\GitHub\find_breed\dog_breed_dataset\papillon\n02086910_6682.jpg,papillon
C:\Users\user\Documents\GitHub\find_breed\dog_breed_dataset\papillon\n02086910_6882.jpg,papillon
C:\Users\user\Documents\GitHub\find_breed\dog_breed_dataset\papillon\n02086910_7426.jpg,papillon
C:\Users\user\Documents\GitHub\find_breed\dog_breed_dataset\papillon\n02086910_7842.jpg,papillon
C:\Users\user\Documents\GitHub\find_breed\dog_breed_dataset\papillon\n02086910_7868.jpg,papillon
C:\Users\user\Documents\GitHub\find_breed\dog_breed_dataset\papillon\n02086910_7999.jpg,papillon
C:\Users\user\Documents\GitHub\find_breed\dog_breed_dataset\papillon\n02086910_8120.jpg,papillon
C:\Users\user\Documents\GitHub\find_breed\dog_breed_dataset\papillon\n02086910_8613.jpg,papillon
C:\Users\user\Documents\GitHub\find_breed\dog_breed_dataset\papillon\n02086910_9128.jpg,papillon
C:\Users\user\Documents\GitHub\find_breed\dog_breed_dataset\papillon\n02086910_9710.jpg,papillon
C:\Users\user\Documents\GitHub\find_breed\dog_breed_dataset\pekinese\n02086079_10059.jpg,pekinese
C:\Users\user\Documents\GitHub\find_breed\dog_breed_dataset\pekinese\n02086079_10159.jpg,pekinese
C:\Users\user\Documents\GitHub\find_breed\dog_breed_dataset\pekinese\n02086079_10603.jpg,pekinese
C:\Users\user\Documents\GitHub\find_breed\dog_breed_dataset\pekinese\n02086079_10615.jpg,pekinese
C:\Users\user\Documents\GitHub\find_breed\dog_breed_dataset\pekinese\n02086079_10721.jpg,pekinese
C:\Users\user\Documents\GitHub\find_breed\dog_breed_dataset\pekinese\n02086079_10932.jpg,pekinese
C:\Users\user\Documents\GitHub\find_breed\dog_breed_dataset\pekinese\n02086079_13647.jpg,pekinese
C:\Users\user\Documents\GitHub\find_breed\dog_breed_dataset\pekinese\n02086079_186.jpg,pekinese
C:\Users\user\Documents\GitHub\find_breed\dog_breed_dataset\pekinese\n02086079_207.jpg,pekinese
C:\Users\user\Documents\GitHub\find_breed\dog_breed_dataset\pekinese\n02086079_22136.jpg,pekinese
C:\Users\user\Documents\GitHub\find_breed\dog_breed_dataset\pekinese\n02086079_2287.jpg,pekinese
C:\Users\user\Documents\GitHub\find_breed\dog_breed_dataset\pekinese\n02086079_2935.jpg,pekinese
C:\Users\user\Documents\GitHub\find_breed\dog_breed_dataset\pekinese\n02086079_3149.jpg,pekinese
C:\Users\user\Documents\GitHub\find_breed\dog_breed_dataset\pekinese\n02086079_356.jpg,pekinese
C:\Users\user\Documents\GitHub\find_breed\dog_breed_dataset\pekinese\n02086079_5125.jpg,pekinese
C:\Users\user\Documents\GitHub\find_breed\dog_breed_dataset\pekinese\n02086079_5522.jpg,pekinese
C:\Users\user\Documents\GitHub\find_breed\dog_breed_dataset\pekinese\n02086079_7769.jpg,pekinese
C:\Users\user\Documents\GitHub\find_breed\dog_breed_dataset\pekinese\n02086079_8074.jpg,pekinese
C:\Users\user\Documents\GitHub\find_breed\dog_breed_dataset\pekinese\n02086079_8204.jpg,pekinese
C:\Users\user\Documents\GitHub\find_breed\dog_breed_dataset\pekinese\n02086079_8229.jpg,pekinese
C:\Users\user\Documents\GitHub\find_breed\dog_breed_dataset\pomeranian\n02112018_10309.jpg,pomeranian
C:\Users\user\Documents\GitHub\find_breed\dog_breed_dataset\pomeranian\n02112018_11557.jpg,pomeranian
C:\Users\user\Documents\GitHub\find_breed\dog_breed_dataset\pomeranian\n02112018_12750.jpg,pomeranian
C:\Users\user\Documents\GitHub\find_breed\dog_breed_dataset\pomeranian\n02112018_1348.jpg,pomeranian
C:\Users\user\Documents\GitHub\find_breed\dog_breed_dataset\pomeranian\n02112018_1816.jpg,pomeranian
C:\Users\user\Documents\GitHub\find_breed\dog_breed_dataset\pomeranian\n02112018_1954.jpg,pomeranian
C:\Users\user\Documents\GitHub\find_breed\dog_breed_dataset\pomeranian\n02112018_2255.jpg,pomeranian
C:\Users\user\Documents\GitHub\find_breed\dog_breed_dataset\pomeranian\n02112018_2380.jpg,pomeranian
C:\Users\user\Documents\GitHub\find_breed\dog_breed_dataset\pomeranian\n02112018_2711.jpg,pomeranian
C:\Users\user\Documents\GitHub\find_breed\dog_breed_dataset\pomeranian\n02112018_2790.jpg,pomeranian
C:\Users\user\Documents\GitHub\find_breed\dog_breed_dataset\pomeranian\n02112018_2811.jpg,pomeranian
C:\Users\user\Documents\GitHub\find_breed\dog_breed_dataset\pomeranian\n02112018_2896.jpg,pomeranian
C:\Users\user\Documents\GitHub\find_breed\dog_breed_dataset\pomeranian\n02112018_3090.jpg,pomeranian
C:\Users\user\Documents\GitHub\find_breed\dog_breed_dataset\pomeranian\n02112018_3133.jpg,pomeranian
C:\Users\user\Documents\GitHub\find_breed\dog_breed_dataset\pomeranian\n02112018_354.jpg,pomeranian
C:\Users\user\Documents\GitHub\find_breed\dog_breed_dataset\pomeranian\n02112018_3737.jpg,pomeranian
C:\Users\user\Documents\GitHub\find_breed\dog_breed_dataset\pomeranian\n02112018_4148.jpg,pomeranian
C:\Users\user\Documents\GitHub\find_breed\dog_breed_dataset\pomeranian\n02112018_4243.jpg,pomeranian
C:\Users\user\Documents\GitHub\find_breed\dog_breed_dataset\pomeranian\n02112018_4373.jpg,pomeranian
C:\Users\user\Documents\GitHub\find_breed\dog_breed_dataset\pomeranian\n02112018_4456.jpg,pomeranian
C:\Users\user\Documents\GitHub\find_breed\dog_breed_dataset\pomeranian\n02112018_4813.jpg,pomeranian
C:\Users\user\Documents\GitHub\find_breed\dog_breed_dataset\pomeranian\n02112018_4928.jpg,pomeranian
C:\Users\user\Documents\GitHub\find_breed\dog_breed_dataset\pomeranian\n02112018_4936.jpg,pomeranian
C:\Users\user\Documents\GitHub\find_breed\dog_breed_dataset\pomeranian\n02112018_494.jpg,pomeranian
C:\Users\user\Documents\GitHub\find_breed\dog_breed_dataset\pomeranian\n02112018_4958.jpg,pomeranian
C:\Users\user\Documents\GitHub\find_breed\dog_breed_dataset\pomeranian\n02112018_5208.jpg,pomeranian
C:\Users\user\Documents\GitHub\find_breed\dog_breed_dataset\pomeranian\n02112018_5329.jpg,pomeranian
C:\Users\user\Documents\GitHub\find_breed\dog_breed_dataset\pomeranian\n02112018_5349.jpg,pomeranian
C:\Users\user\Documents\GitHub\find_breed\dog_breed_dataset\pomeranian\n02112018_5515.jpg,pomeranian
C:\Users\user\Documents\GitHub\find_breed\dog_breed_dataset\pomeranian\n02112018_5554.jpg,pomeranian
C:\Users\user\Documents\GitHub\find_breed\dog_breed_dataset\pomeranian\n02112018_6182.jpg,pomeranian
C:\Users\user\Documents\GitHub\find_breed\dog_breed_dataset\pomeranian\n02112018_6208.jpg,pomeranian
C:\Users\user\Documents\GitHub\find_breed\dog_breed_dataset\pomeranian\n02112018_7127.jpg,pomeranian
C:\Users\user\Documents\GitHub\find_breed\dog_breed_dataset\pomeranian\n02112018_8246.jpg,pomeranian
C:\Users\user\Documents\GitHub\find_breed\dog_breed_dataset\pomeranian\n02112018_869.jpg,pomeranian
C:\Users\user\Documents\GitHub\find_breed\dog_breed_dataset\pomeranian\n02112018_9926.jpg,pomeranian
C:\Users\user\Documents\GitHub\find_breed\dog_breed_dataset\pug\n02110958_11359.jpg,pug
C:\Users\user\Documents\GitHub\find_breed\dog_breed_dataset\pug\n02110958_11977.jpg,pug
C:\Users\user\Documents\GitHub\find_breed\dog_breed_dataset\pug\n02110958_12611.jpg,pug
C:\Users\user\Documents\GitHub\find_breed\dog_breed_dataset\pug\n02110958_12808.jpg,pug
C:\Users\user\Documents\GitHub\find_breed\dog_breed_dataset\pug\n02110958_13051.jpg,pug
C:\Users\user\Documents\GitHub\find_breed\dog_breed_dataset\pug\n02110958_14142.jpg,pug
C:\Users\user\Documents\GitHub\find_breed\dog_breed_dataset\pug\n02110958_15014.jpg,pug
C:\Users\user\Documents\GitHub\find_breed\dog_breed_dataset\pug\n02110958_15734.jpg,pug
C:\Users\user\Documents\GitHub\find_breed\dog_breed_dataset\pug\n02110958_16334.jpg,pug
C:\Users\user\Documents\GitHub\find_breed\dog_breed_dataset\pug\n02110958_2144.jpg,pug
C:\Users\user\Documents\GitHub\find_breed\dog_breed_dataset\pug\n02110958_7027.jpg,pug
C:\Users\user\Documents\GitHub\find_breed\dog_breed_dataset\pug\n02110958_8627.jpg,pug
C:\Users\user\Documents\GitHub\find_breed\dog_breed_dataset\pug\pug100.jpg,pug
C:\Users\user\Documents\GitHub\find_breed\dog_breed_dataset\pug\pug11.jpg,pug
C:\Users\user\Documents\GitHub\find_breed\dog_breed_dataset\pug\pug27.jpg,pug
C:\Users\user\Documents\GitHub\find_breed\dog_breed_dataset\pug\pug35.jpg,pug
C:\Users\user\Documents\GitHub\find_breed\dog_breed_dataset\pug\pug41.jpg,pug
C:\Users\user\Documents\GitHub\find_breed\dog_breed_dataset\pug\pug96.jpg,pug
C:\Users\user\Documents\GitHub\find_breed\dog_breed_dataset\redbone\n02090379_1102.jpg,redbone
C:\Users\user\Documents\GitHub\find_breed\dog_breed_dataset\redbone\n02090379_1292.jpg,redbone
C:\Users\user\Documents\GitHub\find_breed\dog_breed_dataset\redbone\n02090379_1698.jpg,redbone
C:\Users\user\Documents\GitHub\find_breed\dog_breed_dataset\redbone\n02090379_2114.jpg,redbone
C:\Users\user\Documents\GitHub\find_breed\dog_breed_dataset\redbone\n02090379_3372.jpg,redbone
C:\Users\user\Documents\GitHub\find_breed\dog_breed_dataset\redbone\n02090379_3768.jpg,redbone
C:\Users\user\Documents\GitHub\find_breed\dog_breed_dataset\redbone\n02090379_3881.jpg,redbone
C:\Users\user\Documents\GitHub\find_breed\dog_breed_dataset\redbone\n02090379_3996.jpg,redbone
C:\Users\user\Documents\GitHub\find_breed\dog_breed_dataset\redbone\n02090379_4402.jpg,redbone
C:\Users\user\Documents\GitHub\find_breed\dog_breed_dataset\redbone\n02090379_4632.jpg,redbone
C:\Users\user\Documents\GitHub\find_breed\dog_breed_dataset\redbone\n02090379_4665.jpg,redbone
C:\Users\user\Documents\GitHub\find_breed\dog_breed_dataset\redbone\n02090379_4718.jpg,redbone
C:\Users\user\Documents\GitHub\find_breed\dog_breed_dataset\redbone\n02090379_4973.jpg,redbone
C:\Users\user\Documents\GitHub\find_breed\dog_breed_dataset\redbone\n02090379_5005.jpg,redbone
C:\Users\user\Documents\GitHub\find_breed\dog_breed_dataset\redbone\n02090379_5414.jpg,redbone
C:\Users\user\Documents\GitHub\find_breed\dog_breed_dataset\redbone\n02090379_832.jpg,redbone
C:\Users\user\Documents\GitHub\find_breed\dog_breed_dataset\rhodesian_ridgeback\n02087394_10591.jpg,rhodesian_ridgeback
C:\Users\user\Documents\GitHub\find_breed\dog_breed_dataset\rhodesian_ridgeback\n02087394_11139.jpg,rhodesian_ridgeback
C:\Users\user\Documents\GitHub\find_breed\dog_breed_dataset\rhodesian_ridgeback\n02087394_11710.jpg,rhodesian_ridgeback
C:\Users\user\Documents\GitHub\find_breed\dog_breed_dataset\rhodesian_ridgeback\n02087394_1963.jpg,rhodesian_ridgeback
C:\Users\user\Documents\GitHub\find_breed\dog_breed_dataset\rhodesian_ridgeback\n02087394_2990.jpg,rhodesian_ridgeback
C:\Users\user\Documents\GitHub\find_breed\dog_breed_dataset\rhodesian_ridgeback\n02087394_3159.jpg,rhodesian_ridgeback
C:\Users\user\Documents\GitHub\find_breed\dog_breed_dataset\rhodesian_ridgeback\n02087394_3795.jpg,rhodesian_ridgeback
C:\Users\user\Documents\GitHub\find_breed\dog_breed_dataset\rhodesian_ridgeback\n02087394_4761.jpg,rhodesian_ridgeback
C:\Users\user\Documents\GitHub\find_breed\dog_breed_dataset\rhodesian_ridgeback\n02087394_5044.jpg,rhodesian_ridgeback
C:\Users\user\Documents\GitHub\find_breed\dog_breed_dataset\rhodesian_ridgeback\n02087394_6050.jpg,rhodesian_ridgeback
C:\Users\user\Documents\GitHub\find_breed\dog_breed_dataset\rhodesian_ridgeback\n02087394_7418.jpg,rhodesian_ridgeback
C:\Users\user\Documents\GitHub\find_breed\dog_breed_dataset\rhodesian_ridgeback\n02087394_7507.jpg,rhodesian_ridgeback
C:\Users\user\Documents\GitHub\find_breed\dog_breed_dataset\rhodesian_ridgeback\n02087394_7719.jpg,rhodesian_ridgeback
C:\Users\user\Documents\GitHub\find_breed\dog_breed_dataset\rhodesian_ridgeback\n02087394_7771.jpg,rhodesian_ridgeback
C:\Users\user\Documents\GitHub\find_breed\dog_breed_dataset\rhodesian_ridgeback\n02087394_8339.jpg,rhodesian_ridgeback
C:\Users\user\Documents\GitHub\find_breed\dog_breed_dataset\rhodesian_ridgeback\n02087394_889.jpg,rhodesian_ridgeback
C:\Users\user\Documents\GitHub\find_breed\dog_breed_dataset\rhodesian_ridgeback\n02087394_8935.jpg,rhodesian_ridgeback
C:\Users\user\Documents\GitHub\find_breed\dog_breed_dataset\rhodesian_ridgeback\n02087394_9678.jpg,rhodesian_ridgeback
C:\Users\user\Documents\GitHub\find_breed\dog_breed_dataset\rhodesian_ridgeback\n02087394_9686.jpg,rhodesian_ridgeback
C:\Users\user\Documents\GitHub\find_breed\dog_breed_dataset\rhodesian_ridgeback\n02087394_9695.jpg,rhodesian_ridgeback
C:\Users\user\Documents\GitHub\find_breed\dog_breed_dataset\rottweiler\n02106550_10048.jpg,rottweiler
C:\Users\user\Documents\GitHub\find_breed\dog_breed_dataset\rottweiler\n02106550_12438.jpg,rottweiler
C:\Users\user\Documents\GitHub\find_breed\dog_breed_dataset\rottweiler\n02106550_1260.jpg,rottweiler
C:\Users\user\Documents\GitHub\find_breed\dog_breed_dataset\rottweiler\n02106550_1889.jpg,rottweiler
C:\Users\user\Documents\GitHub\find_breed\dog_breed_dataset\rottweiler\n02106550_3930.jpg,rottweiler
C:\Users\user\Documents\GitHub\find_breed\dog_breed_dataset\rottweiler\n02106550_4129.jpg,rottweiler
C:\Users\user\Documents\GitHub\find_breed\dog_breed_dataset\rottweiler\n02106550_4785.jpg,rottweiler
C:\Users\user\Documents\GitHub\find_breed\dog_breed_dataset\rottweiler\n02106550_9508.jpg,rottweiler
C:\Users\user\Documents\GitHub\find_breed\dog_breed_dataset\saint_bernard\n02109525_11732.jpg,saint_bernard
C:\Users\user\Documents\GitHub\find_breed\dog_breed_dataset\saint_bernard\n02109525_12041.jpg,saint_bernard
C:\Users\user\Documents\GitHub\find_breed\dog_breed_dataset\saint_bernard\n02109525_14249.jpg,saint_bernard
C:\Users\user\Documents\GitHub\find_breed\dog_breed_dataset\saint_bernard\n02109525_3506.jpg,saint_bernard
C:\Users\user\Documents\GitHub\find_breed\dog_breed_dataset\saint_bernard\n02109525_8704.jpg,saint_bernard
C:\Users\user\Documents\GitHub\find_breed\dog_breed_dataset\saluki\n02091831_1036.jpg,saluki
C:\Users\user\Documents\GitHub\find_breed\dog_breed_dataset\saluki\n02091831_10576.jpg,saluki
C:\Users\user\Documents\GitHub\find_breed\dog_breed_dataset\saluki\n02091831_10822.jpg,saluki
C:\Users\user\Documents\GitHub\find_breed\dog_breed_dataset\saluki\n02091831_1118.jpg,saluki
C:\Users\user\Documents\GitHub\find_breed\dog_breed_dataset\saluki\n02091831_11224.jpg,saluki
C:\Users\user\Documents\GitHub\find_breed\dog_breed_dataset\saluki\n02091831_151.jpg,saluki
C:\Users\user\Documents\GitHub\find_breed\dog_breed_dataset\saluki\n02091831_1563.jpg,saluki
C:\Users\user\Documents\GitHub\find_breed\dog_breed_dataset\saluki\n02091831_1801.jpg,saluki
C:\Users\user\Documents\GitHub\find_breed\dog_breed_dataset\saluki\n02091831_213.jpg,saluki
C:\Users\user\Documents\GitHub\find_breed\dog_breed_dataset\saluki\n02091831_2232.jpg,saluki
C:\Users\user\Documents\GitHub\find_breed\dog_breed_dataset\saluki\n02091831_2245.jpg,saluki
C:\Users\user\Documents\GitHub\find_breed\dog_breed_dataset\saluki\n02091831_2344.jpg,saluki
C:\Users\user\Documents\GitHub\find_breed\dog_breed_dataset\saluki\n02091831_2858.jpg,saluki
C:\Users\user\Documents\GitHub\find_breed\dog_breed_dataset\saluki\n02091831_2911.jpg,saluki
C:\Users\user\Documents\GitHub\find_breed\dog_breed_dataset\saluki\n02091831_304.jpg,saluki
C:\Users\user\Documents\GitHub\find_breed\dog_breed_dataset\saluki\n02091831_3061.jpg,saluki
C:\Users\user\Documents\GitHub\find_breed\dog_breed_dataset\saluki\n02091831_3064.jpg,saluki
C:\Users\user\Documents\GitHub\find_breed\dog_breed_dataset\saluki\n02091831_3108.jpg,saluki
C:\Users\user\Documents\GitHub\find_breed\dog_breed_dataset\saluki\n02091831_3152.jpg,saluki
C:\Users\user\Documents\GitHub\find_breed\dog_breed_dataset\saluki\n02091831_3310.jpg,saluki
C:\Users\user\Documents\GitHub\find_breed\dog_breed_dataset\saluki\n02091831_3334.jpg,saluki
C:\Users\user\Documents\GitHub\find_breed\dog_breed_dataset\saluki\n02091831_351.jpg,saluki
C:\Users\user\Documents\GitHub\find_breed\dog_breed_dataset\saluki\n02091831_4057.jpg,saluki
C:\Users\user\Documents\GitHub\find_breed\dog_breed_dataset\saluki\n02091831_410.jpg,saluki
C:\Users\user\Documents\GitHub\find_breed\dog_breed_dataset\saluki\n02091831_4246.jpg,saluki
C:\Users\user\Documents\GitHub\find_breed\dog_breed_dataset\saluki\n02091831_4259.jpg,saluki
C:\Users\user\Documents\GitHub\find_breed\dog_breed_dataset\saluki\n02091831_5244.jpg,saluki
C:\Users\user\Documents\GitHub\find_breed\dog_breed_dataset\saluki\n02091831_5369.jpg,saluki
C:\Users\user\Documents\GitHub\find_breed\dog_breed_dataset\saluki\n02091831_5596.jpg,saluki
C:\Users\user\Documents\GitHub\find_breed\dog_breed_dataset\saluki\n02091831_5692.jpg,saluki
C:\Users\user\Documents\GitHub\find_breed\dog_breed_dataset\saluki\n02091831_6427.jpg,saluki
C:\Users\user\Documents\GitHub\find_breed\dog_breed_dataset\saluki\n02091831_7169.jpg,saluki
C:\Users\user\Documents\GitHub\find_breed\dog_breed_dataset\saluki\n02091831_7287.jpg,saluki
C:\Users\user\Documents\GitHub\find_breed\dog_breed_dataset\saluki\n02091831_7895.jpg,saluki
C:\Users\user\Documents\GitHub\find_breed\dog_breed_dataset\saluki\n02091831_848.jpg,saluki
C:\Users\user\Documents\GitHub\find_breed\dog_breed_dataset\saluki\n02091831_9190.jpg,saluki
C:\Users\user\Documents\GitHub\find_breed\dog_breed_dataset\samoyed\n02111889_10059.jpg,samoyed
C:\Users\user\Documents\GitHub\find_breed\dog_breed_dataset\samoyed\n02111889_10324.jpg,samoyed
C:\Users\user\Documents\GitHub\find_breed\dog_breed_dataset\samoyed\n02111889_11502.jpg,samoyed
C:\Users\user\Documents\GitHub\find_breed\dog_breed_dataset\samoyed\n02111889_12037.jpg,samoyed
C:\Users\user\Documents\GitHub\find_breed\dog_breed_dataset\samoyed\n02111889_12171.jpg,samoyed
C:\Users\user\Documents\GitHub\find_breed\dog_breed_dataset\samoyed\n02111889_1264.jpg,samoyed
C:\Users\user\Documents\GitHub\find_breed\dog_breed_dataset\samoyed\n02111889_12811.jpg,samoyed
C:\Users\user\Documents\GitHub\find_breed\dog_breed_dataset\samoyed\n02111889_12976.jpg,samoyed
C:\Users\user\Documents\GitHub\find_breed\dog_breed_dataset\samoyed\n02111889_1340.jpg,samoyed
C:\Users\user\Documents\GitHub\find_breed\dog_breed_dataset\samoyed\n02111889_13603.jpg,samoyed
C:\Users\user\Documents\GitHub\find_breed\dog_breed_dataset\samoyed\n02111889_1363.jpg,samoyed
C:\Users\user\Documents\GitHub\find_breed\dog_breed_dataset\samoyed\n02111889_13657.jpg,samoyed
C:\Users\user\Documents\GitHub\find_breed\dog_breed_dataset\samoyed\n02111889_13924.jpg,samoyed
C:\Users\user\Documents\GitHub\find_breed\dog_breed_dataset\samoyed\n02111889_1421.jpg,samoyed
C:\Users\user\Documents\GitHub\find_breed\dog_breed_dataset\samoyed\n02111889_1485.jpg,samoyed
C:\Users\user\Documents\GitHub\find_breed\dog_breed_dataset\samoyed\n02111889_15388.jpg,samoyed
C:\Users\user\Documents\GitHub\find_breed\dog_breed_dataset\samoyed\n02111889_16116.jpg,samoyed
C:\Users\user\Documents\GitHub\find_breed\dog_breed_dataset\samoyed\n02111889_16283.jpg,samoyed
C:\Users\user\Documents\GitHub\find_breed\dog_breed_dataset\samoyed\n02111889_16676.jpg,samoyed
C:\Users\user\Documents\GitHub\find_breed\dog_breed_dataset\samoyed\n02111889_17211.jpg,samoyed
C:\Users\user\Documents\GitHub\find_breed\dog_breed_dataset\samoyed\n02111889_17383.jpg,samoyed
C:\Users\user\Documents\GitHub\find_breed\dog_breed_dataset\samoyed\n02111889_1739.jpg,samoyed
C:\Users\user\Documents\GitHub\find_breed\dog_breed_dataset\samoyed\n02111889_17626.jpg,samoyed
C:\Users\user\Documents\GitHub\find_breed\dog_breed_dataset\samoyed\n02111889_18.jpg,samoyed
C:\Users\user\Documents\GitHub\find_breed\dog_breed_dataset\samoyed\n02111889_1951.jpg,samoyed
C:\Users\user\Documents\GitHub\find_breed\dog_breed_dataset\samoyed\n02111889_1994.jpg,samoyed
C:\Users\user\Documents\GitHub\find_breed\dog_breed_dataset\samoyed\n02111889_2028.jpg,samoyed
C:\Users\user\Documents\GitHub\find_breed\dog_breed_dataset\samoyed\n02111889_2029.jpg,samoyed
C:\Users\user\Documents\GitHub\find_breed\dog_breed_dataset\samoyed\n02111889_2361.jpg,samoyed
C:\Users\user\Documents\GitHub\find_breed\dog_breed_dataset\samoyed\n02111889_2410.jpg,samoyed
C:\Users\user\Documents\GitHub\find_breed\dog_breed_dataset\samoyed\n02111889_2476.jpg,samoyed
C:\Users\user\Documents\GitHub\find_breed\dog_breed_dataset\samoyed\n02111889_2650.jpg,samoyed
C:\Users\user\Documents\GitHub\find_breed\dog_breed_dataset\samoyed\n02111889_2677.jpg,samoyed
C:\Users\user\Documents\GitHub\find_breed\dog_breed_dataset\samoyed\n02111889_2947.jpg,samoyed
C:\Users\user\Documents\GitHub\find_breed\dog_breed_dataset\samoyed\n02111889_3221.jpg,samoyed
C:\Users\user\Documents\GitHub\find_breed\dog_breed_dataset\samoyed\n02111889_3345.jpg,samoyed
C:\Users\user\Documents\GitHub\find_breed\dog_breed_dataset\samoyed\n02111889_3400.jpg,samoyed
C:\Users\user\Documents\GitHub\find_breed\dog_breed_dataset\samoyed\n02111889_3471.jpg,samoyed
C:\Users\user\Documents\GitHub\find_breed\dog_breed_dataset\samoyed\n02111889_3476.jpg,samoyed
C:\Users\user\Documents\GitHub\find_breed\dog_breed_dataset\samoyed\n02111889_3494.jpg,samoyed
C:\Users\user\Documents\GitHub\find_breed\dog_breed_dataset\samoyed\n02111889_3499.jpg,samoyed
C:\Users\user\Documents\GitHub\find_breed\dog_breed_dataset\samoyed\n02111889_3960.jpg,samoyed
C:\Users\user\Documents\GitHub\find_breed\dog_breed_dataset\samoyed\n02111889_3988.jpg,samoyed
C:\Users\user\Documents\GitHub\find_breed\dog_breed_dataset\samoyed\n02111889_4147.jpg,samoyed
C:\Users\user\Documents\GitHub\find_breed\dog_breed_dataset\samoyed\n02111889_4194.jpg,samoyed
C:\Users\user\Documents\GitHub\find_breed\dog_breed_dataset\samoyed\n02111889_4484.jpg,samoyed
C:\Users\user\Documents\GitHub\find_breed\dog_breed_dataset\samoyed\n02111889_4634.jpg,samoyed
C:\Users\user\Documents\GitHub\find_breed\dog_breed_dataset\samoyed\n02111889_466.jpg,samoyed
C:\Users\user\Documents\GitHub\find_breed\dog_breed_dataset\samoyed\n02111889_4754.jpg,samoyed
C:\Users\user\Documents\GitHub\find_breed\dog_breed_dataset\samoyed\n02111889_4967.jpg,samoyed
C:\Users\user\Documents\GitHub\find_breed\dog_breed_dataset\samoyed\n02111889_5075.jpg,samoyed
C:\Users\user\Documents\GitHub\find_breed\dog_breed_dataset\samoyed\n02111889_5474.jpg,samoyed
C:\Users\user\Documents\GitHub\find_breed\dog_breed_dataset\samoyed\n02111889_5602.jpg,samoyed
C:\Users\user\Documents\GitHub\find_breed\dog_breed_dataset\samoyed\n02111889_5679.jpg,samoyed
C:\Users\user\Documents\GitHub\find_breed\dog_breed_dataset\samoyed\n02111889_5776.jpg,samoyed
C:\Users\user\Documents\GitHub\find_breed\dog_breed_dataset\samoyed\n02111889_5786.jpg,samoyed
C:\Users\user\Documents\GitHub\find_breed\dog_breed_dataset\samoyed\n02111889_5826.jpg,samoyed
C:\Users\user\Documents\GitHub\find_breed\dog_breed_dataset\samoyed\n02111889_6343.jpg,samoyed
C:\Users\user\Documents\GitHub\find_breed\dog_breed_dataset\samoyed\n02111889_6376.jpg,samoyed
C:\Users\user\Documents\GitHub\find_breed\dog_breed_dataset\samoyed\n02111889_6566.jpg,samoyed
C:\Users\user\Documents\GitHub\find_breed\dog_breed_dataset\samoyed\n02111889_6811.jpg,samoyed
C:\Users\user\Documents\GitHub\find_breed\dog_breed_dataset\samoyed\n02111889_691.jpg,samoyed
C:\Users\user\Documents\GitHub\find_breed\dog_breed_dataset\samoyed\n02111889_6955.jpg,samoyed
C:\Users\user\Documents\GitHub\find_breed\dog_breed_dataset\samoyed\n02111889_7002.jpg,samoyed
C:\Users\user\Documents\GitHub\find_breed\dog_breed_dataset\samoyed\n02111889_7049.jpg,samoyed
C:\Users\user\Documents\GitHub\find_breed\dog_breed_dataset\samoyed\n02111889_7100.jpg,samoyed
C:\Users\user\Documents\GitHub\find_breed\dog_breed_dataset\samoyed\n02111889_7207.jpg,samoyed
C:\Users\user\Documents\GitHub\find_breed\dog_breed_dataset\samoyed\n02111889_771.jpg,samoyed
C:\Users\user\Documents\GitHub\find_breed\dog_breed_dataset\samoyed\n02111889_789.jpg,samoyed
C:\Users\user\Documents\GitHub\find_breed\dog_breed_dataset\samoyed\n02111889_8240.jpg,samoyed
C:\Users\user\Documents\GitHub\find_breed\dog_breed_dataset\samoyed\n02111889_8839.jpg,samoyed
C:\Users\user\Documents\GitHub\find_breed\dog_breed_dataset\samoyed\n02111889_8870.jpg,samoyed
C:\Users\user\Documents\GitHub\find_breed\dog_breed_dataset\samoyed\n02111889_899.jpg,samoyed
C:\Users\user\Documents\GitHub\find_breed\dog_breed_dataset\samoyed\n02111889_91.jpg,samoyed
C:\Users\user\Documents\GitHub\find_breed\dog_breed_dataset\schipperke\n02104365_10071.jpg,schipperke
C:\Users\user\Documents\GitHub\find_breed\dog_breed_dataset\schipperke\n02104365_10282.jpg,schipperke
C:\Users\user\Documents\GitHub\find_breed\dog_breed_dataset\schipperke\n02104365_10514.jpg,schipperke
C:\Users\user\Documents\GitHub\find_breed\dog_breed_dataset\schipperke\n02104365_1166.jpg,schipperke
C:\Users\user\Documents\GitHub\find_breed\dog_breed_dataset\schipperke\n02104365_1837.jpg,schipperke
C:\Users\user\Documents\GitHub\find_breed\dog_breed_dataset\schipperke\n02104365_2263.jpg,schipperke
C:\Users\user\Documents\GitHub\find_breed\dog_breed_dataset\schipperke\n02104365_2424.jpg,schipperke
C:\Users\user\Documents\GitHub\find_breed\dog_breed_dataset\schipperke\n02104365_2978.jpg,schipperke
C:\Users\user\Documents\GitHub\find_breed\dog_breed_dataset\schipperke\n02104365_2981.jpg,schipperke
C:\Users\user\Documents\GitHub\find_breed\dog_breed_dataset\schipperke\n02104365_3587.jpg,schipperke
C:\Users\user\Documents\GitHub\find_breed\dog_breed_dataset\schipperke\n02104365_3649.jpg,schipperke
C:\Users\user\Documents\GitHub\find_breed\dog_breed_dataset\schipperke\n02104365_3950.jpg,schipperke
C:\Users\user\Documents\GitHub\find_breed\dog_breed_dataset\schipperke\n02104365_4190.jpg,schipperke
C:\Users\user\Documents\GitHub\find_breed\dog_breed_dataset\schipperke\n02104365_427.jpg,schipperke
C:\Users\user\Documents\GitHub\find_breed\dog_breed_dataset\schipperke\n02104365_482.jpg,schipperke
C:\Users\user\Documents\GitHub\find_breed\dog_breed_dataset\schipperke\n02104365_518.jpg,schipperke
C:\Users\user\Documents\GitHub\find_breed\dog_breed_dataset\schipperke\n02104365_5670.jpg,schipperke
C:\Users\user\Documents\GitHub\find_breed\dog_breed_dataset\schipperke\n02104365_5740.jpg,schipperke
C:\Users\user\Documents\GitHub\find_breed\dog_breed_dataset\schipperke\n02104365_5781.jpg,schipperke
C:\Users\user\Documents\GitHub\find_breed\dog_breed_dataset\schipperke\n02104365_5967.jpg,schipperke
C:\Users\user\Documents\GitHub\find_breed\dog_breed_dataset\schipperke\n02104365_5970.jpg,schipperke
C:\Users\user\Documents\GitHub\find_breed\dog_breed_dataset\schipperke\n02104365_6354.jpg,schipperke
C:\Users\user\Documents\GitHub\find_breed\dog_breed_dataset\schipperke\n02104365_6428.jpg,schipperke
C:\Users\user\Documents\GitHub\find_breed\dog_breed_dataset\schipperke\n02104365_6527.jpg,schipperke
C:\Users\user\Documents\GitHub\find_breed\dog_breed_dataset\schipperke\n02104365_6529.jpg,schipperke
C:\Users\user\Documents\GitHub\find_breed\dog_breed_dataset\schipperke\n02104365_6575.jpg,schipperke
C:\Users\user\Documents\GitHub\find_breed\dog_breed_dataset\schipperke\n02104365_6601.jpg,schipperke
C:\Users\user\Documents\GitHub\find_breed\dog_breed_dataset\schipperke\n02104365_6927.jpg,schipperke
C:\Users\user\Documents\GitHub\find_breed\dog_breed_dataset\schipperke\n02104365_725.jpg,schipperke
C:\Users\user\Documents\GitHub\find_breed\dog_breed_dataset\schipperke\n02104365_7368.jpg,schipperke
C:\Users\user\Documents\GitHub\find_breed\dog_breed_dataset\schipperke\n02104365_7381.jpg,schipperke
C:\Users\user\Documents\GitHub\find_breed\dog_breed_dataset\schipperke\n02104365_740.jpg,schipperke
C:\Users\user\Documents\GitHub\find_breed\dog_breed_dataset\schipperke\n02104365_7501.jpg,schipperke
C:\Users\user\Documents\GitHub\find_breed\dog_breed_dataset\schipperke\n02104365_7768.jpg,schipperke
C:\Users\user\Documents\GitHub\find_breed\dog_breed_dataset\schipperke\n02104365_7791.jpg,schipperke
C:\Users\user\Documents\GitHub\find_breed\dog_breed_dataset\schipperke\n02104365_7881.jpg,schipperke
C:\Users\user\Documents\GitHub\find_breed\dog_breed_dataset\schipperke\n02104365_7892.jpg,schipperke
C:\Users\user\Documents\GitHub\find_breed\dog_breed_dataset\schipperke\n02104365_7953.jpg,schipperke
C:\Users\user\Documents\GitHub\find_breed\dog_breed_dataset\schipperke\n02104365_7956.jpg,schipperke
C:\Users\user\Documents\GitHub\find_breed\dog_breed_dataset\schipperke\n02104365_8119.jpg,schipperke
C:\Users\user\Documents\GitHub\find_breed\dog_breed_dataset\schipperke\n02104365_8156.jpg,schipperke
C:\Users\user\Documents\GitHub\find_breed\dog_breed_dataset\schipperke\n02104365_8226.jpg,schipperke
C:\Users\user\Documents\GitHub\find_breed\dog_breed_dataset\schipperke\n02104365_8334.jpg,schipperke
C:\Users\user\Documents\GitHub\find_breed\dog_breed_dataset\schipperke\n02104365_8451.jpg,schipperke
C:\Users\user\Documents\GitHub\find_breed\dog_breed_dataset\schipperke\n02104365_8769.jpg,schipperke
C:\Users\user\Documents\GitHub\find_breed\dog_breed_dataset\schipperke\n02104365_8919.jpg,schipperke
C:\Users\user\Documents\GitHub\find_breed\dog_breed_dataset\schipperke\n02104365_9004.jpg,schipperke
C:\Users\user\Documents\GitHub\find_breed\dog_breed_dataset\schipperke\n02104365_9041.jpg,schipperke
C:\Users\user\Documents\GitHub\find_breed\dog_breed_dataset\schipperke\n02104365_9131.jpg,schipperke
C:\Users\user\Documents\GitHub\find_breed\dog_breed_dataset\schipperke\n02104365_9248.jpg,schipperke
C:\Users\user\Documents\GitHub\find_breed\dog_breed_dataset\schipperke\n02104365_9337.jpg,schipperke
C:\Users\user\Documents\GitHub\find_breed\dog_breed_dataset\schipperke\n02104365_9552.jpg,schipperke
C:\Users\user\Documents\GitHub\find_breed\dog_breed_dataset\scotch_terrier\n02097298_12001.jpg,scotch_terrier
C:\Users\user\Documents\GitHub\find_breed\dog_breed_dataset\scotch_terrier\n02097298_2184.jpg,scotch_terrier
C:\Users\user\Documents\GitHub\find_breed\dog_breed_dataset\scotch_terrier\n02097298_2671.jpg,scotch_terrier
C:\Users\user\Documents\GitHub\find_breed\dog_breed_dataset\scotch_terrier\n02097298_2863.jpg,scotch_terrier
C:\Users\user\Documents\GitHub\find_breed\dog_breed_dataset\scotch_terrier\n02097298_2998.jpg,scotch_terrier
C:\Users\user\Documents\GitHub\find_breed\dog_breed_dataset\scotch_terrier\n02097298_4485.jpg,scotch_terrier
C:\Users\user\Documents\GitHub\find_breed\dog_breed_dataset\scotch_terrier\n02097298_4628.jpg,scotch_terrier
C:\Users\user\Documents\GitHub\find_breed\dog_breed_dataset\scotch_terrier\n02097298_4701.jpg,scotch_terrier
C:\Users\user\Documents\GitHub\find_breed\dog_breed_dataset\scotch_terrier\n02097298_508.jpg,scotch_terrier
C:\Users\user\Documents\GitHub\find_breed\dog_breed_dataset\scotch_terrier\n02097298_6474.jpg,scotch_terrier
C:\Users\user\Documents\GitHub\find_breed\dog_breed_dataset\scotch_terrier\n02097298_6732.jpg,scotch_terrier
C:\Users\user\Documents\GitHub\find_breed\dog_breed_dataset\scotch_terrier\n02097298_6980.jpg,scotch_terrier
C:\Users\user\Documents\GitHub\find_breed\dog_breed_dataset\scotch_terrier\n02097298_7371.jpg,scotch_terrier
C:\Users\user\Documents\GitHub\find_breed\dog_breed_dataset\scotch_terrier\n02097298_8038.jpg,scotch_terrier
C:\Users\user\Documents\GitHub\find_breed\dog_breed_dataset\scotch_terrier\n02097298_8452.jpg,scotch_terrier
C:\Users\user\Documents\GitHub\find_breed\dog_breed_dataset\scotch_terrier\n02097298_8858.jpg,scotch_terrier
C:\Users\user\Documents\GitHub\find_breed\dog_breed_dataset\scotch_terrier\n02097298_9085.jpg,scotch_terrier
C:\Users\user\Documents\GitHub\find_breed\dog_breed_dataset\scotch_terrier\n02097298_91.jpg,scotch_terrier
C:\Users\user\Documents\GitHub\find_breed\dog_breed_dataset\scotch_terrier\n02097298_9293.jpg,scotch_terrier
C:\Users\user\Documents\GitHub\find_breed\dog_breed_dataset\scotch_terrier\n02097298_9677.jpg,scotch_terrier
C:\Users\user\Documents\GitHub\find_breed\dog_breed_dataset\scottish_deerhound\n02092002_109.jpg,scottish_deerhound
C:\Users\user\Documents\GitHub\find_breed\dog_breed_dataset\scottish_deerhound\n02092002_10911.jpg,scottish_deerhound
C:\Users\user\Documents\GitHub\find_breed\dog_breed_dataset\scottish_deerhound\n02092002_1130.jpg,scottish_deerhound
C:\Users\user\Documents\GitHub\find_breed\dog_breed_dataset\scottish_deerhound\n02092002_120.jpg,scottish_deerhound
C:\Users\user\Documents\GitHub\find_breed\dog_breed_dataset\scottish_deerhound\n02092002_1200.jpg,scottish_deerhound
C:\Users\user\Documents\GitHub\find_breed\dog_breed_dataset\scottish_deerhound\n02092002_1242.jpg,scottish_deerhound
C:\Users\user\Documents\GitHub\find_breed\dog_breed_dataset\scottish_deerhound\n02092002_1253.jpg,scottish_deerhound
C:\Users\user\Documents\GitHub\find_breed\dog_breed_dataset\scottish_deerhound\n02092002_12544.jpg,scottish_deerhound
C:\Users\user\Documents\GitHub\find_breed\dog_breed_dataset\scottish_deerhound\n02092002_12828.jpg,scottish_deerhound
C:\Users\user\Documents\GitHub\find_breed\dog_breed_dataset\scottish_deerhound\n02092002_14315.jpg,scottish_deerhound
C:\Users\user\Documents\GitHub\find_breed\dog_breed_dataset\scottish_deerhound\n02092002_14567.jpg,scottish_deerhound
C:\Users\user\Documents\GitHub\find_breed\dog_breed_dataset\scottish_deerhound\n02092002_15096.jpg,scottish_deerhound
C:\Users\user\Documents\GitHub\find_breed\dog_breed_dataset\scottish_deerhound\n02092002_15342.jpg,scottish_deerhound
C:\Users\user\Documents\GitHub\find_breed\dog_breed_dataset\scottish_deerhound\n02092002_1592.jpg,scottish_deerhound
C:\Users\user\Documents\GitHub\find_breed\dog_breed_dataset\scottish_deerhound\n02092002_1601.jpg,scottish_deerhound
C:\Users\user\Documents\GitHub\find_breed\dog_breed_dataset\scottish_deerhound\n02092002_1698.jpg,scottish_deerhound
C:\Users\user\Documents\GitHub\find_breed\dog_breed_dataset\scottish_deerhound\n02092002_1727.jpg,scottish_deerhound
C:\Users\user\Documents\GitHub\find_breed\dog_breed_dataset\scottish_deerhound\n02092002_1730.jpg,scottish_deerhound
C:\Users\user\Documents\GitHub\find_breed\dog_breed_dataset\scottish_deerhound\n02092002_1828.jpg,scottish_deerhound
C:\Users\user\Documents\GitHub\find_breed\dog_breed_dataset\scottish_deerhound\n02092002_1890.jpg,scottish_deerhound
C:\Users\user\Documents\GitHub\find_breed\dog_breed_dataset\scottish_deerhound\n02092002_2097.jpg,scottish_deerhound
C:\Users\user\Documents\GitHub\find_breed\dog_breed_dataset\scottish_deerhound\n02092002_2311.jpg,scottish_deerhound
C:\Users\user\Documents\GitHub\find_breed\dog_breed_dataset\scottish_deerhound\n02092002_2558.jpg,scottish_deerhound
C:\Users\user\Documents\GitHub\find_breed\dog_breed_dataset\scottish_deerhound\n02092002_2590.jpg,scottish_deerhound
C:\Users\user\Documents\GitHub\find_breed\dog_breed_dataset\scottish_deerhound\n02092002_293.jpg,scottish_deerhound
C:\Users\user\Documents\GitHub\find_breed\dog_breed_dataset\scottish_deerhound\n02092002_2981.jpg,scottish_deerhound
C:\Users\user\Documents\GitHub\find_breed\dog_breed_dataset\scottish_deerhound\n02092002_3271.jpg,scottish_deerhound
C:\Users\user\Documents\GitHub\find_breed\dog_breed_dataset\scottish_deerhound\n02092002_3301.jpg,scottish_deerhound
C:\Users\user\Documents\GitHub\find_breed\dog_breed_dataset\scottish_deerhound\n02092002_3494.jpg,scottish_deerhound
C:\Users\user\Documents\GitHub\find_breed\dog_breed_dataset\scottish_deerhound\n02092002_3500.jpg,scottish_deerhound
C:\Users\user\Documents\GitHub\find_breed\dog_breed_dataset\scottish_deerhound\n02092002_4258.jpg,scottish_deerhound
C:\Users\user\Documents\GitHub\find_breed\dog_breed_dataset\scottish_deerhound\n02092002_4296.jpg,scottish_deerhound
C:\Users\user\Documents\GitHub\find_breed\dog_breed_dataset\scottish_deerhound\n02092002_4337.jpg,scottish_deerhound
C:\Users\user\Documents\GitHub\find_breed\dog_breed_dataset\scottish_deerhound\n02092002_4545.jpg,scottish_deerhound
C:\Users\user\Documents\GitHub\find_breed\dog_breed_dataset\scottish_deerhound\n02092002_4555.jpg,scottish_deerhound
C:\Users\user\Documents\GitHub\find_breed\dog_breed_dataset\scottish_deerhound\n02092002_4921.jpg,scottish_deerhound
C:\Users\user\Documents\GitHub\find_breed\dog_breed_dataset\scottish_deerhound\n02092002_5226.jpg,scottish_deerhound
C:\Users\user\Documents\GitHub\find_breed\dog_breed_dataset\scottish_deerhound\n02092002_5335.jpg,scottish_deerhound
C:\Users\user\Documents\GitHub\find_breed\dog_breed_dataset\scottish_deerhound\n02092002_5936.jpg,scottish_deerhound
C:\Users\user\Documents\GitHub\find_breed\dog_breed_dataset\scottish_deerhound\n02092002_6040.jpg,scottish_deerhound
C:\Users\user\Documents\GitHub\find_breed\dog_breed_dataset\scottish_deerhound\n02092002_6041.jpg,scottish_deerhound
C:\Users\user\Documents\GitHub\find_breed\dog_breed_dataset\scottish_deerhound\n02092002_6226.jpg,scottish_deerhound
C:\Users\user\Documents\GitHub\find_breed\dog_breed_dataset\scottish_deerhound\n02092002_6380.jpg,scottish_deerhound
C:\Users\user\Documents\GitHub\find_breed\dog_breed_dataset\scottish_deerhound\n02092002_6621.jpg,scottish_deerhound
C:\Users\user\Documents\GitHub\find_breed\dog_breed_dataset\scottish_deerhound\n02092002_6827.jpg,scottish_deerhound
C:\Users\user\Documents\GitHub\find_breed\dog_breed_dataset\scottish_deerhound\n02092002_6895.jpg,scottish_deerhound
C:\Users\user\Documents\GitHub\find_breed\dog_breed_dataset\scottish_deerhound\n02092002_6914.jpg,scottish_deerhound
C:\Users\user\Documents\GitHub\find_breed\dog_breed_dataset\scottish_deerhound\n02092002_6915.jpg,scottish_deerhound
C:\Users\user\Documents\GitHub\find_breed\dog_breed_dataset\scottish_deerhound\n02092002_6953.jpg,scottish_deerhound
C:\Users\user\Documents\GitHub\find_breed\dog_breed_dataset\scottish_deerhound\n02092002_6978.jpg,scottish_deerhound
C:\Users\user\Documents\GitHub\find_breed\dog_breed_dataset\scottish_deerhound\n02092002_7206.jpg,scottish_deerhound
C:\Users\user\Documents\GitHub\find_breed\dog_breed_dataset\scottish_deerhound\n02092002_7268.jpg,scottish_deerhound
C:\Users\user\Documents\GitHub\find_breed\dog_breed_dataset\scottish_deerhound\n02092002_7473.jpg,scottish_deerhound
C:\Users\user\Documents\GitHub\find_breed\dog_breed_dataset\scottish_deerhound\n02092002_759.jpg,scottish_deerhound
C:\Users\user\Documents\GitHub\find_breed\dog_breed_dataset\scottish_deerhound\n02092002_7751.jpg,scottish_deerhound
C:\Users\user\Documents\GitHub\find_breed\dog_breed_dataset\scottish_deerhound\n02092002_7791.jpg,scottish_deerhound
C:\Users\user\Documents\GitHub\find_breed\dog_breed_dataset\scottish_deerhound\n02092002_846.jpg,scottish_deerhound
C:\Users\user\Documents\GitHub\find_breed\dog_breed_dataset\scottish_deerhound\n02092002_9785.jpg,scottish_deerhound
C:\Users\user\Documents\GitHub\find_breed\dog_breed_dataset\scottish_deerhound\n02092002_983.jpg,scottish_deerhound
C:\Users\user\Documents\GitHub\find_breed\dog_breed_dataset\scottish_deerhound\n02092002_9863.jpg,scottish_deerhound
C:\Users\user\Documents\GitHub\find_breed\dog_breed_dataset\sealyham_terrier\n02095889_10.jpg,sealyham_terrier
C:\Users\user\Documents\GitHub\find_breed\dog_breed_dataset\sealyham_terrier\n02095889_1019.jpg,sealyham_terrier
C:\Users\user\Documents\GitHub\find_breed\dog_breed_dataset\sealyham_terrier\n02095889_107.jpg,sealyham_terrier
C:\Users\user\Documents\GitHub\find_breed\dog_breed_dataset\sealyham_terrier\n02095889_1120.jpg,sealyham_terrier
C:\Users\user\Documents\GitHub\find_breed\dog_breed_dataset\sealyham_terrier\n02095889_1175.jpg,sealyham_terrier
C:\Users\user\Documents\GitHub\find_breed\dog_breed_dataset\sealyham_terrier\n02095889_1208.jpg,sealyham_terrier
C:\Users\user\Documents\GitHub\find_breed\dog_breed_dataset\sealyham_terrier\n02095889_1323.jpg,sealyham_terrier
C:\Users\user\Documents\GitHub\find_breed\dog_breed_dataset\sealyham_terrier\n02095889_1397.jpg,sealyham_terrier
C:\Users\user\Documents\GitHub\find_breed\dog_breed_dataset\sealyham_terrier\n02095889_1445.jpg,sealyham_terrier
C:\Users\user\Documents\GitHub\find_breed\dog_breed_dataset\sealyham_terrier\n02095889_1458.jpg,sealyham_terrier
C:\Users\user\Documents\GitHub\find_breed\dog_breed_dataset\sealyham_terrier\n02095889_1582.jpg,sealyham_terrier
C:\Users\user\Documents\GitHub\find_breed\dog_breed_dataset\sealyham_terrier\n02095889_1677.jpg,sealyham_terrier
C:\Users\user\Documents\GitHub\find_breed\dog_breed_dataset\sealyham_terrier\n02095889_173.jpg,sealyham_terrier
C:\Users\user\Documents\GitHub\find_breed\dog_breed_dataset\sealyham_terrier\n02095889_1820.jpg,sealyham_terrier
C:\Users\user\Documents\GitHub\find_breed\dog_breed_dataset\sealyham_terrier\n02095889_2025.jpg,sealyham_terrier
C:\Users\user\Documents\GitHub\find_breed\dog_breed_dataset\sealyham_terrier\n02095889_2031.jpg,sealyham_terrier
C:\Users\user\Documents\GitHub\find_breed\dog_breed_dataset\sealyham_terrier\n02095889_2134.jpg,sealyham_terrier
C:\Users\user\Documents\GitHub\find_breed\dog_breed_dataset\sealyham_terrier\n02095889_2162.jpg,sealyham_terrier
C:\Users\user\Documents\GitHub\find_breed\dog_breed_dataset\sealyham_terrier\n02095889_2299.jpg,sealyham_terrier
C:\Users\user\Documents\GitHub\find_breed\dog_breed_dataset\sealyham_terrier\n02095889_231.jpg,sealyham_terrier
C:\Users\user\Documents\GitHub\find_breed\dog_breed_dataset\sealyham_terrier\n02095889_2363.jpg,sealyham_terrier
C:\Users\user\Documents\GitHub\find_breed\dog_breed_dataset\sealyham_terrier\n02095889_2395.jpg,sealyham_terrier
C:\Users\user\Documents\GitHub\find_breed\dog_breed_dataset\sealyham_terrier\n02095889_2471.jpg,sealyham_terrier
C:\Users\user\Documents\GitHub\find_breed\dog_breed_dataset\sealyham_terrier\n02095889_25.jpg,sealyham_terrier
C:\Users\user\Documents\GitHub\find_breed\dog_breed_dataset\sealyham_terrier\n02095889_2512.jpg,sealyham_terrier
C:\Users\user\Documents\GitHub\find_breed\dog_breed_dataset\sealyham_terrier\n02095889_2532.jpg,sealyham_terrier
C:\Users\user\Documents\GitHub\find_breed\dog_breed_dataset\sealyham_terrier\n02095889_2542.jpg,sealyham_terrier
C:\Users\user\Documents\GitHub\find_breed\dog_breed_dataset\sealyham_terrier\n02095889_270.jpg,sealyham_terrier
C:\Users\user\Documents\GitHub\find_breed\dog_breed_dataset\sealyham_terrier\n02095889_2769.jpg,sealyham_terrier
C:\Users\user\Documents\GitHub\find_breed\dog_breed_dataset\sealyham_terrier\n02095889_2851.jpg,sealyham_terrier
C:\Users\user\Documents\GitHub\find_breed\dog_breed_dataset\sealyham_terrier\n02095889_2861.jpg,sealyham_terrier
C:\Users\user\Documents\GitHub\find_breed\dog_breed_dataset\sealyham_terrier\n02095889_2897.jpg,sealyham_terrier
C:\Users\user\Documents\GitHub\find_breed\dog_breed_dataset\sealyham_terrier\n02095889_2977.jpg,sealyham_terrier
C:\Users\user\Documents\GitHub\find_breed\dog_breed_dataset\sealyham_terrier\n02095889_3047.jpg,sealyham_terrier
C:\Users\user\Documents\GitHub\find_breed\dog_breed_dataset\sealyham_terrier\n02095889_3110.jpg,sealyham_terrier
C:\Users\user\Documents\GitHub\find_breed\dog_breed_dataset\sealyham_terrier\n02095889_341.jpg,sealyham_terrier
C:\Users\user\Documents\GitHub\find_breed\dog_breed_dataset\sealyham_terrier\n02095889_3522.jpg,sealyham_terrier
C:\Users\user\Documents\GitHub\find_breed\dog_breed_dataset\sealyham_terrier\n02095889_353.jpg,sealyham_terrier
C:\Users\user\Documents\GitHub\find_breed\dog_breed_dataset\sealyham_terrier\n02095889_3651.jpg,sealyham_terrier
C:\Users\user\Documents\GitHub\find_breed\dog_breed_dataset\sealyham_terrier\n02095889_3694.jpg,sealyham_terrier
C:\Users\user\Documents\GitHub\find_breed\dog_breed_dataset\sealyham_terrier\n02095889_371.jpg,sealyham_terrier
C:\Users\user\Documents\GitHub\find_breed\dog_breed_dataset\sealyham_terrier\n02095889_3734.jpg,sealyham_terrier
C:\Users\user\Documents\GitHub\find_breed\dog_breed_dataset\sealyham_terrier\n02095889_3788.jpg,sealyham_terrier
C:\Users\user\Documents\GitHub\find_breed\dog_breed_dataset\sealyham_terrier\n02095889_3926.jpg,sealyham_terrier
C:\Users\user\Documents\GitHub\find_breed\dog_breed_dataset\sealyham_terrier\n02095889_396.jpg,sealyham_terrier
C:\Users\user\Documents\GitHub\find_breed\dog_breed_dataset\sealyham_terrier\n02095889_3964.jpg,sealyham_terrier
C:\Users\user\Documents\GitHub\find_breed\dog_breed_dataset\sealyham_terrier\n02095889_3990.jpg,sealyham_terrier
C:\Users\user\Documents\GitHub\find_breed\dog_breed_dataset\sealyham_terrier\n02095889_4039.jpg,sealyham_terrier
C:\Users\user\Documents\GitHub\find_breed\dog_breed_dataset\sealyham_terrier\n02095889_4054.jpg,sealyham_terrier
C:\Users\user\Documents\GitHub\find_breed\dog_breed_dataset\sealyham_terrier\n02095889_4056.jpg,sealyham_terrier
C:\Users\user\Documents\GitHub\find_breed\dog_breed_dataset\sealyham_terrier\n02095889_4074.jpg,sealyham_terrier
C:\Users\user\Documents\GitHub\find_breed\dog_breed_dataset\sealyham_terrier\n02095889_4099.jpg,sealyham_terrier
C:\Users\user\Documents\GitHub\find_breed\dog_breed_dataset\sealyham_terrier\n02095889_41.jpg,sealyham_terrier
C:\Users\user\Documents\GitHub\find_breed\dog_breed_dataset\sealyham_terrier\n02095889_4116.jpg,sealyham_terrier
C:\Users\user\Documents\GitHub\find_breed\dog_breed_dataset\sealyham_terrier\n02095889_4263.jpg,sealyham_terrier
C:\Users\user\Documents\GitHub\find_breed\dog_breed_dataset\sealyham_terrier\n02095889_4416.jpg,sealyham_terrier
C:\Users\user\Documents\GitHub\find_breed\dog_breed_dataset\sealyham_terrier\n02095889_4427.jpg,sealyham_terrier
C:\Users\user\Documents\GitHub\find_breed\dog_breed_dataset\sealyham_terrier\n02095889_4522.jpg,sealyham_terrier
C:\Users\user\Documents\GitHub\find_breed\dog_breed_dataset\sealyham_terrier\n02095889_47.jpg,sealyham_terrier
C:\Users\user\Documents\GitHub\find_breed\dog_breed_dataset\sealyham_terrier\n02095889_4762.jpg,sealyham_terrier
C:\Users\user\Documents\GitHub\find_breed\dog_breed_dataset\sealyham_terrier\n02095889_4774.jpg,sealyham_terrier
C:\Users\user\Documents\GitHub\find_breed\dog_breed_dataset\sealyham_terrier\n02095889_4796.jpg,sealyham_terrier
C:\Users\user\Documents\GitHub\find_breed\dog_breed_dataset\sealyham_terrier\n02095889_4814.jpg,sealyham_terrier
C:\Users\user\Documents\GitHub\find_breed\dog_breed_dataset\sealyham_terrier\n02095889_4826.jpg,sealyham_terrier
C:\Users\user\Documents\GitHub\find_breed\dog_breed_dataset\sealyham_terrier\n02095889_4969.jpg,sealyham_terrier
C:\Users\user\Documents\GitHub\find_breed\dog_breed_dataset\sealyham_terrier\n02095889_5141.jpg,sealyham_terrier
C:\Users\user\Documents\GitHub\find_breed\dog_breed_dataset\sealyham_terrier\n02095889_5241.jpg,sealyham_terrier
C:\Users\user\Documents\GitHub\find_breed\dog_breed_dataset\sealyham_terrier\n02095889_539.jpg,sealyham_terrier
C:\Users\user\Documents\GitHub\find_breed\dog_breed_dataset\sealyham_terrier\n02095889_5528.jpg,sealyham_terrier
C:\Users\user\Documents\GitHub\find_breed\dog_breed_dataset\sealyham_terrier\n02095889_5543.jpg,sealyham_terrier
C:\Users\user\Documents\GitHub\find_breed\dog_breed_dataset\sealyham_terrier\n02095889_5547.jpg,sealyham_terrier
C:\Users\user\Documents\GitHub\find_breed\dog_breed_dataset\sealyham_terrier\n02095889_5593.jpg,sealyham_terrier
C:\Users\user\Documents\GitHub\find_breed\dog_breed_dataset\sealyham_terrier\n02095889_5611.jpg,sealyham_terrier
C:\Users\user\Documents\GitHub\find_breed\dog_breed_dataset\sealyham_terrier\n02095889_5781.jpg,sealyham_terrier
C:\Users\user\Documents\GitHub\find_breed\dog_breed_dataset\sealyham_terrier\n02095889_6045.jpg,sealyham_terrier
C:\Users\user\Documents\GitHub\find_breed\dog_breed_dataset\sealyham_terrier\n02095889_61.jpg,sealyham_terrier
C:\Users\user\Documents\GitHub\find_breed\dog_breed_dataset\sealyham_terrier\n02095889_6106.jpg,sealyham_terrier
C:\Users\user\Documents\GitHub\find_breed\dog_breed_dataset\sealyham_terrier\n02095889_6251.jpg,sealyham_terrier
C:\Users\user\Documents\GitHub\find_breed\dog_breed_dataset\sealyham_terrier\n02095889_6382.jpg,sealyham_terrier
C:\Users\user\Documents\GitHub\find_breed\dog_breed_dataset\sealyham_terrier\n02095889_6436.jpg,sealyham_terrier
C:\Users\user\Documents\GitHub\find_breed\dog_breed_dataset\sealyham_terrier\n02095889_6442.jpg,sealyham_terrier
C:\Users\user\Documents\GitHub\find_breed\dog_breed_dataset\sealyham_terrier\n02095889_6583.jpg,sealyham_terrier
C:\Users\user\Documents\GitHub\find_breed\dog_breed_dataset\sealyham_terrier\n02095889_682.jpg,sealyham_terrier
C:\Users\user\Documents\GitHub\find_breed\dog_breed_dataset\sealyham_terrier\n02095889_760.jpg,sealyham_terrier
C:\Users\user\Documents\GitHub\find_breed\dog_breed_dataset\sealyham_terrier\n02095889_783.jpg,sealyham_terrier
C:\Users\user\Documents\GitHub\find_breed\dog_breed_dataset\sealyham_terrier\n02095889_784.jpg,sealyham_terrier
C:\Users\user\Documents\GitHub\find_breed\dog_breed_dataset\sealyham_terrier\n02095889_941.jpg,sealyham_terrier
C:\Users\user\Documents\GitHub\find_breed\dog_breed_dataset\shetland_sheepdog\n02105855_10608.jpg,shetland_sheepdog
C:\Users\user\Documents\GitHub\find_breed\dog_breed_dataset\shetland_sheepdog\n02105855_10729.jpg,shetland_sheepdog
C:\Users\user\Documents\GitHub\find_breed\dog_breed_dataset\shetland_sheepdog\n02105855_11529.jpg,shetland_sheepdog
C:\Users\user\Documents\GitHub\find_breed\dog_breed_dataset\shetland_sheepdog\n02105855_12412.jpg,shetland_sheepdog
C:\Users\user\Documents\GitHub\find_breed\dog_breed_dataset\shetland_sheepdog\n02105855_14081.jpg,shetland_sheepdog
C:\Users\user\Documents\GitHub\find_breed\dog_breed_dataset\shetland_sheepdog\n02105855_15506.jpg,shetland_sheepdog
C:\Users\user\Documents\GitHub\find_breed\dog_breed_dataset\shetland_sheepdog\n02105855_16893.jpg,shetland_sheepdog
C:\Users\user\Documents\GitHub\find_breed\dog_breed_dataset\shetland_sheepdog\n02105855_16951.jpg,shetland_sheepdog
C:\Users\user\Documents\GitHub\find_breed\dog_breed_dataset\shetland_sheepdog\n02105855_17706.jpg,shetland_sheepdog
C:\Users\user\Documents\GitHub\find_breed\dog_breed_dataset\shetland_sheepdog\n02105855_18293.jpg,shetland_sheepdog
C:\Users\user\Documents\GitHub\find_breed\dog_breed_dataset\shetland_sheepdog\n02105855_2433.jpg,shetland_sheepdog
C:\Users\user\Documents\GitHub\find_breed\dog_breed_dataset\shetland_sheepdog\n02105855_4302.jpg,shetland_sheepdog
C:\Users\user\Documents\GitHub\find_breed\dog_breed_dataset\shetland_sheepdog\n02105855_6281.jpg,shetland_sheepdog
C:\Users\user\Documents\GitHub\find_breed\dog_breed_dataset\shetland_sheepdog\n02105855_7410.jpg,shetland_sheepdog
C:\Users\user\Documents\GitHub\find_breed\dog_breed_dataset\shetland_sheepdog\n02105855_7527.jpg,shetland_sheepdog
C:\Users\user\Documents\GitHub\find_breed\dog_breed_dataset\shiba_inu\oxford_shiba_inu_122.jpg,shiba_inu
C:\Users\user\Documents\GitHub\find_breed\dog_breed_dataset\shiba_inu\oxford_shiba_inu_124.jpg,shiba_inu
C:\Users\user\Documents\GitHub\find_breed\dog_breed_dataset\shiba_inu\oxford_shiba_inu_158.jpg,shiba_inu
C:\Users\user\Documents\GitHub\find_breed\dog_breed_dataset\shiba_inu\oxford_shiba_inu_16.jpg,shiba_inu
C:\Users\user\Documents\GitHub\find_breed\dog_breed_dataset\shiba_inu\oxford_shiba_inu_177.jpg,shiba_inu
C:\Users\user\Documents\GitHub\find_breed\dog_breed_dataset\shiba_inu\oxford_shiba_inu_46.jpg,shiba_inu
C:\Users\user\Documents\GitHub\find_breed\dog_breed_dataset\shiba_inu\oxford_shiba_inu_71.jpg,shiba_inu
C:\Users\user\Documents\GitHub\find_breed\dog_breed_dataset\shih_tzu\n02086240_1016.jpg,shih_tzu
C:\Users\user\Documents\GitHub\find_breed\dog_breed_dataset\shih_tzu\n02086240_12480.jpg,shih_tzu
C:\Users\user\Documents\GitHub\find_breed\dog_breed_dataset\shih_tzu\n02086240_2211.jpg,shih_tzu
C:\Users\user\Documents\GitHub\find_breed\dog_breed_dataset\shih_tzu\n02086240_2526.jpg,shih_tzu
C:\Users\user\Documents\GitHub\find_breed\dog_breed_dataset\shih_tzu\n02086240_2710.jpg,shih_tzu
C:\Users\user\Documents\GitHub\find_breed\dog_breed_dataset\shih_tzu\n02086240_3227.jpg,shih_tzu
C:\Users\user\Documents\GitHub\find_breed\dog_breed_dataset\shih_tzu\n02086240_3979.jpg,shih_tzu
C:\Users\user\Documents\GitHub\find_breed\dog_breed_dataset\shih_tzu\n02086240_4999.jpg,shih_tzu
C:\Users\user\Documents\GitHub\find_breed\dog_breed_dataset\shih_tzu\n02086240_574.jpg,shih_tzu
C:\Users\user\Documents\GitHub\find_breed\dog_breed_dataset\shih_tzu\n02086240_5889.jpg,shih_tzu
C:\Users\user\Documents\GitHub\find_breed\dog_breed_dataset\shih_tzu\n02086240_599.jpg,shih_tzu
C:\Users\user\Documents\GitHub\find_breed\dog_breed_dataset\shih_tzu\n02086240_7093.jpg,shih_tzu
C:\Users\user\Documents\GitHub\find_breed\dog_breed_dataset\siberian_husky\husky15.jpg,siberian_husky
C:\Users\user\Documents\GitHub\find_breed\dog_breed_dataset\siberian_husky\husky3.jpg,siberian_husky
C:\Users\user\Documents\GitHub\find_breed\dog_breed_dataset\siberian_husky\husky33.jpg,siberian_husky
C:\Users\user\Documents\GitHub\find_breed\dog_breed_dataset\siberian_husky\husky36.jpg,siberian_husky
C:\Users\user\Documents\GitHub\find_breed\dog_breed_dataset\siberian_husky\husky41.jpg,siberian_husky
C:\Users\user\Documents\GitHub\find_breed\dog_breed_dataset\siberian_husky\husky5.jpg,siberian_husky
C:\Users\user\Documents\GitHub\find_breed\dog_breed_dataset\siberian_husky\husky50.jpg,siberian_husky
C:\Users\user\Documents\GitHub\find_breed\dog_breed_dataset\siberian_husky\husky54.jpg,siberian_husky
C:\Users\user\Documents\GitHub\find_breed\dog_breed_dataset\siberian_husky\husky57.jpg,siberian_husky
C:\Users\user\Documents\GitHub\find_breed\dog_breed_dataset\siberian_husky\husky62.jpg,siberian_husky
C:\Users\user\Documents\GitHub\find_breed\dog_breed_dataset\siberian_husky\husky71.jpg,siberian_husky
C:\Users\user\Documents\GitHub\find_breed\dog_breed_dataset\siberian_husky\husky81.jpg,siberian_husky
C:\Users\user\Documents\GitHub\find_breed\dog_breed_dataset\siberian_husky\husky90.jpg,siberian_husky
C:\Users\user\Documents\GitHub\find_breed\dog_breed_dataset\siberian_husky\n02110185_10273.jpg,siberian_husky
C:\Users\user\Documents\GitHub\find_breed\dog_breed_dataset\siberian_husky\n02110185_10597.jpg,siberian_husky
C:\Users\user\Documents\GitHub\find_breed\dog_breed_dataset\siberian_husky\n02110185_10875.jpg,siberian_husky
C:\Users\user\Documents\GitHub\find_breed\dog_breed_dataset\siberian_husky\n02110185_10902.jpg,siberian_husky
C:\Users\user\Documents\GitHub\find_breed\dog_breed_dataset\siberian_husky\n02110185_10955.jpg,siberian_husky
C:\Users\user\Documents\GitHub\find_breed\dog_breed_dataset\siberian_husky\n02110185_12441.jpg,siberian_husky
C:\Users\user\Documents\GitHub\find_breed\dog_breed_dataset\siberian_husky\n02110185_12478.jpg,siberian_husky
C:\Users\user\Documents\GitHub\find_breed\dog_breed_dataset\siberian_husky\n02110185_13423.jpg,siberian_husky
C:\Users\user\Documents\GitHub\find_breed\dog_breed_dataset\siberian_husky\n02110185_13434.jpg,siberian_husky
C:\Users\user\Documents\GitHub\find_breed\dog_breed_dataset\siberian_husky\n02110185_14283.jpg,siberian_husky
C:\Users\user\Documents\GitHub\find_breed\dog_breed_dataset\siberian_husky\n02110185_14650.jpg,siberian_husky
C:\Users\user\Documents\GitHub\find_breed\dog_breed_dataset\siberian_husky\n02110185_1469.jpg,siberian_husky
C:\Users\user\Documents\GitHub\find_breed\dog_breed_dataset\siberian_husky\n02110185_14906.jpg,siberian_husky
C:\Users\user\Documents\GitHub\find_breed\dog_breed_dataset\siberian_husky\n02110185_1497.jpg,siberian_husky
C:\Users\user\Documents\GitHub\find_breed\dog_breed_dataset\siberian_husky\n02110185_15063.jpg,siberian_husky
C:\Users\user\Documents\GitHub\find_breed\dog_breed_dataset\siberian_husky\n02110185_1532.jpg,siberian_husky
C:\Users\user\Documents\GitHub\find_breed\dog_breed_dataset\siberian_husky\n02110185_1794.jpg,siberian_husky
C:\Users\user\Documents\GitHub\find_breed\dog_breed_dataset\siberian_husky\n02110185_3291.jpg,siberian_husky
C:\Users\user\Documents\GitHub\find_breed\dog_breed_dataset\siberian_husky\n02110185_353.jpg,siberian_husky
C:\Users\user\Documents\GitHub\find_breed\dog_breed_dataset\siberian_husky\n02110185_388.jpg,siberian_husky
C:\Users\user\Documents\GitHub\find_breed\dog_breed_dataset\siberian_husky\n02110185_4115.jpg,siberian_husky
C:\Users\user\Documents\GitHub\find_breed\dog_breed_dataset\siberian_husky\n02110185_4694.jpg,siberian_husky
C:\Users\user\Documents\GitHub\find_breed\dog_breed_dataset\siberian_husky\n02110185_4906.jpg,siberian_husky
C:\Users\user\Documents\GitHub\find_breed\dog_breed_dataset\siberian_husky\n02110185_5030.jpg,siberian_husky
C:\Users\user\Documents\GitHub\find_breed\dog_breed_dataset\siberian_husky\n02110185_5622.jpg,siberian_husky
C:\Users\user\Documents\GitHub\find_breed\dog_breed_dataset\siberian_husky\n02110185_6438.jpg,siberian_husky
C:\Users\user\Documents\GitHub\find_breed\dog_breed_dataset\siberian_husky\n02110185_7329.jpg,siberian_husky
C:\Users\user\Documents\GitHub\find_breed\dog_breed_dataset\siberian_husky\n02110185_7413.jpg,siberian_husky
C:\Users\user\Documents\GitHub\find_breed\dog_breed_dataset\siberian_husky\n02110185_8154.jpg,siberian_husky
C:\Users\user\Documents\GitHub\find_breed\dog_breed_dataset\siberian_husky\n02110185_9086.jpg,siberian_husky
C:\Users\user\Documents\GitHub\find_breed\dog_breed_dataset\siberian_husky\n02110185_9461.jpg,siberian_husky
C:\Users\user\Documents\GitHub\find_breed\dog_breed_dataset\silky_terrier\n02097658_10567.jpg,silky_terrier
C:\Users\user\Documents\GitHub\find_breed\dog_breed_dataset\silky_terrier\n02097658_2051.jpg,silky_terrier
C:\Users\user\Documents\GitHub\find_breed\dog_breed_dataset\silky_terrier\n02097658_2087.jpg,silky_terrier
C:\Users\user\Documents\GitHub\find_breed\dog_breed_dataset\silky_terrier\n02097658_2919.jpg,silky_terrier
C:\Users\user\Documents\GitHub\find_breed\dog_breed_dataset\silky_terrier\n02097658_329.jpg,silky_terrier
C:\Users\user\Documents\GitHub\find_breed\dog_breed_dataset\silky_terrier\n02097658_6.jpg,silky_terrier
C:\Users\user\Documents\GitHub\find_breed\dog_breed_dataset\silky_terrier\n02097658_8053.jpg,silky_terrier
C:\Users\user\Documents\GitHub\find_breed\dog_breed_dataset\soft_coated_wheaten_terrier\n02098105_1089.jpg,soft_coated_wheaten_terrier
C:\Users\user\Documents\GitHub\find_breed\dog_breed_dataset\soft_coated_wheaten_terrier\n02098105_1234.jpg,soft_coated_wheaten_terrier
C:\Users\user\Documents\GitHub\find_breed\dog_breed_dataset\soft_coated_wheaten_terrier\n02098105_1386.jpg,soft_coated_wheaten_terrier
C:\Users\user\Documents\GitHub\find_breed\dog_breed_dataset\soft_coated_wheaten_terrier\n02098105_1583.jpg,soft_coated_wheaten_terrier
C:\Users\user\Documents\GitHub\find_breed\dog_breed_dataset\soft_coated_wheaten_terrier\n02098105_1791.jpg,soft_coated_wheaten_terrier
C:\Users\user\Documents\GitHub\find_breed\dog_breed_dataset\soft_coated_wheaten_terrier\n02098105_2031.jpg,soft_coated_wheaten_terrier
C:\Users\user\Documents\GitHub\find_breed\dog_breed_dataset\soft_coated_wheaten_terrier\n02098105_2256.jpg,soft_coated_wheaten_terrier
C:\Users\user\Documents\GitHub\find_breed\dog_breed_dataset\soft_coated_wheaten_terrier\n02098105_2404.jpg,soft_coated_wheaten_terrier
C:\Users\user\Documents\GitHub\find_breed\dog_breed_dataset\soft_coated_wheaten_terrier\n02098105_2455.jpg,soft_coated_wheaten_terrier
C:\Users\user\Documents\GitHub\find_breed\dog_breed_dataset\soft_coated_wheaten_terrier\n02098105_2462.jpg,soft_coated_wheaten_terrier
C:\Users\user\Documents\GitHub\find_breed\dog_breed_dataset\soft_coated_wheaten_terrier\n02098105_2744.jpg,soft_coated_wheaten_terrier
C:\Users\user\Documents\GitHub\find_breed\dog_breed_dataset\soft_coated_wheaten_terrier\n02098105_3069.jpg,soft_coated_wheaten_terrier
C:\Users\user\Documents\GitHub\find_breed\dog_breed_dataset\soft_coated_wheaten_terrier\n02098105_3348.jpg,soft_coated_wheaten_terrier
C:\Users\user\Documents\GitHub\find_breed\dog_breed_dataset\soft_coated_wheaten_terrier\n02098105_3579.jpg,soft_coated_wheaten_terrier
C:\Users\user\Documents\GitHub\find_breed\dog_breed_dataset\soft_coated_wheaten_terrier\n02098105_3591.jpg,soft_coated_wheaten_terrier
C:\Users\user\Documents\GitHub\find_breed\dog_breed_dataset\soft_coated_wheaten_terrier\n02098105_555.jpg,soft_coated_wheaten_terrier
C:\Users\user\Documents\GitHub\find_breed\dog_breed_dataset\soft_coated_wheaten_terrier\n02098105_911.jpg,soft_coated_wheaten_terrier
C:\Users\user\Documents\GitHub\find_breed\dog_breed_dataset\staffordshire_bullterrier\n02093256_11023.jpg,staffordshire_bullterrier
C:\Users\user\Documents\GitHub\find_breed\dog_breed_dataset\staffordshire_bullterrier\n02093256_11820.jpg,staffordshire_bullterrier
C:\Users\user\Documents\GitHub\find_breed\dog_breed_dataset\staffordshire_bullterrier\n02093256_1549.jpg,staffordshire_bullterrier
C:\Users\user\Documents\GitHub\find_breed\dog_breed_dataset\staffordshire_bullterrier\n02093256_1757.jpg,staffordshire_bullterrier
C:\Users\user\Documents\GitHub\find_breed\dog_breed_dataset\staffordshire_bullterrier\n02093256_2073.jpg,staffordshire_bullterrier
C:\Users\user\Documents\GitHub\find_breed\dog_breed_dataset\staffordshire_bullterrier\n02093256_225.jpg,staffordshire_bullterrier
C:\Users\user\Documents\GitHub\find_breed\dog_breed_dataset\staffordshire_bullterrier\n02093256_2542.jpg,staffordshire_bullterrier
C:\Users\user\Documents\GitHub\find_breed\dog_breed_dataset\staffordshire_bullterrier\n02093256_2748.jpg,staffordshire_bullterrier
C:\Users\user\Documents\GitHub\find_breed\dog_breed_dataset\staffordshire_bullterrier\n02093256_291.jpg,staffordshire_bullterrier
C:\Users\user\Documents\GitHub\find_breed\dog_breed_dataset\staffordshire_bullterrier\n02093256_3306.jpg,staffordshire_bullterrier
C:\Users\user\Documents\GitHub\find_breed\dog_breed_dataset\staffordshire_bullterrier\n02093256_3462.jpg,staffordshire_bullterrier
C:\Users\user\Documents\GitHub\find_breed\dog_breed_dataset\staffordshire_bullterrier\n02093256_4452.jpg,staffordshire_bullterrier
C:\Users\user\Documents\GitHub\find_breed\dog_breed_dataset\staffordshire_bullterrier\n02093256_5325.jpg,staffordshire_bullterrier
C:\Users\user\Documents\GitHub\find_breed\dog_breed_dataset\staffordshire_bullterrier\n02093256_5808.jpg,staffordshire_bullterrier
C:\Users\user\Documents\GitHub\find_breed\dog_breed_dataset\staffordshire_bullterrier\n02093256_5988.jpg,staffordshire_bullterrier
C:\Users\user\Documents\GitHub\find_breed\dog_breed_dataset\staffordshire_bullterrier\n02093256_6473.jpg,staffordshire_bullterrier
C:\Users\user\Documents\GitHub\find_breed\dog_breed_dataset\staffordshire_bullterrier\n02093256_6969.jpg,staffordshire_bullterrier
C:\Users\user\Documents\GitHub\find_breed\dog_breed_dataset\staffordshire_bullterrier\n02093256_898.jpg,staffordshire_bullterrier
C:\Users\user\Documents\GitHub\find_breed\dog_breed_dataset\standard_poodle\n02113799_1207.jpg,standard_poodle
C:\Users\user\Documents\GitHub\find_breed\dog_breed_dataset\standard_poodle\n02113799_1316.jpg,standard_poodle
C:\Users\user\Documents\GitHub\find_breed\dog_breed_dataset\standard_poodle\n02113799_1344.jpg,standard_poodle
C:\Users\user\Documents\GitHub\find_breed\dog_breed_dataset\standard_poodle\n02113799_1439.jpg,standard_poodle
C:\Users\user\Documents\GitHub\find_breed\dog_breed_dataset\standard_poodle\n02113799_1444.jpg,standard_poodle
C:\Users\user\Documents\GitHub\find_breed\dog_breed_dataset\standard_poodle\n02113799_1474.jpg,standard_poodle
C:\Users\user\Documents\GitHub\find_breed\dog_breed_dataset\standard_poodle\n02113799_153.jpg,standard_poodle
C:\Users\user\Documents\GitHub\find_breed\dog_breed_dataset\standard_poodle\n02113799_1537.jpg,standard_poodle
C:\Users\user\Documents\GitHub\find_breed\dog_breed_dataset\standard_poodle\n02113799_156.jpg,standard_poodle
C:\Users\user\Documents\GitHub\find_breed\dog_breed_dataset\standard_poodle\n02113799_1572.jpg,standard_poodle
C:\Users\user\Documents\GitHub\find_breed\dog_breed_dataset\standard_poodle\n02113799_1696.jpg,standard_poodle
C:\Users\user\Documents\GitHub\find_breed\dog_breed_dataset\standard_poodle\n02113799_1743.jpg,standard_poodle
C:\Users\user\Documents\GitHub\find_breed\dog_breed_dataset\standard_poodle\n02113799_1864.jpg,standard_poodle
C:\Users\user\Documents\GitHub\find_breed\dog_breed_dataset\standard_poodle\n02113799_1962.jpg,standard_poodle
C:\Users\user\Documents\GitHub\find_breed\dog_breed_dataset\standard_poodle\n02113799_2043.jpg,standard_poodle
C:\Users\user\Documents\GitHub\find_breed\dog_breed_dataset\standard_poodle\n02113799_2068.jpg,standard_poodle
C:\Users\user\Documents\GitHub\find_breed\dog_breed_dataset\standard_poodle\n02113799_2073.jpg,standard_poodle
C:\Users\user\Documents\GitHub\find_breed\dog_breed_dataset\standard_poodle\n02113799_2096.jpg,standard_poodle
C:\Users\user\Documents\GitHub\find_breed\dog_breed_dataset\standard_poodle\n02113799_2139.jpg,standard_poodle
C:\Users\user\Documents\GitHub\find_breed\dog_breed_dataset\standard_poodle\n02113799_2248.jpg,standard_poodle
C:\Users\user\Documents\GitHub\find_breed\dog_breed_dataset\standard_poodle\n02113799_2292.jpg,standard_poodle
C:\Users\user\Documents\GitHub\find_breed\dog_breed_dataset\standard_poodle\n02113799_2321.jpg,standard_poodle
C:\Users\user\Documents\GitHub\find_breed\dog_breed_dataset\standard_poodle\n02113799_2333.jpg,standard_poodle
C:\Users\user\Documents\GitHub\find_breed\dog_breed_dataset\standard_poodle\n02113799_2369.jpg,standard_poodle
C:\Users\user\Documents\GitHub\find_breed\dog_breed_dataset\standard_poodle\n02113799_2478.jpg,standard_poodle
C:\Users\user\Documents\GitHub\find_breed\dog_breed_dataset\standard_poodle\n02113799_2729.jpg,standard_poodle
C:\Users\user\Documents\GitHub\find_breed\dog_breed_dataset\standard_poodle\n02113799_3054.jpg,standard_poodle
C:\Users\user\Documents\GitHub\find_breed\dog_breed_dataset\standard_poodle\n02113799_3055.jpg,standard_poodle
C:\Users\user\Documents\GitHub\find_breed\dog_breed_dataset\standard_poodle\n02113799_3098.jpg,standard_poodle
C:\Users\user\Documents\GitHub\find_breed\dog_breed_dataset\standard_poodle\n02113799_311.jpg,standard_poodle
C:\Users\user\Documents\GitHub\find_breed\dog_breed_dataset\standard_poodle\n02113799_3278.jpg,standard_poodle
C:\Users\user\Documents\GitHub\find_breed\dog_breed_dataset\standard_poodle\n02113799_336.jpg,standard_poodle
C:\Users\user\Documents\GitHub\find_breed\dog_breed_dataset\standard_poodle\n02113799_3695.jpg,standard_poodle
C:\Users\user\Documents\GitHub\find_breed\dog_breed_dataset\standard_poodle\n02113799_3978.jpg,standard_poodle
C:\Users\user\Documents\GitHub\find_breed\dog_breed_dataset\standard_poodle\n02113799_4046.jpg,standard_poodle
C:\Users\user\Documents\GitHub\find_breed\dog_breed_dataset\standard_poodle\n02113799_4143.jpg,standard_poodle
C:\Users\user\Documents\GitHub\find_breed\dog_breed_dataset\standard_poodle\n02113799_4448.jpg,standard_poodle
C:\Users\user\Documents\GitHub\find_breed\dog_breed_dataset\standard_poodle\n02113799_4454.jpg,standard_poodle
C:\Users\user\Documents\GitHub\find_breed\dog_breed_dataset\standard_poodle\n02113799_447.jpg,standard_poodle
C:\Users\user\Documents\GitHub\find_breed\dog_breed_dataset\standard_poodle\n02113799_448.jpg,standard_poodle
C:\Users\user\Documents\GitHub\find_breed\dog_breed_dataset\standard_poodle\n02113799_4499.jpg,standard_poodle
C:\Users\user\Documents\GitHub\find_breed\dog_breed_dataset\standard_poodle\n02113799_4604.jpg,standard_poodle
C:\Users\user\Documents\GitHub\find_breed\dog_breed_dataset\standard_poodle\n02113799_4740.jpg,standard_poodle
C:\Users\user\Documents\GitHub\find_breed\dog_breed_dataset\standard_poodle\n02113799_4761.jpg,standard_poodle
C:\Users\user\Documents\GitHub\find_breed\dog_breed_dataset\standard_poodle\n02113799_5023.jpg,standard_poodle
C:\Users\user\Documents\GitHub\find_breed\dog_breed_dataset\standard_poodle\n02113799_5157.jpg,standard_poodle
C:\Users\user\Documents\GitHub\find_breed\dog_breed_dataset\standard_poodle\n02113799_5514.jpg,standard_poodle
C:\Users\user\Documents\GitHub\find_breed\dog_breed_dataset\standard_poodle\n02113799_589.jpg,standard_poodle
C:\Users\user\Documents\GitHub\find_breed\dog_breed_dataset\standard_poodle\n02113799_5975.jpg,standard_poodle
C:\Users\user\Documents\GitHub\find_breed\dog_breed_dataset\standard_poodle\n02113799_5986.jpg,standard_poodle
C:\Users\user\Documents\GitHub\find_breed\dog_breed_dataset\standard_poodle\n02113799_6740.jpg,standard_poodle
C:\Users\user\Documents\GitHub\find_breed\dog_breed_dataset\standard_poodle\n02113799_6891.jpg,standard_poodle
C:\Users\user\Documents\GitHub\find_breed\dog_breed_dataset\standard_poodle\n02113799_7299.jpg,standard_poodle
C:\Users\user\Documents\GitHub\find_breed\dog_breed_dataset\standard_poodle\n02113799_7448.jpg,standard_poodle
C:\Users\user\Documents\GitHub\find_breed\dog_breed_dataset\standard_poodle\n02113799_848.jpg,standard_poodle
C:\Users\user\Documents\GitHub\find_breed\dog_breed_dataset\standard_poodle\n02113799_923.jpg,standard_poodle
C:\Users\user\Documents\GitHub\find_breed\dog_breed_dataset\standard_poodle\n02113799_936.jpg,standard_poodle
C:\Users\user\Documents\GitHub\find_breed\dog_breed_dataset\standard_poodle\n02113799_963.jpg,standard_poodle
C:\Users\user\Documents\GitHub\find_breed\dog_breed_dataset\standard_schnauzer\n02097209_1.jpg,standard_schnauzer
C:\Users\user\Documents\GitHub\find_breed\dog_breed_dataset\standard_schnauzer\n02097209_1164.jpg,standard_schnauzer
C:\Users\user\Documents\GitHub\find_breed\dog_breed_dataset\standard_schnauzer\n02097209_15.jpg,standard_schnauzer
C:\Users\user\Documents\GitHub\find_breed\dog_breed_dataset\standard_schnauzer\n02097209_1653.jpg,standard_schnauzer
C:\Users\user\Documents\GitHub\find_breed\dog_breed_dataset\standard_schnauzer\n02097209_193.jpg,standard_schnauzer
C:\Users\user\Documents\GitHub\find_breed\dog_breed_dataset\standard_schnauzer\n02097209_213.jpg,standard_schnauzer
C:\Users\user\Documents\GitHub\find_breed\dog_breed_dataset\standard_schnauzer\n02097209_2194.jpg,standard_schnauzer
C:\Users\user\Documents\GitHub\find_breed\dog_breed_dataset\standard_schnauzer\n02097209_221.jpg,standard_schnauzer
C:\Users\user\Documents\GitHub\find_breed\dog_breed_dataset\standard_schnauzer\n02097209_2274.jpg,standard_schnauzer
C:\Users\user\Documents\GitHub\find_breed\dog_breed_dataset\standard_schnauzer\n02097209_2468.jpg,standard_schnauzer
C:\Users\user\Documents\GitHub\find_breed\dog_breed_dataset\standard_schnauzer\n02097209_2629.jpg,standard_schnauzer
C:\Users\user\Documents\GitHub\find_breed\dog_breed_dataset\standard_schnauzer\n02097209_2813.jpg,standard_schnauzer
C:\Users\user\Documents\GitHub\find_breed\dog_breed_dataset\standard_schnauzer\n02097209_2845.jpg,standard_schnauzer
C:\Users\user\Documents\GitHub\find_breed\dog_breed_dataset\standard_schnauzer\n02097209_2867.jpg,standard_schnauzer
C:\Users\user\Documents\GitHub\find_breed\dog_breed_dataset\standard_schnauzer\n02097209_2924.jpg,standard_schnauzer
C:\Users\user\Documents\GitHub\find_breed\dog_breed_dataset\standard_schnauzer\n02097209_3144.jpg,standard_schnauzer
C:\Users\user\Documents\GitHub\find_breed\dog_breed_dataset\standard_schnauzer\n02097209_3202.jpg,standard_schnauzer
C:\Users\user\Documents\GitHub\find_breed\dog_breed_dataset\standard_schnauzer\n02097209_3423.jpg,standard_schnauzer
C:\Users\user\Documents\GitHub\find_breed\dog_breed_dataset\standard_schnauzer\n02097209_3534.jpg,standard_schnauzer
C:\Users\user\Documents\GitHub\find_breed\dog_breed_dataset\standard_schnauzer\n02097209_3543.jpg,standard_schnauzer
C:\Users\user\Documents\GitHub\find_breed\dog_breed_dataset\standard_schnauzer\n02097209_3811.jpg,standard_schnauzer
C:\Users\user\Documents\GitHub\find_breed\dog_breed_dataset\standard_schnauzer\n02097209_3815.jpg,standard_schnauzer
C:\Users\user\Documents\GitHub\find_breed\dog_breed_dataset\standard_schnauzer\n02097209_3823.jpg,standard_schnauzer
C:\Users\user\Documents\GitHub\find_breed\dog_breed_dataset\standard_schnauzer\n02097209_3831.jpg,standard_schnauzer
C:\Users\user\Documents\GitHub\find_breed\dog_breed_dataset\standard_schnauzer\n02097209_4148.jpg,standard_schnauzer
C:\Users\user\Documents\GitHub\find_breed\dog_breed_dataset\standard_schnauzer\n02097209_4183.jpg,standard_schnauzer
C:\Users\user\Documents\GitHub\find_breed\dog_breed_dataset\standard_schnauzer\n02097209_4206.jpg,standard_schnauzer
C:\Users\user\Documents\GitHub\find_breed\dog_breed_dataset\standard_schnauzer\n02097209_46.jpg,standard_schnauzer
C:\Users\user\Documents\GitHub\find_breed\dog_breed_dataset\standard_schnauzer\n02097209_479.jpg,standard_schnauzer
C:\Users\user\Documents\GitHub\find_breed\dog_breed_dataset\standard_schnauzer\n02097209_583.jpg,standard_schnauzer
C:\Users\user\Documents\GitHub\find_breed\dog_breed_dataset\standard_schnauzer\n02097209_585.jpg,standard_schnauzer
C:\Users\user\Documents\GitHub\find_breed\dog_breed_dataset\sussex_spaniel\n02102480_1838.jpg,sussex_spaniel
C:\Users\user\Documents\GitHub\find_breed\dog_breed_dataset\sussex_spaniel\n02102480_2041.jpg,sussex_spaniel
C:\Users\user\Documents\GitHub\find_breed\dog_breed_dataset\sussex_spaniel\n02102480_2045.jpg,sussex_spaniel
C:\Users\user\Documents\GitHub\find_breed\dog_breed_dataset\sussex_spaniel\n02102480_2192.jpg,sussex_spaniel
C:\Users\user\Documents\GitHub\find_breed\dog_breed_dataset\sussex_spaniel\n02102480_2224.jpg,sussex_spaniel
C:\Users\user\Documents\GitHub\find_breed\dog_breed_dataset\sussex_spaniel\n02102480_276.jpg,sussex_spaniel
C:\Users\user\Documents\GitHub\find_breed\dog_breed_dataset\sussex_spaniel\n02102480_2899.jpg,sussex_spaniel
C:\Users\user\Documents\GitHub\find_breed\dog_breed_dataset\sussex_spaniel\n02102480_3436.jpg,sussex_spaniel
C:\Users\user\Documents\GitHub\find_breed\dog_breed_dataset\sussex_spaniel\n02102480_3771.jpg,sussex_spaniel
C:\Users\user\Documents\GitHub\find_breed\dog_breed_dataset\sussex_spaniel\n02102480_5442.jpg,sussex_spaniel
C:\Users\user\Documents\GitHub\find_breed\dog_breed_dataset\sussex_spaniel\n02102480_6483.jpg,sussex_spaniel
C:\Users\user\Documents\GitHub\find_breed\dog_breed_dataset\sussex_spaniel\n02102480_8002.jpg,sussex_spaniel
C:\Users\user\Documents\GitHub\find_breed\dog_breed_dataset\tibetan_mastiff\n02108551_1025.jpg,tibetan_mastiff
C:\Users\user\Documents\GitHub\find_breed\dog_breed_dataset\tibetan_mastiff\n02108551_1091.jpg,tibetan_mastiff
C:\Users\user\Documents\GitHub\find_breed\dog_breed_dataset\tibetan_mastiff\n02108551_1104.jpg,tibetan_mastiff
C:\Users\user\Documents\GitHub\find_breed\dog_breed_dataset\tibetan_mastiff\n02108551_1121.jpg,tibetan_mastiff
C:\Users\user\Documents\GitHub\find_breed\dog_breed_dataset\tibetan_mastiff\n02108551_1155.jpg,tibetan_mastiff
C:\Users\user\Documents\GitHub\find_breed\dog_breed_dataset\tibetan_mastiff\n02108551_11671.jpg,tibetan_mastiff
C:\Users\user\Documents\GitHub\find_breed\dog_breed_dataset\tibetan_mastiff\n02108551_1240.jpg,tibetan_mastiff
C:\Users\user\Documents\GitHub\find_breed\dog_breed_dataset\tibetan_mastiff\n02108551_12438.jpg,tibetan_mastiff
C:\Users\user\Documents\GitHub\find_breed\dog_breed_dataset\tibetan_mastiff\n02108551_1380.jpg,tibetan_mastiff
C:\Users\user\Documents\GitHub\find_breed\dog_breed_dataset\tibetan_mastiff\n02108551_1451.jpg,tibetan_mastiff
C:\Users\user\Documents\GitHub\find_breed\dog_breed_dataset\tibetan_mastiff\n02108551_1543.jpg,tibetan_mastiff
C:\Users\user\Documents\GitHub\find_breed\dog_breed_dataset\tibetan_mastiff\n02108551_155.jpg,tibetan_mastiff
C:\Users\user\Documents\GitHub\find_breed\dog_breed_dataset\tibetan_mastiff\n02108551_1664.jpg,tibetan_mastiff
C:\Users\user\Documents\GitHub\find_breed\dog_breed_dataset\tibetan_mastiff\n02108551_175.jpg,tibetan_mastiff
C:\Users\user\Documents\GitHub\find_breed\dog_breed_dataset\tibetan_mastiff\n02108551_1774.jpg,tibetan_mastiff
C:\Users\user\Documents\GitHub\find_breed\dog_breed_dataset\tibetan_mastiff\n02108551_2122.jpg,tibetan_mastiff
C:\Users\user\Documents\GitHub\find_breed\dog_breed_dataset\tibetan_mastiff\n02108551_2240.jpg,tibetan_mastiff
C:\Users\user\Documents\GitHub\find_breed\dog_breed_dataset\tibetan_mastiff\n02108551_2611.jpg,tibetan_mastiff
C:\Users\user\Documents\GitHub\find_breed\dog_breed_dataset\tibetan_mastiff\n02108551_2898.jpg,tibetan_mastiff
C:\Users\user\Documents\GitHub\find_breed\dog_breed_dataset\tibetan_mastiff\n02108551_2921.jpg,tibetan_mastiff
C:\Users\user\Documents\GitHub\find_breed\dog_breed_dataset\tibetan_mastiff\n02108551_3284.jpg,tibetan_mastiff
C:\Users\user\Documents\GitHub\find_breed\dog_breed_dataset\tibetan_mastiff\n02108551_3305.jpg,tibetan_mastiff
C:\Users\user\Documents\GitHub\find_breed\dog_breed_dataset\tibetan_mastiff\n02108551_3501.jpg,tibetan_mastiff
C:\Users\user\Documents\GitHub\find_breed\dog_breed_dataset\tibetan_mastiff\n02108551_351.jpg,tibetan_mastiff
C:\Users\user\Documents\GitHub\find_breed\dog_breed_dataset\tibetan_mastiff\n02108551_3578.jpg,tibetan_mastiff
C:\Users\user\Documents\GitHub\find_breed\dog_breed_dataset\tibetan_mastiff\n02108551_369.jpg,tibetan_mastiff
C:\Users\user\Documents\GitHub\find_breed\dog_breed_dataset\tibetan_mastiff\n02108551_4421.jpg,tibetan_mastiff
C:\Users\user\Documents\GitHub\find_breed\dog_breed_dataset\tibetan_mastiff\n02108551_4426.jpg,tibetan_mastiff
C:\Users\user\Documents\GitHub\find_breed\dog_breed_dataset\tibetan_mastiff\n02108551_4682.jpg,tibetan_mastiff
C:\Users\user\Documents\GitHub\find_breed\dog_breed_dataset\tibetan_mastiff\n02108551_4769.jpg,tibetan_mastiff
C:\Users\user\Documents\GitHub\find_breed\dog_breed_dataset\tibetan_mastiff\n02108551_5050.jpg,tibetan_mastiff
C:\Users\user\Documents\GitHub\find_breed\dog_breed_dataset\tibetan_mastiff\n02108551_5540.jpg,tibetan_mastiff
C:\Users\user\Documents\GitHub\find_breed\dog_breed_dataset\tibetan_mastiff\n02108551_5625.jpg,tibetan_mastiff
C:\Users\user\Documents\GitHub\find_breed\dog_breed_dataset\tibetan_mastiff\n02108551_572.jpg,tibetan_mastiff
C:\Users\user\Documents\GitHub\find_breed\dog_breed_dataset\tibetan_mastiff\n02108551_581.jpg,tibetan_mastiff
C:\Users\user\Documents\GitHub\find_breed\dog_breed_dataset\tibetan_mastiff\n02108551_640.jpg,tibetan_mastiff
C:\Users\user\Documents\GitHub\find_breed\dog_breed_dataset\tibetan_mastiff\n02108551_650.jpg,tibetan_mastiff
C:\Users\user\Documents\GitHub\find_breed\dog_breed_dataset\tibetan_mastiff\n02108551_728.jpg,tibetan_mastiff
C:\Users\user\Documents\GitHub\find_breed\dog_breed_dataset\tibetan_mastiff\n02108551_899.jpg,tibetan_mastiff
C:\Users\user\Documents\GitHub\find_breed\dog_breed_dataset\tibetan_mastiff\n02108551_9132.jpg,tibetan_mastiff
C:\Users\user\Documents\GitHub\find_breed\dog_breed_dataset\tibetan_terrier\n02097474_1278.jpg,tibetan_terrier
C:\Users\user\Documents\GitHub\find_breed\dog_breed_dataset\tibetan_terrier\n02097474_1741.jpg,tibetan_terrier
C:\Users\user\Documents\GitHub\find_breed\dog_breed_dataset\tibetan_terrier\n02097474_1962.jpg,tibetan_terrier
C:\Users\user\Documents\GitHub\find_breed\dog_breed_dataset\tibetan_terrier\n02097474_1967.jpg,tibetan_terrier
C:\Users\user\Documents\GitHub\find_breed\dog_breed_dataset\tibetan_terrier\n02097474_2348.jpg,tibetan_terrier
C:\Users\user\Documents\GitHub\find_breed\dog_breed_dataset\tibetan_terrier\n02097474_2553.jpg,tibetan_terrier
C:\Users\user\Documents\GitHub\find_breed\dog_breed_dataset\tibetan_terrier\n02097474_3461.jpg,tibetan_terrier
C:\Users\user\Documents\GitHub\find_breed\dog_breed_dataset\tibetan_terrier\n02097474_5091.jpg,tibetan_terrier
C:\Users\user\Documents\GitHub\find_breed\dog_breed_dataset\tibetan_terrier\n02097474_5182.jpg,tibetan_terrier
C:\Users\user\Documents\GitHub\find_breed\dog_breed_dataset\tibetan_terrier\n02097474_5280.jpg,tibetan_terrier
C:\Users\user\Documents\GitHub\find_breed\dog_breed_dataset\tibetan_terrier\n02097474_5571.jpg,tibetan_terrier
C:\Users\user\Documents\GitHub\find_breed\dog_breed_dataset\tibetan_terrier\n02097474_5656.jpg,tibetan_terrier
C:\Users\user\Documents\GitHub\find_breed\dog_breed_dataset\tibetan_terrier\n02097474_5765.jpg,tibetan_terrier
C:\Users\user\Documents\GitHub\find_breed\dog_breed_dataset\tibetan_terrier\n02097474_6306.jpg,tibetan_terrier
C:\Users\user\Documents\GitHub\find_breed\dog_breed_dataset\tibetan_terrier\n02097474_8688.jpg,tibetan_terrier
C:\Users\user\Documents\GitHub\find_breed\dog_breed_dataset\toy_poodle\n02113624_1220.jpg,toy_poodle
C:\Users\user\Documents\GitHub\find_breed\dog_breed_dataset\toy_poodle\n02113624_1639.jpg,toy_poodle
C:\Users\user\Documents\GitHub\find_breed\dog_breed_dataset\toy_poodle\n02113624_189.jpg,toy_poodle
C:\Users\user\Documents\GitHub\find_breed\dog_breed_dataset\toy_poodle\n02113624_1929.jpg,toy_poodle
C:\Users\user\Documents\GitHub\find_breed\dog_breed_dataset\toy_poodle\n02113624_2244.jpg,toy_poodle
C:\Users\user\Documents\GitHub\find_breed\dog_breed_dataset\toy_poodle\n02113624_2308.jpg,toy_poodle
C:\Users\user\Documents\GitHub\find_breed\dog_breed_dataset\toy_poodle\n02113624_274.jpg,toy_poodle
C:\Users\user\Documents\GitHub\find_breed\dog_breed_dataset\toy_poodle\n02113624_2785.jpg,toy_poodle
C:\Users\user\Documents\GitHub\find_breed\dog_breed_dataset\toy_poodle\n02113624_2816.jpg,toy_poodle
C:\Users\user\Documents\GitHub\find_breed\dog_breed_dataset\toy_poodle\n02113624_2883.jpg,toy_poodle
C:\Users\user\Documents\GitHub\find_breed\dog_breed_dataset\toy_poodle\n02113624_2905.jpg,toy_poodle
C:\Users\user\Documents\GitHub\find_breed\dog_breed_dataset\toy_poodle\n02113624_3103.jpg,toy_poodle
C:\Users\user\Documents\GitHub\find_breed\dog_breed_dataset\toy_poodle\n02113624_320.jpg,toy_poodle
C:\Users\user\Documents\GitHub\find_breed\dog_breed_dataset\toy_poodle\n02113624_3639.jpg,toy_poodle
C:\Users\user\Documents\GitHub\find_breed\dog_breed_dataset\toy_poodle\n02113624_3887.jpg,toy_poodle
C:\Users\user\Documents\GitHub\find_breed\dog_breed_dataset\toy_poodle\n02113624_4112.jpg,toy_poodle
C:\Users\user\Documents\GitHub\find_breed\dog_breed_dataset\toy_poodle\n02113624_4349.jpg,toy_poodle
C:\Users\user\Documents\GitHub\find_breed\dog_breed_dataset\toy_poodle\n02113624_5367.jpg,toy_poodle
C:\Users\user\Documents\GitHub\find_breed\dog_breed_dataset\toy_poodle\n02113624_5459.jpg,toy_poodle
C:\Users\user\Documents\GitHub\find_breed\dog_breed_dataset\toy_poodle\n02113624_5523.jpg,toy_poodle
C:\Users\user\Documents\GitHub\find_breed\dog_breed_dataset\toy_poodle\n02113624_5584.jpg,toy_poodle
C:\Users\user\Documents\GitHub\find_breed\dog_breed_dataset\toy_poodle\n02113624_6060.jpg,toy_poodle
C:\Users\user\Documents\GitHub\find_breed\dog_breed_dataset\toy_poodle\n02113624_6230.jpg,toy_poodle
C:\Users\user\Documents\GitHub\find_breed\dog_breed_dataset\toy_poodle\n02113624_629.jpg,toy_poodle
C:\Users\user\Documents\GitHub\find_breed\dog_breed_dataset\toy_poodle\n02113624_6683.jpg,toy_poodle
C:\Users\user\Documents\GitHub\find_breed\dog_breed_dataset\toy_poodle\n02113624_6868.jpg,toy_poodle
C:\Users\user\Documents\GitHub\find_breed\dog_breed_dataset\toy_poodle\n02113624_7448.jpg,toy_poodle
C:\Users\user\Documents\GitHub\find_breed\dog_breed_dataset\toy_poodle\n02113624_7996.jpg,toy_poodle
C:\Users\user\Documents\GitHub\find_breed\dog_breed_dataset\toy_poodle\n02113624_9229.jpg,toy_poodle
C:\Users\user\Documents\GitHub\find_breed\dog_breed_dataset\toy_poodle\n02113624_925.jpg,toy_poodle
C:\Users\user\Documents\GitHub\find_breed\dog_breed_dataset\toy_poodle\n02113624_9828.jpg,toy_poodle
C:\Users\user\Documents\GitHub\find_breed\dog_breed_dataset\toy_poodle\n02113624_983.jpg,toy_poodle
C:\Users\user\Documents\GitHub\find_breed\dog_breed_dataset\toy_terrier\n02087046_1724.jpg,toy_terrier
C:\Users\user\Documents\GitHub\find_breed\dog_breed_dataset\toy_terrier\n02087046_2158.jpg,toy_terrier
C:\Users\user\Documents\GitHub\find_breed\dog_breed_dataset\toy_terrier\n02087046_2969.jpg,toy_terrier
C:\Users\user\Documents\GitHub\find_breed\dog_breed_dataset\toy_terrier\n02087046_3735.jpg,toy_terrier
C:\Users\user\Documents\GitHub\find_breed\dog_breed_dataset\toy_terrier\n02087046_3953.jpg,toy_terrier
C:\Users\user\Documents\GitHub\find_breed\dog_breed_dataset\toy_terrier\n02087046_4001.jpg,toy_terrier
C:\Users\user\Documents\GitHub\find_breed\dog_breed_dataset\toy_terrier\n02087046_4315.jpg,toy_terrier
C:\Users\user\Documents\GitHub\find_breed\dog_breed_dataset\toy_terrier\n02087046_4394.jpg,toy_terrier
C:\Users\user\Documents\GitHub\find_breed\dog_breed_dataset\toy_terrier\n02087046_4987.jpg,toy_terrier
C:\Users\user\Documents\GitHub\find_breed\dog_breed_dataset\toy_terrier\n02087046_568.jpg,toy_terrier
C:\Users\user\Documents\GitHub\find_breed\dog_breed_dataset\toy_terrier\n02087046_7214.jpg,toy_terrier
C:\Users\user\Documents\GitHub\find_breed\dog_breed_dataset\toy_terrier\n02087046_7469.jpg,toy_terrier
C:\Users\user\Documents\GitHub\find_breed\dog_breed_dataset\vizsla\n02100583_10249.jpg,vizsla
C:\Users\user\Documents\GitHub\find_breed\dog_breed_dataset\vizsla\n02100583_12.jpg,vizsla
C:\Users\user\Documents\GitHub\find_breed\dog_breed_dataset\vizsla\n02100583_12466.jpg,vizsla
C:\Users\user\Documents\GitHub\find_breed\dog_breed_dataset\vizsla\n02100583_13035.jpg,vizsla
C:\Users\user\Documents\GitHub\find_breed\dog_breed_dataset\vizsla\n02100583_14263.jpg,vizsla
C:\Users\user\Documents\GitHub\find_breed\dog_breed_dataset\vizsla\n02100583_216.jpg,vizsla
C:\Users\user\Documents\GitHub\find_breed\dog_breed_dataset\vizsla\n02100583_5829.jpg,vizsla
C:\Users\user\Documents\GitHub\find_breed\dog_breed_dataset\vizsla\n02100583_9522.jpg,vizsla
C:\Users\user\Documents\GitHub\find_breed\dog_breed_dataset\walker_hound\n02089867_1082.jpg,walker_hound
C:\Users\user\Documents\GitHub\find_breed\dog_breed_dataset\walker_hound\n02089867_1345.jpg,walker_hound
C:\Users\user\Documents\GitHub\find_breed\dog_breed_dataset\walker_hound\n02089867_1368.jpg,walker_hound
C:\Users\user\Documents\GitHub\find_breed\dog_breed_dataset\walker_hound\n02089867_1439.jpg,walker_hound
C:\Users\user\Documents\GitHub\find_breed\dog_breed_dataset\walker_hound\n02089867_1471.jpg,walker_hound
C:\Users\user\Documents\GitHub\find_breed\dog_breed_dataset\walker_hound\n02089867_148.jpg,walker_hound
C:\Users\user\Documents\GitHub\find_breed\dog_breed_dataset\walker_hound\n02089867_1988.jpg,walker_hound
C:\Users\user\Documents\GitHub\find_breed\dog_breed_dataset\walker_hound\n02089867_2102.jpg,walker_hound
C:\Users\user\Documents\GitHub\find_breed\dog_breed_dataset\walker_hound\n02089867_2191.jpg,walker_hound
C:\Users\user\Documents\GitHub\find_breed\dog_breed_dataset\walker_hound\n02089867_2387.jpg,walker_hound
C:\Users\user\Documents\GitHub\find_breed\dog_breed_dataset\walker_hound\n02089867_2388.jpg,walker_hound
C:\Users\user\Documents\GitHub\find_breed\dog_breed_dataset\walker_hound\n02089867_2433.jpg,walker_hound
C:\Users\user\Documents\GitHub\find_breed\dog_breed_dataset\walker_hound\n02089867_2582.jpg,walker_hound
C:\Users\user\Documents\GitHub\find_breed\dog_breed_dataset\walker_hound\n02089867_2653.jpg,walker_hound
C:\Users\user\Documents\GitHub\find_breed\dog_breed_dataset\walker_hound\n02089867_2713.jpg,walker_hound
C:\Users\user\Documents\GitHub\find_breed\dog_breed_dataset\walker_hound\n02089867_2735.jpg,walker_hound
C:\Users\user\Documents\GitHub\find_breed\dog_breed_dataset\walker_hound\n02089867_2880.jpg,walker_hound
C:\Users\user\Documents\GitHub\find_breed\dog_breed_dataset\weimaraner\n02092339_176.jpg,weimaraner
C:\Users\user\Documents\GitHub\find_breed\dog_breed_dataset\weimaraner\n02092339_1856.jpg,weimaraner
C:\Users\user\Documents\GitHub\find_breed\dog_breed_dataset\weimaraner\n02092339_3028.jpg,weimaraner
C:\Users\user\Documents\GitHub\find_breed\dog_breed_dataset\weimaraner\n02092339_3371.jpg,weimaraner
C:\Users\user\Documents\GitHub\find_breed\dog_breed_dataset\weimaraner\n02092339_3409.jpg,weimaraner
C:\Users\user\Documents\GitHub\find_breed\dog_breed_dataset\weimaraner\n02092339_4650.jpg,weimaraner
C:\Users\user\Documents\GitHub\find_breed\dog_breed_dataset\weimaraner\n02092339_5292.jpg,weimaraner
C:\Users\user\Documents\GitHub\find_breed\dog_breed_dataset\weimaraner\n02092339_5978.jpg,weimaraner
C:\Users\user\Documents\GitHub\find_breed\dog_breed_dataset\weimaraner\n02092339_6212.jpg,weimaraner
C:\Users\user\Documents\GitHub\find_breed\dog_breed_dataset\weimaraner\n02092339_6430.jpg,weimaraner
C:\Users\user\Documents\GitHub\find_breed\dog_breed_dataset\weimaraner\n02092339_7500.jpg,weimaraner
C:\Users\user\Documents\GitHub\find_breed\dog_breed_dataset\welsh_springer_spaniel\n02102177_1546.jpg,welsh_springer_spaniel
C:\Users\user\Documents\GitHub\find_breed\dog_breed_dataset\welsh_springer_spaniel\n02102177_1914.jpg,welsh_springer_spaniel
C:\Users\user\Documents\GitHub\find_breed\dog_breed_dataset\welsh_springer_spaniel\n02102177_2018.jpg,welsh_springer_spaniel
C:\Users\user\Documents\GitHub\find_breed\dog_breed_dataset\welsh_springer_spaniel\n02102177_2054.jpg,welsh_springer_spaniel
C:\Users\user\Documents\GitHub\find_breed\dog_breed_dataset\welsh_springer_spaniel\n02102177_2426.jpg,welsh_springer_spaniel
C:\Users\user\Documents\GitHub\find_breed\dog_breed_dataset\welsh_springer_spaniel\n02102177_3639.jpg,welsh_springer_spaniel
C:\Users\user\Documents\GitHub\find_breed\dog_breed_dataset\welsh_springer_spaniel\n02102177_3737.jpg,welsh_springer_spaniel
C:\Users\user\Documents\GitHub\find_breed\dog_breed_dataset\west_highland_white_terrier\n02098286_1079.jpg,west_highland_white_terrier
C:\Users\user\Documents\GitHub\find_breed\dog_breed_dataset\west_highland_white_terrier\n02098286_1089.jpg,west_highland_white_terrier
C:\Users\user\Documents\GitHub\find_breed\dog_breed_dataset\west_highland_white_terrier\n02098286_1254.jpg,west_highland_white_terrier
C:\Users\user\Documents\GitHub\find_breed\dog_breed_dataset\west_highland_white_terrier\n02098286_1261.jpg,west_highland_white_terrier
C:\Users\user\Documents\GitHub\find_breed\dog_breed_dataset\west_highland_white_terrier\n02098286_1490.jpg,west_highland_white_terrier
C:\Users\user\Documents\GitHub\find_breed\dog_breed_dataset\west_highland_white_terrier\n02098286_2257.jpg,west_highland_white_terrier
C:\Users\user\Documents\GitHub\find_breed\dog_breed_dataset\west_highland_white_terrier\n02098286_2359.jpg,west_highland_white_terrier
C:\Users\user\Documents\GitHub\find_breed\dog_breed_dataset\west_highland_white_terrier\n02098286_275.jpg,west_highland_white_terrier
C:\Users\user\Documents\GitHub\find_breed\dog_breed_dataset\west_highland_white_terrier\n02098286_437.jpg,west_highland_white_terrier
C:\Users\user\Documents\GitHub\find_breed\dog_breed_dataset\west_highland_white_terrier\n02098286_4546.jpg,west_highland_white_terrier
C:\Users\user\Documents\GitHub\find_breed\dog_breed_dataset\west_highland_white_terrier\n02098286_4827.jpg,west_highland_white_terrier
C:\Users\user\Documents\GitHub\find_breed\dog_breed_dataset\west_highland_white_terrier\n02098286_5472.jpg,west_highland_white_terrier
C:\Users\user\Documents\GitHub\find_breed\dog_breed_dataset\west_highland_white_terrier\n02098286_5604.jpg,west_highland_white_terrier
C:\Users\user\Documents\GitHub\find_breed\dog_breed_dataset\west_highland_white_terrier\n02098286_5814.jpg,west_highland_white_terrier
C:\Users\user\Documents\GitHub\find_breed\dog_breed_dataset\west_highland_white_terrier\n02098286_5902.jpg,west_highland_white_terrier
C:\Users\user\Documents\GitHub\find_breed\dog_breed_dataset\west_highland_white_terrier\n02098286_5979.jpg,west_highland_white_terrier
C:\Users\user\Documents\GitHub\find_breed\dog_breed_dataset\west_highland_white_terrier\n02098286_6148.jpg,west_highland_white_terrier
C:\Users\user\Documents\GitHub\find_breed\dog_breed_dataset\west_highland_white_terrier\n02098286_626.jpg,west_highland_white_terrier
C:\Users\user\Documents\GitHub\find_breed\dog_breed_dataset\west_highland_white_terrier\n02098286_751.jpg,west_highland_white_terrier
C:\Users\user\Documents\GitHub\find_breed\dog_breed_dataset\whippet\n02091134_10545.jpg,whippet
C:\Users\user\Documents\GitHub\find_breed\dog_breed_dataset\whippet\n02091134_10548.jpg,whippet
C:\Users\user\Documents\GitHub\find_breed\dog_breed_dataset\whippet\n02091134_10618.jpg,whippet
C:\Users\user\Documents\GitHub\find_breed\dog_breed_dataset\whippet\n02091134_11875.jpg,whippet
C:\Users\user\Documents\GitHub\find_breed\dog_breed_dataset\whippet\n02091134_1268.jpg,whippet
C:\Users\user\Documents\GitHub\find_breed\dog_breed_dataset\whippet\n02091134_13143.jpg,whippet
C:\Users\user\Documents\GitHub\find_breed\dog_breed_dataset\whippet\n02091134_14002.jpg,whippet
C:\Users\user\Documents\GitHub\find_breed\dog_breed_dataset\whippet\n02091134_14246.jpg,whippet
C:\Users\user\Documents\GitHub\find_breed\dog_breed_dataset\whippet\n02091134_14646.jpg,whippet
C:\Users\user\Documents\GitHub\find_breed\dog_breed_dataset\whippet\n02091134_14828.jpg,whippet
C:\Users\user\Documents\GitHub\find_breed\dog_breed_dataset\whippet\n02091134_15210.jpg,whippet
C:\Users\user\Documents\GitHub\find_breed\dog_breed_dataset\whippet\n02091134_15876.jpg,whippet
C:\Users\user\Documents\GitHub\find_breed\dog_breed_dataset\whippet\n02091134_16336.jpg,whippet
C:\Users\user\Documents\GitHub\find_breed\dog_breed_dataset\whippet\n02091134_17567.jpg,whippet
C:\Users\user\Documents\GitHub\find_breed\dog_breed_dataset\whippet\n02091134_17950.jpg,whippet
C:\Users\user\Documents\GitHub\find_breed\dog_breed_dataset\whippet\n02091134_18069.jpg,whippet
C:\Users\user\Documents\GitHub\find_breed\dog_breed_dataset\whippet\n02091134_18951.jpg,whippet
C:\Users\user\Documents\GitHub\find_breed\dog_breed_dataset\whippet\n02091134_19124.jpg,whippet
C:\Users\user\Documents\GitHub\find_breed\dog_breed_dataset\whippet\n02091134_19129.jpg,whippet
C:\Users\user\Documents\GitHub\find_breed\dog_breed_dataset\whippet\n02091134_19354.jpg,whippet
C:\Users\user\Documents\GitHub\find_breed\dog_breed_dataset\whippet\n02091134_20065.jpg,whippet
C:\Users\user\Documents\GitHub\find_breed\dog_breed_dataset\whippet\n02091134_4470.jpg,whippet
C:\Users\user\Documents\GitHub\find_breed\dog_breed_dataset\whippet\n02091134_4777.jpg,whippet
C:\Users\user\Documents\GitHub\find_breed\dog_breed_dataset\whippet\n02091134_5047.jpg,whippet
C:\Users\user\Documents\GitHub\find_breed\dog_breed_dataset\whippet\n02091134_6057.jpg,whippet
C:\Users\user\Documents\GitHub\find_breed\dog_breed_dataset\whippet\n02091134_6159.jpg,whippet
C:\Users\user\Documents\GitHub\find_breed\dog_breed_dataset\whippet\n02091134_732.jpg,whippet
C:\Users\user\Documents\GitHub\find_breed\dog_breed_dataset\whippet\n02091134_738.jpg,whippet
C:\Users\user\Documents\GitHub\find_breed\dog_breed_dataset\whippet\n02091134_7528.jpg,whippet
C:\Users\user\Documents\GitHub\find_breed\dog_breed_dataset\whippet\n02091134_7736.jpg,whippet
C:\Users\user\Documents\GitHub\find_breed\dog_breed_dataset\whippet\n02091134_7935.jpg,whippet
C:\Users\user\Documents\GitHub\find_breed\dog_breed_dataset\whippet\n02091134_835.jpg,whippet
C:\Users\user\Documents\GitHub\find_breed\dog_breed_dataset\whippet\n02091134_842.jpg,whippet
C:\Users\user\Documents\GitHub\find_breed\dog_breed_dataset\whippet\n02091134_9.jpg,whippet
C:\Users\user\Documents\GitHub\find_breed\dog_breed_dataset\whippet\n02091134_9433.jpg,whippet
C:\Users\user\Documents\GitHub\find_breed\dog_breed_dataset\whippet\n02091134_9740.jpg,whippet
C:\Users\user\Documents\GitHub\find_breed\dog_breed_dataset\wire_haired_fox_terrier\n02095314_1043.jpg,wire_haired_fox_terrier
C:\Users\user\Documents\GitHub\find_breed\dog_breed_dataset\wire_haired_fox_terrier\n02095314_1212.jpg,wire_haired_fox_terrier
C:\Users\user\Documents\GitHub\find_breed\dog_breed_dataset\wire_haired_fox_terrier\n02095314_138.jpg,wire_haired_fox_terrier
C:\Users\user\Documents\GitHub\find_breed\dog_breed_dataset\wire_haired_fox_terrier\n02095314_1505.jpg,wire_haired_fox_terrier
C:\Users\user\Documents\GitHub\find_breed\dog_breed_dataset\wire_haired_fox_terrier\n02095314_1672.jpg,wire_haired_fox_terrier
C:\Users\user\Documents\GitHub\find_breed\dog_breed_dataset\wire_haired_fox_terrier\n02095314_1705.jpg,wire_haired_fox_terrier
C:\Users\user\Documents\GitHub\find_breed\dog_breed_dataset\wire_haired_fox_terrier\n02095314_1717.jpg,wire_haired_fox_terrier
C:\Users\user\Documents\GitHub\find_breed\dog_breed_dataset\wire_haired_fox_terrier\n02095314_1772.jpg,wire_haired_fox_terrier
C:\Users\user\Documents\GitHub\find_breed\dog_breed_dataset\wire_haired_fox_terrier\n02095314_1814.jpg,wire_haired_fox_terrier
C:\Users\user\Documents\GitHub\find_breed\dog_breed_dataset\wire_haired_fox_terrier\n02095314_1820.jpg,wire_haired_fox_terrier
C:\Users\user\Documents\GitHub\find_breed\dog_breed_dataset\wire_haired_fox_terrier\n02095314_1866.jpg,wire_haired_fox_terrier
C:\Users\user\Documents\GitHub\find_breed\dog_breed_dataset\wire_haired_fox_terrier\n02095314_1884.jpg,wire_haired_fox_terrier
C:\Users\user\Documents\GitHub\find_breed\dog_breed_dataset\wire_haired_fox_terrier\n02095314_1894.jpg,wire_haired_fox_terrier
C:\Users\user\Documents\GitHub\find_breed\dog_breed_dataset\wire_haired_fox_terrier\n02095314_1945.jpg,wire_haired_fox_terrier
C:\Users\user\Documents\GitHub\find_breed\dog_breed_dataset\wire_haired_fox_terrier\n02095314_1969.jpg,wire_haired_fox_terrier
C:\Users\user\Documents\GitHub\find_breed\dog_breed_dataset\wire_haired_fox_terrier\n02095314_2038.jpg,wire_haired_fox_terrier
C:\Users\user\Documents\GitHub\find_breed\dog_breed_dataset\wire_haired_fox_terrier\n02095314_2059.jpg,wire_haired_fox_terrier
C:\Users\user\Documents\GitHub\find_breed\dog_breed_dataset\wire_haired_fox_terrier\n02095314_2130.jpg,wire_haired_fox_terrier
C:\Users\user\Documents\GitHub\find_breed\dog_breed_dataset\wire_haired_fox_terrier\n02095314_2162.jpg,wire_haired_fox_terrier
C:\Users\user\Documents\GitHub\find_breed\dog_breed_dataset\wire_haired_fox_terrier\n02095314_2230.jpg,wire_haired_fox_terrier
C:\Users\user\Documents\GitHub\find_breed\dog_breed_dataset\wire_haired_fox_terrier\n02095314_2256.jpg,wire_haired_fox_terrier
C:\Users\user\Documents\GitHub\find_breed\dog_breed_dataset\wire_haired_fox_terrier\n02095314_2372.jpg,wire_haired_fox_terrier
C:\Users\user\Documents\GitHub\find_breed\dog_breed_dataset\wire_haired_fox_terrier\n02095314_2519.jpg,wire_haired_fox_terrier
C:\Users\user\Documents\GitHub\find_breed\dog_breed_dataset\wire_haired_fox_terrier\n02095314_2564.jpg,wire_haired_fox_terrier
C:\Users\user\Documents\GitHub\find_breed\dog_breed_dataset\wire_haired_fox_terrier\n02095314_2609.jpg,wire_haired_fox_terrier
C:\Users\user\Documents\GitHub\find_breed\dog_breed_dataset\wire_haired_fox_terrier\n02095314_2754.jpg,wire_haired_fox_terrier
C:\Users\user\Documents\GitHub\find_breed\dog_breed_dataset\wire_haired_fox_terrier\n02095314_2803.jpg,wire_haired_fox_terrier
C:\Users\user\Documents\GitHub\find_breed\dog_breed_dataset\wire_haired_fox_terrier\n02095314_2841.jpg,wire_haired_fox_terrier
C:\Users\user\Documents\GitHub\find_breed\dog_breed_dataset\wire_haired_fox_terrier\n02095314_2863.jpg,wire_haired_fox_terrier
C:\Users\user\Documents\GitHub\find_breed\dog_breed_dataset\wire_haired_fox_terrier\n02095314_2864.jpg,wire_haired_fox_terrier
C:\Users\user\Documents\GitHub\find_breed\dog_breed_dataset\wire_haired_fox_terrier\n02095314_2932.jpg,wire_haired_fox_terrier
C:\Users\user\Documents\GitHub\find_breed\dog_breed_dataset\wire_haired_fox_terrier\n02095314_3006.jpg,wire_haired_fox_terrier
C:\Users\user\Documents\GitHub\find_breed\dog_breed_dataset\wire_haired_fox_terrier\n02095314_3052.jpg,wire_haired_fox_terrier
C:\Users\user\Documents\GitHub\find_breed\dog_breed_dataset\wire_haired_fox_terrier\n02095314_3091.jpg,wire_haired_fox_terrier
C:\Users\user\Documents\GitHub\find_breed\dog_breed_dataset\wire_haired_fox_terrier\n02095314_3166.jpg,wire_haired_fox_terrier
C:\Users\user\Documents\GitHub\find_breed\dog_breed_dataset\wire_haired_fox_terrier\n02095314_3189.jpg,wire_haired_fox_terrier
C:\Users\user\Documents\GitHub\find_breed\dog_breed_dataset\wire_haired_fox_terrier\n02095314_3227.jpg,wire_haired_fox_terrier
C:\Users\user\Documents\GitHub\find_breed\dog_breed_dataset\wire_haired_fox_terrier\n02095314_3240.jpg,wire_haired_fox_terrier
C:\Users\user\Documents\GitHub\find_breed\dog_breed_dataset\wire_haired_fox_terrier\n02095314_3242.jpg,wire_haired_fox_terrier
C:\Users\user\Documents\GitHub\find_breed\dog_breed_dataset\wire_haired_fox_terrier\n02095314_3321.jpg,wire_haired_fox_terrier
C:\Users\user\Documents\GitHub\find_breed\dog_breed_dataset\wire_haired_fox_terrier\n02095314_3343.jpg,wire_haired_fox_terrier
C:\Users\user\Documents\GitHub\find_breed\dog_breed_dataset\wire_haired_fox_terrier\n02095314_3483.jpg,wire_haired_fox_terrier
C:\Users\user\Documents\GitHub\find_breed\dog_breed_dataset\wire_haired_fox_terrier\n02095314_3495.jpg,wire_haired_fox_terrier
C:\Users\user\Documents\GitHub\find_breed\dog_breed_dataset\wire_haired_fox_terrier\n02095314_3509.jpg,wire_haired_fox_terrier
C:\Users\user\Documents\GitHub\find_breed\dog_breed_dataset\wire_haired_fox_terrier\n02095314_3527.jpg,wire_haired_fox_terrier
C:\Users\user\Documents\GitHub\find_breed\dog_breed_dataset\wire_haired_fox_terrier\n02095314_398.jpg,wire_haired_fox_terrier
C:\Users\user\Documents\GitHub\find_breed\dog_breed_dataset\wire_haired_fox_terrier\n02095314_401.jpg,wire_haired_fox_terrier
C:\Users\user\Documents\GitHub\find_breed\dog_breed_dataset\wire_haired_fox_terrier\n02095314_448.jpg,wire_haired_fox_terrier
C:\Users\user\Documents\GitHub\find_breed\dog_breed_dataset\wire_haired_fox_terrier\n02095314_550.jpg,wire_haired_fox_terrier
C:\Users\user\Documents\GitHub\find_breed\dog_breed_dataset\wire_haired_fox_terrier\n02095314_651.jpg,wire_haired_fox_terrier
C:\Users\user\Documents\GitHub\find_breed\dog_breed_dataset\wire_haired_fox_terrier\n02095314_663.jpg,wire_haired_fox_terrier
C:\Users\user\Documents\GitHub\find_breed\dog_breed_dataset\wire_haired_fox_terrier\n02095314_691.jpg,wire_haired_fox_terrier
C:\Users\user\Documents\GitHub\find_breed\dog_breed_dataset\wire_haired_fox_terrier\n02095314_725.jpg,wire_haired_fox_terrier
C:\Users\user\Documents\GitHub\find_breed\dog_breed_dataset\wire_haired_fox_terrier\n02095314_807.jpg,wire_haired_fox_terrier
C:\Users\user\Documents\GitHub\find_breed\dog_breed_dataset\yorkshire_terrier\n02094433_126.jpg,yorkshire_terrier
C:\Users\user\Documents\GitHub\find_breed\dog_breed_dataset\yorkshire_terrier\n02094433_1765.jpg,yorkshire_terrier
C:\Users\user\Documents\GitHub\find_breed\dog_breed_dataset\yorkshire_terrier\n02094433_1770.jpg,yorkshire_terrier
C:\Users\user\Documents\GitHub\find_breed\dog_breed_dataset\yorkshire_terrier\n02094433_2340.jpg,yorkshire_terrier
C:\Users\user\Documents\GitHub\find_breed\dog_breed_dataset\yorkshire_terrier\n02094433_2564.jpg,yorkshire_terrier
C:\Users\user\Documents\GitHub\find_breed\dog_breed_dataset\yorkshire_terrier\n02094433_3640.jpg,yorkshire_terrier
C:\Users\user\Documents\GitHub\find_breed\dog_breed_dataset\yorkshire_terrier\n02094433_3905.jpg,yorkshire_terrier
C:\Users\user\Documents\GitHub\find_breed\dog_breed_dataset\yorkshire_terrier\n02094433_4588.jpg,yorkshire_terrier
C:\Users\user\Documents\GitHub\find_breed\dog_breed_dataset\yorkshire_terrier\n02094433_4624.jpg,yorkshire_terrier
C:\Users\user\Documents\GitHub\find_breed\dog_breed_dataset\yorkshire_terrier\n02094433_478.jpg,yorkshire_terrier
C:\Users\user\Documents\GitHub\find_breed\dog_breed_dataset\yorkshire_terrier\n02094433_5155.jpg,yorkshire_terrier
C:\Users\user\Documents\GitHub\find_breed\dog_breed_dataset\yorkshire_terrier\n02094433_5356.jpg,yorkshire_terrier
C:\Users\user\Documents\GitHub\find_breed\dog_breed_dataset\yorkshire_terrier\n02094433_708.jpg,yorkshire_terrier
